CustomerID,Tenure,PreferredLoginDevice,CityTier,WarehouseToHome,PreferredPaymentMode,Gender,HourSpendOnApp,NumberOfDeviceRegistered,PreferedOrderCat,SatisfactionScore,MaritalStatus,NumberOfAddress,Complain,OrderAmountHikeFromlastYear,CouponUsed,OrderCount,DaySinceLastOrder,CashbackAmount
C000001,39,Mobile Phone,1,41,UPI,Female,4,6,Others,3,Single,1,0,23,2,9,2,317
C000002,52,Computer,2,15,UPI,Male,1,6,Others,1,Divorced,7,0,8,0,15,9,325
C000003,29,Mobile Phone,1,11,Debit Card,Female,4,6,Mobile Phone,5,Divorced,7,0,2,2,4,6,354
C000004,15,Computer,2,39,Cash on Delivery,Female,4,1,Grocery,5,Single,7,0,29,7,8,22,126
C000005,43,Computer,1,15,Cash on Delivery,Male,2,3,Fashion,4,Married,2,0,12,3,10,3,159
C000006,8,Mobile Phone,1,47,Credit Card,Female,5,5,Laptop & Accessory,5,Single,1,0,25,5,15,5,422
C000007,21,Mobile Phone,1,44,Credit Card,Female,4,5,Fashion,4,Single,5,0,2,9,3,12,146
C000008,39,Tablet,2,25,E wallet,Male,5,5,Grocery,4,Married,3,0,8,4,7,14,396
C000009,58,Mobile Phone,3,7,UPI,Male,3,4,Grocery,1,Married,3,0,27,5,8,11,123
C000010,19,Mobile Phone,1,34,Debit Card,Female,1,4,Fashion,2,Single,6,0,8,0,4,16,174
C000011,23,Mobile Phone,2,28,UPI,Female,1,4,Fashion,3,Single,6,0,12,1,9,14,429
C000012,11,Mobile Phone,1,42,Cash on Delivery,Female,3,3,Mobile Phone,2,Single,7,1,22,8,10,24,153
C000013,11,Mobile Phone,2,7,E wallet,Female,2,3,Fashion,5,Single,6,0,20,2,10,2,419
C000014,24,Computer,1,41,UPI,Female,3,3,Fashion,2,Married,4,1,16,1,11,6,87
C000015,53,Tablet,2,37,E wallet,Female,3,3,Mobile Phone,2,Married,2,0,8,4,9,13,181
C000016,36,Mobile Phone,2,26,UPI,Female,2,3,Grocery,4,Married,3,0,11,9,10,26,316
C000017,40,Mobile Phone,3,35,Cash on Delivery,Female,2,5,Others,1,Single,7,0,5,10,2,1,109
C000018,24,Mobile Phone,1,50,Cash on Delivery,Female,4,5,Mobile Phone,5,Single,6,0,2,4,3,27,373
C000019,3,Mobile Phone,3,16,UPI,Male,5,3,Fashion,3,Single,4,0,20,5,12,8,272
C000020,22,Mobile Phone,2,49,Debit Card,Female,1,5,Laptop & Accessory,4,Divorced,3,0,10,2,12,10,144
C000021,53,Tablet,3,18,Cash on Delivery,Male,2,3,Fashion,3,Single,5,0,30,10,14,11,109
C000022,2,Computer,1,16,Credit Card,Female,2,3,Laptop & Accessory,1,Single,2,0,28,4,3,29,250
C000023,24,Mobile Phone,1,31,Debit Card,Male,4,3,Mobile Phone,2,Single,2,0,12,4,13,6,366
C000024,44,Mobile Phone,3,17,UPI,Male,4,5,Others,2,Single,6,1,24,10,12,5,374
C000025,30,Mobile Phone,1,28,Debit Card,Female,5,2,Others,1,Married,1,0,13,10,2,17,92
C000026,38,Mobile Phone,1,42,Credit Card,Male,2,2,Laptop & Accessory,5,Single,6,0,14,7,7,2,393
C000027,2,Mobile Phone,1,13,Cash on Delivery,Male,2,6,Grocery,4,Married,7,0,14,4,7,18,175
C000028,60,Mobile Phone,3,12,Cash on Delivery,Male,4,6,Laptop & Accessory,2,Divorced,4,0,16,10,6,11,372
C000029,21,Tablet,1,41,Cash on Delivery,Male,3,2,Laptop & Accessory,1,Married,5,0,13,0,5,18,476
C000030,33,Mobile Phone,3,19,Credit Card,Female,5,1,Mobile Phone,4,Single,1,0,15,0,8,5,341
C000031,12,Mobile Phone,2,11,Debit Card,Male,2,2,Fashion,4,Single,5,0,9,0,8,10,277
C000032,58,Computer,1,28,UPI,Female,1,2,Grocery,1,Married,1,0,16,8,4,11,444
C000033,22,Mobile Phone,2,20,UPI,Male,1,2,Laptop & Accessory,2,Divorced,7,0,25,6,3,1,438
C000034,44,Mobile Phone,1,28,Debit Card,Male,4,4,Mobile Phone,5,Married,1,1,15,2,1,9,243
C000035,25,Mobile Phone,2,47,Cash on Delivery,Female,1,3,Grocery,2,Single,2,0,13,10,7,12,279
C000036,49,Mobile Phone,2,11,UPI,Male,4,6,Others,2,Single,5,0,12,9,13,16,103
C000037,27,Computer,2,47,Cash on Delivery,Female,3,5,Others,2,Married,4,0,3,1,12,15,318
C000038,59,Mobile Phone,1,32,E wallet,Female,4,4,Mobile Phone,2,Single,4,0,21,1,12,19,445
C000039,42,Computer,2,6,E wallet,Female,2,3,Grocery,3,Single,1,0,2,5,6,2,65
C000040,28,Mobile Phone,3,38,UPI,Male,1,2,Fashion,1,Married,1,0,2,5,14,10,343
C000041,60,Mobile Phone,2,42,Debit Card,Male,2,2,Mobile Phone,5,Married,5,1,14,5,15,18,257
C000042,16,Computer,3,7,Debit Card,Female,1,4,Fashion,5,Single,2,1,3,1,13,8,124
C000043,15,Mobile Phone,1,5,Debit Card,Female,1,5,Laptop & Accessory,3,Single,2,1,15,6,3,23,250
C000044,47,Mobile Phone,3,35,Cash on Delivery,Male,4,4,Fashion,5,Single,5,0,27,10,3,7,201
C000045,51,Mobile Phone,1,27,E wallet,Male,5,4,Mobile Phone,3,Single,5,0,29,9,2,0,148
C000046,44,Mobile Phone,1,24,Cash on Delivery,Female,1,6,Grocery,3,Married,2,0,0,2,11,17,329
C000047,55,Mobile Phone,3,20,Credit Card,Male,1,3,Fashion,5,Married,1,1,4,0,15,22,421
C000048,52,Mobile Phone,3,50,Credit Card,Female,5,1,Laptop & Accessory,5,Single,2,0,7,2,8,23,343
C000049,57,Mobile Phone,2,36,UPI,Male,2,6,Grocery,2,Married,3,0,30,5,8,14,399
C000050,3,Mobile Phone,1,21,Credit Card,Female,1,5,Others,3,Single,3,0,29,6,6,27,212
C000051,37,Tablet,1,22,Debit Card,Male,4,5,Others,4,Married,5,0,5,9,8,29,70
C000052,51,Mobile Phone,2,8,UPI,Male,5,4,Grocery,1,Single,3,0,2,10,8,17,423
C000053,7,Computer,3,39,E wallet,Male,5,4,Mobile Phone,2,Single,4,1,19,2,9,0,293
C000054,21,Mobile Phone,1,44,E wallet,Male,1,2,Fashion,3,Single,3,0,4,9,9,27,194
C000055,9,Mobile Phone,3,40,Credit Card,Female,2,4,Fashion,2,Single,6,0,13,7,15,27,137
C000056,39,Computer,1,27,Credit Card,Male,2,3,Grocery,2,Single,2,0,10,2,12,14,497
C000057,18,Mobile Phone,3,19,E wallet,Female,3,2,Fashion,1,Married,3,1,4,5,12,17,332
C000058,4,Computer,3,17,Credit Card,Female,3,1,Others,5,Single,1,0,1,10,3,20,399
C000059,25,Mobile Phone,2,18,Credit Card,Female,4,3,Grocery,5,Married,5,0,18,1,11,12,170
C000060,60,Mobile Phone,1,18,Cash on Delivery,Male,1,5,Fashion,1,Married,1,0,25,8,12,0,382
C000061,14,Mobile Phone,3,41,E wallet,Female,2,5,Laptop & Accessory,2,Married,3,0,15,6,6,23,372
C000062,50,Mobile Phone,2,9,E wallet,Female,3,3,Mobile Phone,3,Single,7,0,29,7,7,12,333
C000063,58,Computer,2,26,Credit Card,Female,1,6,Laptop & Accessory,5,Single,1,0,7,10,7,12,102
C000064,9,Mobile Phone,2,32,Debit Card,Female,1,4,Laptop & Accessory,4,Divorced,7,0,28,10,12,15,495
C000065,26,Tablet,1,49,Cash on Delivery,Female,2,4,Fashion,3,Married,4,0,16,1,2,30,455
C000066,53,Tablet,3,8,Debit Card,Male,1,4,Grocery,2,Married,1,1,19,9,12,26,323
C000067,2,Mobile Phone,1,42,Credit Card,Male,5,5,Others,4,Single,4,0,1,3,5,28,83
C000068,20,Mobile Phone,3,33,E wallet,Male,3,3,Grocery,3,Single,2,0,8,7,12,26,187
C000069,28,Computer,1,41,Debit Card,Male,4,4,Fashion,1,Married,6,0,26,8,4,15,87
C000070,47,Tablet,2,39,UPI,Male,3,6,Fashion,4,Single,1,1,11,3,3,4,491
C000071,60,Mobile Phone,1,24,Debit Card,Male,1,2,Others,2,Married,3,0,12,5,12,19,495
C000072,7,Mobile Phone,1,39,E wallet,Female,5,5,Laptop & Accessory,4,Married,2,0,14,4,11,12,466
C000073,44,Mobile Phone,1,39,Credit Card,Female,3,6,Laptop & Accessory,1,Married,5,0,22,5,13,18,457
C000074,8,Mobile Phone,2,24,Debit Card,Female,2,3,Grocery,5,Married,5,1,21,2,13,21,62
C000075,47,Mobile Phone,2,6,Credit Card,Male,5,6,Mobile Phone,5,Married,7,1,19,4,9,12,177
C000076,35,Computer,3,22,Cash on Delivery,Female,3,3,Fashion,5,Married,3,0,0,10,15,6,216
C000077,14,Mobile Phone,1,34,UPI,Female,1,3,Others,1,Married,6,0,24,6,15,4,290
C000078,17,Mobile Phone,2,46,E wallet,Male,2,3,Grocery,3,Single,4,0,2,3,7,5,412
C000079,36,Mobile Phone,3,33,E wallet,Male,1,1,Others,1,Married,1,0,28,4,1,0,264
C000080,50,Mobile Phone,1,43,Credit Card,Male,1,2,Laptop & Accessory,4,Married,5,0,18,5,2,19,208
C000081,40,Mobile Phone,2,26,UPI,Male,2,6,Laptop & Accessory,3,Married,1,0,21,8,6,24,281
C000082,4,Mobile Phone,2,33,E wallet,Male,5,1,Grocery,5,Married,6,0,28,8,3,8,187
C000083,2,Mobile Phone,1,50,Debit Card,Female,3,6,Mobile Phone,1,Single,6,0,29,8,9,12,109
C000084,6,Mobile Phone,1,14,E wallet,Female,5,4,Laptop & Accessory,2,Single,2,0,21,0,13,18,498
C000085,54,Mobile Phone,2,24,Debit Card,Male,2,6,Others,5,Married,1,0,10,2,8,21,307
C000086,42,Tablet,1,20,E wallet,Male,3,1,Fashion,2,Divorced,7,0,19,1,5,3,179
C000087,4,Mobile Phone,2,10,Debit Card,Male,2,1,Fashion,3,Married,5,0,20,5,6,29,292
C000088,54,Mobile Phone,3,21,Cash on Delivery,Male,4,5,Mobile Phone,5,Married,7,0,20,8,11,22,330
C000089,29,Mobile Phone,2,10,Credit Card,Male,4,3,Grocery,1,Married,4,1,12,1,7,14,143
C000090,18,Tablet,2,26,Cash on Delivery,Female,5,1,Mobile Phone,2,Divorced,6,0,10,6,9,19,193
C000091,26,Mobile Phone,1,22,Debit Card,Female,2,3,Others,1,Married,5,0,21,0,15,21,176
C000092,44,Mobile Phone,3,36,Credit Card,Male,3,2,Mobile Phone,5,Single,3,0,18,9,5,30,133
C000093,34,Computer,1,32,UPI,Male,5,1,Fashion,1,Married,5,0,13,9,14,0,258
C000094,10,Mobile Phone,2,46,Debit Card,Male,4,5,Laptop & Accessory,5,Married,1,0,10,9,12,28,439
C000095,36,Mobile Phone,3,14,E wallet,Male,4,5,Laptop & Accessory,4,Single,1,0,8,3,7,12,169
C000096,14,Mobile Phone,2,45,E wallet,Female,4,4,Grocery,1,Married,4,0,6,0,11,10,77
C000097,31,Mobile Phone,2,26,UPI,Male,5,1,Others,4,Single,5,0,3,0,15,26,119
C000098,48,Mobile Phone,2,32,Cash on Delivery,Male,3,2,Grocery,2,Married,2,0,2,9,2,3,50
C000099,15,Computer,1,19,Debit Card,Male,4,3,Mobile Phone,1,Married,6,0,11,6,5,27,94
C000100,8,Mobile Phone,3,47,E wallet,Female,5,6,Mobile Phone,1,Single,7,0,9,9,11,10,411
C000101,14,Computer,1,33,Credit Card,Female,5,6,Mobile Phone,2,Married,2,0,6,4,6,7,319
C000102,23,Mobile Phone,2,11,UPI,Male,1,6,Others,1,Single,6,0,26,7,11,30,76
C000103,60,Computer,1,38,Cash on Delivery,Male,1,6,Laptop & Accessory,5,Single,6,0,4,1,4,2,254
C000104,57,Mobile Phone,3,36,Cash on Delivery,Female,3,1,Fashion,4,Married,2,0,28,5,5,22,472
C000105,40,Mobile Phone,1,6,Credit Card,Male,4,4,Fashion,3,Married,3,1,15,8,2,20,127
C000106,21,Mobile Phone,2,30,Credit Card,Female,1,5,Mobile Phone,5,Single,6,0,17,2,6,9,177
C000107,16,Tablet,2,49,UPI,Male,3,6,Mobile Phone,3,Married,2,0,21,5,7,21,265
C000108,45,Mobile Phone,2,15,Credit Card,Female,1,1,Mobile Phone,2,Married,7,0,18,8,2,10,314
C000109,18,Mobile Phone,1,29,E wallet,Female,4,4,Others,2,Married,6,0,12,2,3,4,71
C000110,47,Mobile Phone,2,23,Cash on Delivery,Male,5,2,Fashion,1,Married,3,0,6,4,9,21,438
C000111,53,Mobile Phone,1,24,Credit Card,Male,4,6,Grocery,5,Divorced,2,1,28,5,5,13,212
C000112,24,Mobile Phone,2,37,Debit Card,Female,1,3,Laptop & Accessory,3,Married,6,0,29,0,10,3,461
C000113,26,Mobile Phone,1,21,Credit Card,Male,4,2,Grocery,4,Married,4,0,9,7,8,18,278
C000114,25,Mobile Phone,2,34,Cash on Delivery,Male,5,2,Laptop & Accessory,5,Married,5,0,4,9,10,11,231
C000115,60,Mobile Phone,1,22,E wallet,Male,2,6,Others,2,Married,7,0,6,2,5,24,399
C000116,60,Mobile Phone,3,36,Credit Card,Male,5,3,Laptop & Accessory,5,Married,3,0,29,9,9,29,186
C000117,60,Mobile Phone,2,44,E wallet,Female,1,1,Others,4,Single,1,0,3,7,4,22,162
C000118,45,Computer,1,49,Debit Card,Female,5,3,Fashion,5,Single,3,0,13,0,4,6,224
C000119,41,Mobile Phone,2,8,Cash on Delivery,Female,3,4,Laptop & Accessory,1,Married,7,0,11,3,5,24,139
C000120,29,Mobile Phone,3,36,UPI,Male,4,2,Mobile Phone,4,Single,7,0,0,3,15,23,134
C000121,15,Mobile Phone,1,23,Cash on Delivery,Male,2,6,Mobile Phone,3,Married,5,0,14,7,7,9,130
C000122,45,Tablet,2,7,UPI,Male,2,3,Others,2,Married,3,1,0,3,2,30,211
C000123,1,Tablet,2,42,UPI,Male,4,5,Fashion,5,Married,6,0,13,3,1,19,260
C000124,25,Computer,1,32,Cash on Delivery,Female,4,3,Others,4,Married,6,1,22,6,2,21,414
C000125,7,Mobile Phone,3,42,UPI,Male,3,3,Grocery,1,Single,3,0,10,9,3,20,275
C000126,9,Mobile Phone,1,10,E wallet,Female,5,4,Grocery,1,Married,5,0,24,7,5,24,250
C000127,24,Mobile Phone,1,44,Debit Card,Male,2,6,Grocery,3,Single,2,0,28,5,13,20,497
C000128,1,Mobile Phone,3,21,Credit Card,Female,1,2,Mobile Phone,2,Divorced,6,1,5,3,10,20,316
C000129,44,Mobile Phone,2,46,UPI,Male,4,4,Grocery,1,Married,6,0,15,6,3,23,127
C000130,8,Computer,3,9,UPI,Female,4,4,Laptop & Accessory,2,Married,5,0,12,8,7,23,298
C000131,24,Computer,2,23,Cash on Delivery,Male,2,5,Grocery,4,Single,4,0,2,1,8,0,397
C000132,11,Computer,2,47,E wallet,Female,4,4,Mobile Phone,5,Single,7,0,24,2,1,4,155
C000133,51,Mobile Phone,3,46,Credit Card,Male,2,6,Laptop & Accessory,3,Married,2,0,8,0,6,12,342
C000134,17,Mobile Phone,1,39,UPI,Male,1,4,Fashion,1,Single,6,0,28,6,1,13,493
C000135,8,Mobile Phone,3,26,E wallet,Male,1,5,Others,5,Married,7,0,11,5,12,6,237
C000136,35,Mobile Phone,2,28,Credit Card,Male,2,1,Others,1,Single,3,0,16,9,13,3,108
C000137,35,Computer,1,14,Cash on Delivery,Female,4,4,Laptop & Accessory,3,Married,6,1,9,7,3,4,388
C000138,33,Mobile Phone,2,6,UPI,Female,3,3,Laptop & Accessory,1,Married,6,0,4,1,12,23,175
C000139,59,Mobile Phone,1,32,Cash on Delivery,Female,3,4,Others,3,Married,6,1,2,4,3,6,345
C000140,5,Mobile Phone,2,45,Cash on Delivery,Male,5,2,Others,5,Married,5,0,24,0,13,18,221
C000141,42,Mobile Phone,2,41,UPI,Male,3,3,Laptop & Accessory,4,Married,4,0,22,9,3,7,239
C000142,39,Computer,3,21,E wallet,Male,4,3,Others,3,Married,4,1,3,8,12,10,162
C000143,58,Mobile Phone,1,10,E wallet,Male,3,1,Fashion,4,Married,7,0,4,1,7,14,123
C000144,41,Computer,2,47,Cash on Delivery,Female,5,2,Grocery,2,Single,1,0,24,6,2,7,213
C000145,28,Mobile Phone,1,9,Cash on Delivery,Female,1,2,Grocery,5,Married,4,0,27,6,10,20,238
C000146,7,Mobile Phone,2,43,Debit Card,Female,2,2,Fashion,3,Married,1,0,13,3,14,30,129
C000147,9,Computer,2,11,Credit Card,Female,3,4,Grocery,5,Married,4,0,15,5,10,26,320
C000148,8,Mobile Phone,2,36,Cash on Delivery,Female,2,4,Grocery,4,Divorced,5,0,19,1,4,16,131
C000149,12,Tablet,3,8,Cash on Delivery,Male,2,3,Grocery,4,Married,3,1,6,1,6,27,55
C000150,34,Mobile Phone,3,25,Credit Card,Female,1,1,Mobile Phone,5,Single,7,0,4,8,13,4,91
C000151,33,Mobile Phone,1,46,UPI,Female,5,4,Fashion,5,Married,2,0,16,0,7,27,496
C000152,48,Mobile Phone,1,36,E wallet,Female,4,6,Others,4,Single,4,0,30,5,5,17,414
C000153,55,Computer,2,22,UPI,Female,4,6,Laptop & Accessory,5,Single,4,1,10,0,2,30,161
C000154,23,Mobile Phone,2,37,Credit Card,Male,4,4,Fashion,4,Single,1,0,16,10,1,9,412
C000155,24,Computer,1,18,Credit Card,Male,5,1,Fashion,2,Single,3,0,21,10,13,16,136
C000156,37,Mobile Phone,2,10,Debit Card,Male,5,2,Mobile Phone,4,Married,5,0,17,5,8,9,142
C000157,35,Mobile Phone,2,15,Debit Card,Female,5,3,Mobile Phone,1,Single,5,0,26,3,4,17,416
C000158,44,Mobile Phone,1,50,E wallet,Female,3,4,Grocery,4,Single,3,1,20,4,5,1,288
C000159,40,Mobile Phone,3,24,Cash on Delivery,Female,2,1,Mobile Phone,2,Single,5,0,1,3,4,27,80
C000160,22,Mobile Phone,2,33,Credit Card,Male,5,1,Others,4,Married,2,0,25,4,14,30,396
C000161,27,Computer,1,39,Debit Card,Male,5,2,Others,5,Single,6,0,16,2,10,7,340
C000162,35,Mobile Phone,1,20,UPI,Male,3,5,Grocery,2,Single,5,0,7,10,6,3,76
C000163,1,Mobile Phone,3,11,Debit Card,Female,2,5,Mobile Phone,3,Married,2,0,19,10,4,9,467
C000164,35,Mobile Phone,3,44,UPI,Male,4,5,Grocery,4,Single,4,0,9,5,3,22,330
C000165,37,Mobile Phone,2,40,Debit Card,Male,1,5,Laptop & Accessory,5,Married,5,0,29,0,4,27,374
C000166,47,Mobile Phone,1,48,UPI,Male,5,4,Mobile Phone,3,Divorced,6,0,12,1,11,17,390
C000167,14,Mobile Phone,3,48,Debit Card,Female,5,6,Mobile Phone,3,Married,5,0,20,5,13,28,380
C000168,3,Mobile Phone,2,35,Debit Card,Female,1,6,Mobile Phone,3,Single,2,0,5,8,7,11,169
C000169,1,Mobile Phone,3,46,E wallet,Male,5,1,Mobile Phone,1,Married,4,1,21,4,15,22,282
C000170,5,Mobile Phone,3,48,Cash on Delivery,Male,5,6,Others,5,Married,6,1,14,1,10,25,439
C000171,26,Mobile Phone,1,47,Credit Card,Male,5,6,Grocery,1,Married,7,0,3,4,1,25,154
C000172,55,Mobile Phone,2,47,Cash on Delivery,Male,1,3,Others,5,Single,4,0,17,5,15,27,96
C000173,14,Mobile Phone,1,10,E wallet,Female,3,6,Grocery,5,Single,1,1,27,1,3,19,361
C000174,39,Mobile Phone,1,33,UPI,Female,3,6,Laptop & Accessory,2,Married,4,0,1,10,3,22,215
C000175,27,Computer,3,31,Cash on Delivery,Male,1,6,Mobile Phone,3,Married,6,0,0,10,15,4,459
C000176,9,Computer,3,47,Credit Card,Male,3,4,Fashion,4,Married,3,0,4,9,9,2,333
C000177,15,Computer,2,6,Credit Card,Male,4,5,Others,2,Single,7,1,21,10,13,17,376
C000178,15,Mobile Phone,2,26,UPI,Male,4,3,Fashion,4,Married,1,1,27,10,15,9,178
C000179,26,Computer,1,13,Credit Card,Male,1,3,Laptop & Accessory,3,Single,6,0,9,6,6,8,474
C000180,42,Computer,1,15,E wallet,Female,2,6,Fashion,5,Single,4,0,15,7,10,0,166
C000181,60,Computer,1,20,Cash on Delivery,Female,5,6,Laptop & Accessory,2,Married,6,1,17,7,1,0,225
C000182,13,Mobile Phone,2,49,Credit Card,Female,2,5,Others,1,Single,2,0,13,5,11,27,254
C000183,51,Mobile Phone,2,17,Cash on Delivery,Male,5,3,Laptop & Accessory,5,Single,6,0,18,10,2,26,410
C000184,32,Computer,1,22,Debit Card,Male,3,4,Others,1,Married,7,0,26,3,7,15,390
C000185,39,Mobile Phone,3,29,Cash on Delivery,Female,3,2,Others,5,Married,7,0,2,1,2,1,178
C000186,49,Mobile Phone,1,37,UPI,Male,4,4,Fashion,5,Married,3,0,26,9,14,6,386
C000187,52,Mobile Phone,3,14,E wallet,Female,2,4,Grocery,3,Married,1,1,10,0,9,8,133
C000188,32,Mobile Phone,2,34,Credit Card,Male,1,2,Grocery,2,Married,5,0,6,7,14,9,271
C000189,4,Mobile Phone,1,5,E wallet,Female,5,5,Grocery,4,Single,7,0,7,4,2,26,450
C000190,30,Mobile Phone,3,37,Cash on Delivery,Female,3,5,Mobile Phone,3,Divorced,6,0,10,8,15,22,204
C000191,37,Mobile Phone,2,19,Credit Card,Male,5,2,Fashion,4,Single,2,1,28,10,4,3,349
C000192,23,Mobile Phone,2,33,E wallet,Male,1,6,Laptop & Accessory,5,Divorced,3,0,1,7,2,14,474
C000193,39,Mobile Phone,2,6,UPI,Male,5,4,Grocery,1,Single,2,0,4,1,8,22,53
C000194,45,Mobile Phone,1,15,Debit Card,Female,4,1,Fashion,4,Married,6,0,6,8,11,21,466
C000195,15,Mobile Phone,2,38,Debit Card,Female,1,3,Mobile Phone,1,Married,1,1,23,10,1,30,178
C000196,43,Mobile Phone,3,45,UPI,Male,1,3,Fashion,4,Divorced,3,0,25,3,15,9,316
C000197,29,Computer,1,23,Debit Card,Female,5,3,Laptop & Accessory,1,Married,1,1,2,2,15,25,441
C000198,36,Mobile Phone,1,6,UPI,Female,5,1,Grocery,3,Single,1,0,13,8,4,19,276
C000199,13,Mobile Phone,3,24,Cash on Delivery,Female,3,4,Laptop & Accessory,4,Single,4,0,21,1,8,11,241
C000200,32,Mobile Phone,1,45,UPI,Male,5,5,Mobile Phone,3,Single,2,0,8,5,2,6,363
C000201,7,Computer,2,35,Debit Card,Female,1,6,Laptop & Accessory,3,Single,7,0,3,9,4,5,109
C000202,59,Mobile Phone,2,8,Cash on Delivery,Male,5,2,Mobile Phone,1,Married,4,1,5,6,1,14,79
C000203,51,Mobile Phone,2,33,UPI,Male,3,3,Laptop & Accessory,4,Divorced,7,0,19,7,3,27,101
C000204,22,Mobile Phone,2,34,UPI,Female,2,6,Mobile Phone,4,Married,4,0,4,2,12,28,345
C000205,28,Mobile Phone,1,17,Cash on Delivery,Female,4,1,Fashion,2,Married,2,1,2,9,9,18,301
C000206,2,Computer,1,19,Credit Card,Male,1,6,Fashion,1,Married,3,0,28,1,5,15,265
C000207,42,Computer,2,24,Debit Card,Female,3,2,Fashion,4,Married,2,0,3,1,11,25,436
C000208,45,Mobile Phone,2,38,Credit Card,Female,4,4,Fashion,5,Married,5,0,18,1,6,17,464
C000209,57,Mobile Phone,2,32,Cash on Delivery,Male,5,1,Laptop & Accessory,2,Married,3,0,3,9,5,23,113
C000210,53,Mobile Phone,2,24,Cash on Delivery,Male,5,6,Others,4,Married,4,0,5,6,12,20,154
C000211,6,Mobile Phone,1,29,E wallet,Female,2,1,Mobile Phone,1,Married,1,0,17,9,1,30,373
C000212,28,Mobile Phone,1,31,E wallet,Female,5,2,Mobile Phone,5,Divorced,1,0,11,3,4,20,377
C000213,28,Mobile Phone,3,34,Cash on Delivery,Male,4,2,Others,4,Married,4,1,25,6,4,22,213
C000214,44,Mobile Phone,2,45,E wallet,Female,3,3,Mobile Phone,3,Married,3,0,0,5,15,24,51
C000215,44,Mobile Phone,1,24,UPI,Male,2,4,Mobile Phone,3,Single,6,0,23,10,5,14,180
C000216,20,Computer,1,5,Credit Card,Male,4,2,Fashion,5,Married,5,0,18,3,12,23,480
C000217,30,Mobile Phone,1,39,Cash on Delivery,Male,3,3,Mobile Phone,5,Married,3,0,3,4,11,20,433
C000218,11,Computer,1,47,UPI,Male,4,6,Mobile Phone,5,Married,7,0,30,10,3,26,400
C000219,58,Computer,3,28,Debit Card,Male,5,3,Grocery,5,Married,2,1,3,7,15,0,236
C000220,55,Mobile Phone,3,29,Debit Card,Female,4,2,Mobile Phone,1,Married,5,0,19,5,4,20,59
C000221,28,Computer,3,44,E wallet,Female,2,1,Others,3,Married,2,0,23,2,4,13,459
C000222,25,Mobile Phone,3,16,E wallet,Male,4,6,Mobile Phone,4,Divorced,7,0,13,9,11,17,424
C000223,39,Mobile Phone,3,15,UPI,Male,1,1,Others,4,Married,3,1,3,7,15,25,307
C000224,33,Mobile Phone,2,34,Debit Card,Male,5,1,Mobile Phone,3,Married,4,1,2,6,3,28,319
C000225,1,Tablet,1,17,Cash on Delivery,Male,4,3,Others,4,Married,4,1,27,3,8,2,51
C000226,57,Mobile Phone,3,29,Credit Card,Male,3,1,Mobile Phone,3,Single,2,0,21,1,7,24,367
C000227,27,Mobile Phone,1,29,E wallet,Male,5,4,Mobile Phone,2,Single,5,0,28,1,12,2,108
C000228,57,Computer,1,21,UPI,Female,3,1,Grocery,3,Single,2,1,17,1,15,0,67
C000229,52,Mobile Phone,1,16,E wallet,Male,2,6,Grocery,4,Married,5,0,9,1,15,24,396
C000230,13,Mobile Phone,2,15,UPI,Male,1,6,Mobile Phone,2,Married,1,0,30,7,6,29,442
C000231,41,Computer,1,14,Debit Card,Female,4,1,Grocery,4,Married,3,0,11,4,6,6,109
C000232,3,Computer,1,21,E wallet,Female,5,3,Laptop & Accessory,1,Married,7,0,24,10,7,12,102
C000233,39,Tablet,2,49,UPI,Male,4,6,Laptop & Accessory,4,Single,4,0,12,9,2,23,401
C000234,6,Tablet,3,20,UPI,Male,4,5,Fashion,2,Married,4,0,4,6,11,7,188
C000235,8,Mobile Phone,2,24,E wallet,Male,5,4,Fashion,3,Single,6,0,29,6,10,17,495
C000236,27,Computer,3,9,Credit Card,Male,1,3,Laptop & Accessory,4,Married,5,1,22,1,10,14,454
C000237,9,Mobile Phone,1,45,Cash on Delivery,Male,1,4,Fashion,3,Married,6,0,0,7,13,10,146
C000238,37,Mobile Phone,1,36,Debit Card,Male,2,4,Mobile Phone,4,Married,1,1,1,10,11,10,146
C000239,33,Mobile Phone,2,31,E wallet,Female,5,1,Mobile Phone,5,Single,4,0,29,5,3,10,451
C000240,51,Mobile Phone,2,8,E wallet,Male,5,4,Fashion,4,Single,6,0,2,7,8,28,457
C000241,42,Tablet,2,45,Credit Card,Male,3,1,Laptop & Accessory,5,Married,6,0,29,2,15,19,445
C000242,44,Computer,3,11,Debit Card,Female,3,4,Others,4,Single,2,0,19,2,3,9,495
C000243,24,Mobile Phone,3,50,E wallet,Male,3,6,Mobile Phone,4,Single,7,0,25,9,3,16,177
C000244,15,Mobile Phone,3,18,Credit Card,Female,1,5,Grocery,5,Married,2,0,18,2,5,29,262
C000245,59,Mobile Phone,1,43,Cash on Delivery,Female,2,4,Others,1,Married,6,1,1,8,13,8,289
C000246,54,Computer,1,28,UPI,Female,2,2,Grocery,3,Married,4,0,13,5,8,4,55
C000247,32,Computer,2,22,Cash on Delivery,Male,4,1,Mobile Phone,2,Married,5,0,21,8,9,27,279
C000248,32,Mobile Phone,1,42,Cash on Delivery,Female,2,5,Fashion,4,Married,3,0,16,1,14,25,312
C000249,24,Mobile Phone,1,43,Cash on Delivery,Female,3,1,Grocery,2,Married,1,1,23,10,14,5,171
C000250,41,Mobile Phone,1,44,Cash on Delivery,Male,5,5,Laptop & Accessory,1,Single,6,0,16,10,5,22,323
C000251,52,Mobile Phone,1,5,UPI,Female,4,1,Grocery,4,Married,6,1,25,9,6,11,135
C000252,49,Computer,1,21,Debit Card,Female,1,2,Laptop & Accessory,5,Married,6,0,1,8,3,25,273
C000253,49,Mobile Phone,1,30,Debit Card,Female,2,6,Others,5,Married,3,0,13,9,10,5,112
C000254,58,Mobile Phone,2,26,Credit Card,Male,5,2,Others,4,Married,1,0,18,2,11,26,342
C000255,52,Mobile Phone,2,43,Credit Card,Female,3,5,Fashion,5,Married,4,0,19,9,3,28,356
C000256,12,Mobile Phone,2,22,E wallet,Female,1,3,Laptop & Accessory,1,Married,7,0,4,9,2,27,69
C000257,39,Tablet,2,42,Cash on Delivery,Male,1,1,Fashion,3,Single,6,0,19,7,2,8,254
C000258,2,Mobile Phone,1,32,Cash on Delivery,Female,2,3,Grocery,3,Married,5,0,5,2,6,10,238
C000259,3,Mobile Phone,1,25,UPI,Male,5,4,Fashion,1,Married,2,1,2,3,12,9,469
C000260,49,Mobile Phone,1,42,Cash on Delivery,Female,3,2,Grocery,5,Single,6,0,7,8,13,6,206
C000261,37,Mobile Phone,3,37,UPI,Male,3,1,Others,3,Single,7,0,26,9,1,28,348
C000262,49,Mobile Phone,2,34,E wallet,Male,3,2,Fashion,5,Married,6,0,15,3,14,2,157
C000263,56,Computer,1,46,Credit Card,Female,3,4,Others,5,Single,2,0,1,5,13,13,433
C000264,17,Mobile Phone,1,12,Credit Card,Female,2,6,Grocery,2,Single,2,0,8,6,15,18,326
C000265,59,Mobile Phone,3,34,E wallet,Male,2,5,Laptop & Accessory,3,Single,6,1,22,9,13,2,115
C000266,49,Mobile Phone,2,43,E wallet,Female,5,1,Mobile Phone,5,Single,5,0,23,1,8,26,157
C000267,2,Mobile Phone,3,13,Cash on Delivery,Male,4,1,Grocery,2,Single,6,0,21,6,9,20,462
C000268,2,Mobile Phone,1,37,Credit Card,Female,2,1,Grocery,1,Single,3,0,13,3,2,22,324
C000269,28,Mobile Phone,1,47,Debit Card,Female,3,5,Mobile Phone,3,Married,4,0,20,6,10,21,211
C000270,54,Computer,3,33,E wallet,Male,5,2,Mobile Phone,1,Married,7,0,11,2,15,20,185
C000271,23,Computer,2,35,Credit Card,Female,3,5,Others,1,Single,5,0,20,10,6,19,254
C000272,37,Mobile Phone,2,7,Credit Card,Female,2,6,Grocery,4,Married,6,0,27,0,6,28,195
C000273,32,Mobile Phone,2,42,UPI,Female,5,2,Grocery,3,Single,4,0,29,10,7,4,309
C000274,33,Mobile Phone,2,15,Credit Card,Female,3,6,Fashion,1,Married,4,0,6,8,7,13,451
C000275,1,Mobile Phone,2,9,E wallet,Male,4,1,Mobile Phone,1,Single,7,0,3,6,15,29,297
C000276,19,Computer,1,35,Cash on Delivery,Male,1,5,Laptop & Accessory,1,Single,7,0,0,1,3,14,416
C000277,2,Mobile Phone,1,24,Credit Card,Male,1,6,Grocery,5,Divorced,3,0,21,4,1,0,255
C000278,53,Mobile Phone,3,8,Debit Card,Male,3,4,Fashion,3,Divorced,2,0,20,3,8,13,288
C000279,44,Computer,1,12,E wallet,Female,1,5,Laptop & Accessory,3,Married,1,0,22,9,14,21,97
C000280,26,Computer,2,46,Cash on Delivery,Male,4,2,Others,3,Single,5,0,0,6,7,16,313
C000281,32,Mobile Phone,2,39,Cash on Delivery,Male,4,1,Fashion,3,Married,5,0,22,1,3,6,68
C000282,6,Mobile Phone,3,17,E wallet,Male,3,2,Laptop & Accessory,3,Divorced,7,0,10,7,12,17,167
C000283,32,Mobile Phone,2,9,Cash on Delivery,Female,4,3,Grocery,1,Single,5,0,25,6,7,3,201
C000284,55,Mobile Phone,2,44,Debit Card,Female,1,1,Fashion,2,Single,4,0,17,10,10,27,432
C000285,4,Computer,3,23,Credit Card,Male,3,4,Mobile Phone,4,Married,3,0,22,2,12,1,354
C000286,55,Computer,3,22,E wallet,Female,1,4,Laptop & Accessory,3,Married,5,0,25,5,13,24,169
C000287,11,Computer,2,37,Credit Card,Female,4,3,Grocery,5,Single,4,1,26,8,7,12,449
C000288,56,Mobile Phone,2,8,Credit Card,Male,4,2,Fashion,2,Married,7,0,17,0,5,21,278
C000289,59,Computer,1,22,Cash on Delivery,Male,5,4,Laptop & Accessory,5,Married,6,0,2,0,9,3,103
C000290,17,Mobile Phone,2,50,E wallet,Male,2,2,Others,1,Single,3,0,22,8,1,29,370
C000291,38,Mobile Phone,3,28,Credit Card,Female,2,1,Others,4,Single,1,0,17,10,2,1,94
C000292,24,Mobile Phone,3,47,UPI,Male,3,5,Mobile Phone,1,Divorced,3,0,19,0,9,7,320
C000293,5,Mobile Phone,1,33,Debit Card,Female,1,1,Fashion,1,Married,2,1,29,0,2,12,58
C000294,52,Computer,2,35,Cash on Delivery,Female,2,2,Fashion,3,Single,1,0,13,1,12,3,219
C000295,34,Mobile Phone,2,32,E wallet,Male,3,6,Mobile Phone,5,Single,6,0,8,2,9,28,131
C000296,6,Mobile Phone,3,13,E wallet,Female,4,3,Fashion,3,Married,1,0,21,10,8,23,309
C000297,22,Mobile Phone,2,49,Cash on Delivery,Female,2,6,Others,1,Married,6,0,10,3,13,8,475
C000298,11,Mobile Phone,2,30,Credit Card,Male,1,1,Others,4,Single,1,0,23,3,2,25,231
C000299,48,Mobile Phone,1,6,Cash on Delivery,Female,5,4,Mobile Phone,2,Single,4,1,29,9,12,8,235
C000300,16,Mobile Phone,2,10,E wallet,Female,5,1,Grocery,1,Single,6,0,14,2,11,22,295
C000301,33,Computer,1,33,UPI,Female,2,1,Mobile Phone,1,Divorced,1,0,29,7,2,8,298
C000302,9,Mobile Phone,3,30,Credit Card,Female,5,1,Others,1,Married,7,0,26,3,5,14,177
C000303,60,Mobile Phone,3,32,Cash on Delivery,Female,3,3,Mobile Phone,5,Married,4,0,14,8,1,0,246
C000304,59,Mobile Phone,2,11,E wallet,Female,1,2,Others,2,Single,2,1,15,8,4,18,440
C000305,6,Computer,2,38,E wallet,Male,4,3,Grocery,4,Single,1,0,24,3,14,0,99
C000306,16,Mobile Phone,3,49,E wallet,Male,1,4,Others,1,Married,5,1,27,3,8,29,243
C000307,29,Mobile Phone,1,14,UPI,Male,4,2,Fashion,2,Married,4,0,24,10,3,4,500
C000308,3,Mobile Phone,1,45,Credit Card,Male,5,4,Laptop & Accessory,1,Married,4,0,30,2,15,5,434
C000309,20,Mobile Phone,3,44,Cash on Delivery,Female,3,2,Grocery,2,Single,3,0,22,3,1,0,195
C000310,60,Mobile Phone,3,26,Credit Card,Male,4,2,Laptop & Accessory,2,Married,6,0,10,4,10,21,184
C000311,59,Computer,3,31,E wallet,Male,5,6,Grocery,5,Married,1,0,13,9,5,18,489
C000312,36,Mobile Phone,1,43,UPI,Male,4,1,Grocery,5,Single,1,0,9,1,3,1,183
C000313,19,Mobile Phone,1,26,UPI,Male,2,1,Grocery,2,Married,7,1,1,5,8,21,211
C000314,26,Computer,1,23,E wallet,Male,1,3,Grocery,3,Married,3,0,11,6,3,19,92
C000315,3,Mobile Phone,1,40,Credit Card,Male,3,2,Others,1,Single,6,0,26,9,1,7,282
C000316,19,Mobile Phone,3,13,Credit Card,Male,5,4,Fashion,5,Married,6,1,26,1,7,1,454
C000317,20,Mobile Phone,1,23,UPI,Male,3,1,Others,2,Single,4,0,21,9,12,15,419
C000318,32,Mobile Phone,2,6,Debit Card,Male,1,6,Others,3,Married,4,0,23,7,13,14,136
C000319,7,Mobile Phone,1,32,UPI,Male,4,4,Fashion,2,Married,3,0,11,3,4,5,178
C000320,52,Mobile Phone,1,43,UPI,Male,4,6,Grocery,4,Married,2,0,12,3,12,1,92
C000321,41,Computer,3,26,Cash on Delivery,Female,3,1,Fashion,2,Married,4,0,19,6,12,1,236
C000322,33,Tablet,1,10,UPI,Male,4,2,Laptop & Accessory,4,Single,7,0,8,8,1,16,468
C000323,40,Mobile Phone,1,11,Debit Card,Female,4,4,Fashion,5,Divorced,7,0,7,9,12,15,366
C000324,39,Mobile Phone,1,10,UPI,Male,4,3,Others,5,Divorced,1,0,16,6,11,23,452
C000325,18,Mobile Phone,1,37,Credit Card,Male,2,3,Grocery,2,Single,2,0,23,4,6,19,359
C000326,40,Computer,2,18,Cash on Delivery,Female,5,3,Others,5,Married,5,0,12,1,5,4,235
C000327,1,Mobile Phone,1,5,Cash on Delivery,Female,5,1,Laptop & Accessory,2,Single,3,1,8,9,3,23,112
C000328,11,Mobile Phone,2,29,UPI,Female,1,1,Grocery,2,Single,4,0,27,1,8,14,271
C000329,28,Computer,3,10,Cash on Delivery,Female,4,3,Mobile Phone,4,Married,4,1,0,5,15,25,475
C000330,57,Computer,2,32,Cash on Delivery,Female,3,4,Others,1,Single,3,1,27,4,10,29,55
C000331,25,Computer,1,22,UPI,Female,4,1,Others,2,Single,6,0,24,9,4,0,231
C000332,50,Mobile Phone,2,31,Debit Card,Female,1,3,Fashion,1,Married,6,0,0,8,12,13,144
C000333,23,Computer,1,6,UPI,Male,4,1,Grocery,3,Married,7,0,9,4,7,18,429
C000334,31,Computer,2,44,Credit Card,Female,2,5,Others,5,Divorced,4,0,22,1,15,30,477
C000335,30,Mobile Phone,2,25,E wallet,Female,1,4,Laptop & Accessory,3,Married,4,1,1,0,6,9,236
C000336,42,Mobile Phone,1,27,Debit Card,Female,5,2,Grocery,3,Divorced,7,1,30,5,9,21,319
C000337,35,Mobile Phone,3,6,UPI,Female,5,4,Grocery,2,Married,6,1,3,2,7,18,65
C000338,7,Tablet,3,20,Debit Card,Male,2,2,Fashion,3,Single,7,1,30,5,9,8,170
C000339,60,Mobile Phone,3,8,E wallet,Female,5,3,Others,2,Married,6,0,14,8,7,10,109
C000340,16,Mobile Phone,1,38,Cash on Delivery,Female,2,1,Others,5,Married,1,1,28,5,2,25,462
C000341,26,Mobile Phone,2,9,Cash on Delivery,Female,5,3,Mobile Phone,5,Single,1,0,14,6,13,25,408
C000342,48,Computer,3,38,E wallet,Female,5,6,Mobile Phone,3,Single,4,0,23,10,3,2,155
C000343,57,Mobile Phone,1,26,Cash on Delivery,Female,4,2,Grocery,2,Married,4,1,23,0,8,11,281
C000344,52,Mobile Phone,3,50,Debit Card,Male,1,5,Others,4,Married,7,0,25,5,13,1,388
C000345,60,Mobile Phone,1,24,Cash on Delivery,Male,5,2,Fashion,4,Married,4,0,6,5,15,5,110
C000346,49,Computer,1,43,E wallet,Male,1,1,Others,1,Divorced,7,0,19,10,8,3,262
C000347,2,Mobile Phone,3,17,E wallet,Female,1,5,Fashion,1,Single,6,0,3,0,2,11,146
C000348,1,Mobile Phone,3,48,E wallet,Female,5,1,Mobile Phone,1,Married,4,0,21,1,13,17,399
C000349,48,Computer,3,38,Credit Card,Male,1,5,Laptop & Accessory,3,Divorced,2,0,25,10,9,19,63
C000350,12,Mobile Phone,3,48,Debit Card,Male,2,1,Others,2,Single,1,0,13,5,7,14,464
C000351,5,Computer,1,10,E wallet,Male,3,2,Mobile Phone,1,Single,7,0,20,2,3,26,232
C000352,37,Mobile Phone,1,33,Debit Card,Male,2,2,Laptop & Accessory,2,Single,4,0,24,2,6,24,67
C000353,32,Mobile Phone,3,37,Credit Card,Male,5,2,Laptop & Accessory,3,Single,4,0,20,1,7,20,53
C000354,59,Mobile Phone,1,5,Debit Card,Male,2,2,Mobile Phone,2,Married,1,1,5,3,11,6,469
C000355,55,Mobile Phone,2,11,UPI,Male,3,5,Mobile Phone,2,Married,6,0,7,0,4,25,126
C000356,9,Mobile Phone,2,26,Credit Card,Male,2,4,Mobile Phone,3,Married,7,0,25,0,4,9,358
C000357,41,Mobile Phone,1,36,Credit Card,Male,1,4,Fashion,4,Single,6,0,13,7,1,17,59
C000358,35,Computer,1,18,Cash on Delivery,Male,5,3,Grocery,2,Single,5,0,19,7,8,11,406
C000359,19,Mobile Phone,2,28,E wallet,Male,1,4,Grocery,2,Married,4,0,9,8,4,25,271
C000360,48,Mobile Phone,3,23,Credit Card,Female,1,3,Grocery,5,Married,3,0,9,7,12,6,176
C000361,16,Mobile Phone,2,31,Debit Card,Male,5,2,Fashion,5,Single,2,0,1,1,7,18,235
C000362,3,Tablet,2,27,UPI,Female,5,1,Mobile Phone,1,Single,6,1,17,1,7,16,109
C000363,20,Mobile Phone,2,49,Debit Card,Female,4,4,Grocery,1,Married,5,0,12,1,1,12,309
C000364,24,Mobile Phone,1,25,Debit Card,Female,3,4,Fashion,3,Single,5,1,15,6,15,15,443
C000365,54,Mobile Phone,1,48,UPI,Female,1,2,Fashion,3,Married,7,0,26,2,13,23,413
C000366,56,Mobile Phone,2,33,Cash on Delivery,Female,1,2,Mobile Phone,5,Single,1,0,9,5,5,19,473
C000367,33,Mobile Phone,1,5,E wallet,Male,5,4,Laptop & Accessory,5,Single,6,1,28,4,2,24,281
C000368,24,Computer,1,35,Credit Card,Female,5,2,Fashion,1,Single,7,0,20,4,7,9,333
C000369,52,Mobile Phone,2,31,E wallet,Male,2,4,Others,5,Married,2,0,15,3,3,9,243
C000370,11,Computer,2,48,Cash on Delivery,Male,1,1,Fashion,2,Married,3,1,17,5,13,23,140
C000371,49,Mobile Phone,1,40,UPI,Male,1,6,Laptop & Accessory,2,Single,2,1,28,10,1,1,301
C000372,8,Mobile Phone,2,31,E wallet,Male,5,1,Laptop & Accessory,5,Single,5,0,17,10,14,17,311
C000373,36,Computer,2,19,Debit Card,Female,1,3,Others,3,Married,5,0,3,9,11,12,72
C000374,38,Mobile Phone,1,29,Credit Card,Female,3,4,Grocery,1,Single,7,0,22,2,2,24,410
C000375,40,Tablet,3,19,Credit Card,Female,4,6,Fashion,2,Single,2,1,16,6,11,6,386
C000376,20,Mobile Phone,1,44,Cash on Delivery,Male,5,1,Mobile Phone,3,Single,1,0,4,4,4,14,114
C000377,35,Computer,3,23,Cash on Delivery,Female,5,6,Mobile Phone,5,Single,1,0,30,5,1,3,116
C000378,48,Mobile Phone,1,15,UPI,Male,1,1,Others,1,Married,5,0,18,0,7,20,157
C000379,25,Mobile Phone,3,45,Cash on Delivery,Female,4,5,Laptop & Accessory,1,Married,3,0,2,8,10,19,430
C000380,35,Mobile Phone,1,37,E wallet,Male,4,6,Grocery,3,Single,5,0,23,1,7,24,95
C000381,25,Mobile Phone,3,45,Credit Card,Male,5,1,Fashion,3,Single,2,0,11,9,8,1,205
C000382,29,Mobile Phone,1,27,UPI,Female,5,3,Fashion,3,Single,4,0,28,4,15,8,364
C000383,18,Mobile Phone,2,16,Cash on Delivery,Female,5,1,Fashion,5,Single,7,0,3,9,10,1,302
C000384,46,Mobile Phone,2,6,Debit Card,Male,3,2,Mobile Phone,5,Divorced,4,1,26,8,2,26,97
C000385,18,Mobile Phone,1,47,Credit Card,Female,1,5,Grocery,3,Single,3,0,27,4,9,15,459
C000386,2,Computer,3,25,UPI,Male,3,4,Others,5,Single,3,0,21,7,8,14,235
C000387,54,Mobile Phone,1,18,Credit Card,Female,5,3,Mobile Phone,1,Married,3,0,9,2,2,7,394
C000388,35,Mobile Phone,3,38,E wallet,Male,4,6,Laptop & Accessory,4,Married,7,0,16,4,4,22,403
C000389,16,Mobile Phone,1,19,Cash on Delivery,Male,1,6,Grocery,5,Married,7,0,17,8,12,12,500
C000390,41,Mobile Phone,2,25,Cash on Delivery,Male,1,1,Laptop & Accessory,1,Divorced,1,1,23,8,5,28,362
C000391,36,Mobile Phone,2,27,Cash on Delivery,Female,5,4,Fashion,4,Single,7,0,30,7,15,15,77
C000392,33,Mobile Phone,1,25,Debit Card,Male,5,1,Mobile Phone,4,Single,5,0,5,5,10,6,334
C000393,4,Computer,1,18,E wallet,Male,5,5,Grocery,3,Single,2,0,23,2,11,18,318
C000394,33,Computer,3,25,Debit Card,Male,5,4,Mobile Phone,3,Married,5,0,22,5,10,18,433
C000395,14,Mobile Phone,3,16,E wallet,Female,5,2,Grocery,1,Married,7,0,28,8,3,14,283
C000396,21,Mobile Phone,3,46,E wallet,Female,5,6,Fashion,3,Married,2,0,30,1,12,11,408
C000397,48,Mobile Phone,1,50,E wallet,Male,1,2,Grocery,4,Single,7,1,21,4,4,19,486
C000398,20,Mobile Phone,2,9,Cash on Delivery,Female,3,6,Fashion,1,Single,7,0,2,8,6,22,197
C000399,56,Mobile Phone,1,6,Cash on Delivery,Male,4,4,Mobile Phone,1,Married,4,0,4,7,7,30,424
C000400,8,Mobile Phone,1,26,Cash on Delivery,Male,5,2,Mobile Phone,1,Married,7,1,22,2,4,3,455
C000401,7,Mobile Phone,3,10,Debit Card,Female,4,3,Mobile Phone,3,Married,5,0,3,1,9,19,62
C000402,3,Mobile Phone,1,48,UPI,Male,1,6,Fashion,3,Single,2,0,5,10,11,25,121
C000403,17,Mobile Phone,2,6,E wallet,Male,4,5,Laptop & Accessory,3,Divorced,2,0,16,10,8,16,176
C000404,33,Computer,2,33,Debit Card,Female,1,3,Laptop & Accessory,5,Single,4,0,1,2,13,29,234
C000405,48,Mobile Phone,2,40,Cash on Delivery,Male,2,4,Grocery,5,Married,6,1,23,6,10,5,411
C000406,12,Computer,3,11,Cash on Delivery,Male,3,3,Mobile Phone,5,Married,5,0,21,7,7,20,374
C000407,59,Tablet,2,20,UPI,Female,2,6,Laptop & Accessory,1,Married,5,0,9,6,11,7,118
C000408,51,Mobile Phone,2,37,Cash on Delivery,Male,1,5,Others,3,Single,1,0,14,6,3,1,147
C000409,22,Mobile Phone,3,37,E wallet,Male,2,5,Mobile Phone,5,Married,5,0,5,7,14,6,175
C000410,55,Mobile Phone,2,18,Credit Card,Male,1,6,Others,1,Single,4,0,23,7,12,29,98
C000411,22,Tablet,1,47,Cash on Delivery,Male,2,4,Laptop & Accessory,4,Married,2,0,23,4,1,3,175
C000412,46,Tablet,1,16,UPI,Female,1,6,Fashion,5,Single,4,0,15,6,11,6,403
C000413,30,Mobile Phone,1,47,Credit Card,Male,3,3,Others,1,Single,4,0,16,8,9,8,316
C000414,38,Mobile Phone,2,10,E wallet,Male,3,6,Others,2,Divorced,4,0,24,7,7,0,184
C000415,38,Computer,3,16,E wallet,Female,3,5,Mobile Phone,5,Divorced,5,0,3,8,9,10,193
C000416,45,Mobile Phone,1,35,E wallet,Female,1,4,Grocery,4,Single,3,0,1,4,6,17,67
C000417,51,Computer,1,16,UPI,Male,4,6,Fashion,1,Single,4,0,18,10,9,6,247
C000418,54,Computer,3,14,Credit Card,Female,2,5,Mobile Phone,5,Single,2,1,6,3,2,1,291
C000419,8,Mobile Phone,3,44,E wallet,Female,2,6,Mobile Phone,5,Married,1,0,8,5,11,4,420
C000420,27,Mobile Phone,2,31,Cash on Delivery,Male,2,1,Laptop & Accessory,2,Married,5,0,22,5,4,15,173
C000421,27,Mobile Phone,1,11,Credit Card,Male,2,1,Grocery,1,Single,3,0,27,3,11,30,498
C000422,34,Mobile Phone,1,50,E wallet,Female,3,5,Grocery,1,Single,7,0,16,4,8,7,264
C000423,21,Mobile Phone,1,40,Credit Card,Female,4,4,Fashion,1,Single,3,1,21,4,15,27,99
C000424,30,Computer,1,37,Cash on Delivery,Male,2,1,Fashion,3,Single,4,0,21,5,7,19,305
C000425,33,Computer,1,31,Debit Card,Male,4,5,Grocery,2,Divorced,7,0,14,0,15,3,151
C000426,28,Computer,2,12,E wallet,Female,1,6,Others,1,Single,2,0,20,1,1,5,441
C000427,47,Mobile Phone,1,9,Cash on Delivery,Female,1,2,Others,2,Married,7,0,16,10,11,1,118
C000428,33,Computer,1,12,UPI,Male,2,6,Mobile Phone,3,Married,7,1,20,5,4,14,360
C000429,5,Computer,1,44,E wallet,Female,5,3,Grocery,1,Married,1,0,20,9,6,29,348
C000430,60,Mobile Phone,2,25,Debit Card,Female,3,5,Mobile Phone,2,Single,3,0,26,4,4,29,140
C000431,48,Mobile Phone,2,28,Cash on Delivery,Female,2,1,Others,2,Married,5,0,12,10,14,5,302
C000432,19,Mobile Phone,2,11,Cash on Delivery,Male,3,5,Fashion,3,Divorced,7,0,23,5,14,14,170
C000433,4,Computer,1,23,Credit Card,Female,2,6,Grocery,2,Single,2,0,4,7,6,1,326
C000434,35,Mobile Phone,1,35,E wallet,Female,3,4,Laptop & Accessory,3,Divorced,5,1,20,6,1,5,224
C000435,49,Computer,1,40,Debit Card,Male,5,1,Mobile Phone,5,Single,4,1,8,0,12,14,240
C000436,17,Mobile Phone,1,31,UPI,Female,5,4,Grocery,2,Single,1,0,21,6,9,0,220
C000437,44,Computer,3,33,Credit Card,Male,1,4,Laptop & Accessory,3,Married,5,0,13,1,14,29,470
C000438,28,Mobile Phone,3,27,E wallet,Male,2,6,Mobile Phone,4,Married,1,1,8,7,3,3,382
C000439,30,Mobile Phone,2,24,Debit Card,Male,5,4,Others,1,Single,5,0,27,8,5,3,239
C000440,29,Mobile Phone,3,10,Credit Card,Male,5,5,Mobile Phone,1,Single,7,0,25,5,3,2,260
C000441,46,Mobile Phone,2,16,Debit Card,Female,2,1,Fashion,1,Divorced,3,0,10,6,8,16,364
C000442,53,Computer,1,16,Debit Card,Male,2,4,Mobile Phone,3,Single,6,0,24,5,5,19,236
C000443,6,Mobile Phone,3,7,Credit Card,Female,1,2,Mobile Phone,3,Single,3,0,3,3,7,14,446
C000444,35,Mobile Phone,1,46,Credit Card,Male,5,3,Grocery,1,Single,6,1,11,0,11,20,479
C000445,60,Mobile Phone,2,43,E wallet,Female,3,5,Grocery,3,Married,4,0,2,4,12,6,337
C000446,41,Mobile Phone,1,39,Credit Card,Male,2,2,Others,2,Divorced,2,1,6,10,3,11,372
C000447,37,Mobile Phone,1,23,E wallet,Female,2,1,Fashion,2,Single,1,0,19,0,3,6,279
C000448,24,Mobile Phone,2,49,Debit Card,Male,2,3,Fashion,2,Single,2,0,5,7,14,1,417
C000449,29,Computer,2,8,Credit Card,Male,2,4,Others,5,Single,2,0,21,7,11,30,456
C000450,49,Mobile Phone,1,35,E wallet,Male,5,2,Laptop & Accessory,1,Married,2,1,23,0,2,3,418
C000451,46,Computer,1,46,E wallet,Male,3,2,Mobile Phone,4,Married,2,0,29,4,14,4,203
C000452,53,Tablet,1,42,UPI,Male,1,4,Grocery,1,Single,2,0,24,3,14,23,120
C000453,31,Mobile Phone,3,37,E wallet,Female,4,6,Others,2,Single,5,0,14,5,15,18,315
C000454,35,Mobile Phone,3,10,E wallet,Male,5,6,Others,1,Single,2,1,22,10,10,14,495
C000455,60,Mobile Phone,2,12,UPI,Male,5,4,Grocery,5,Single,1,0,21,9,5,23,438
C000456,33,Tablet,1,32,Cash on Delivery,Female,4,2,Grocery,2,Single,7,0,29,2,6,1,423
C000457,52,Computer,3,19,Credit Card,Female,4,1,Laptop & Accessory,5,Divorced,6,1,28,5,2,22,257
C000458,21,Mobile Phone,1,35,UPI,Male,2,5,Fashion,5,Single,7,0,0,6,2,0,355
C000459,32,Computer,1,12,E wallet,Male,3,1,Grocery,5,Married,3,1,3,7,14,27,431
C000460,23,Mobile Phone,1,10,E wallet,Male,5,1,Others,2,Married,2,0,1,10,14,30,165
C000461,33,Tablet,3,33,Credit Card,Female,5,5,Mobile Phone,5,Divorced,7,0,5,8,6,10,330
C000462,3,Tablet,1,50,Debit Card,Female,1,1,Laptop & Accessory,5,Single,4,0,1,0,4,26,422
C000463,18,Mobile Phone,1,38,UPI,Male,4,3,Mobile Phone,4,Single,1,0,14,1,4,4,344
C000464,25,Mobile Phone,2,11,Cash on Delivery,Male,4,4,Mobile Phone,1,Single,5,0,4,8,5,1,471
C000465,42,Mobile Phone,1,44,Credit Card,Male,5,2,Fashion,4,Married,3,1,22,3,8,21,171
C000466,31,Mobile Phone,2,14,Credit Card,Female,4,5,Mobile Phone,1,Single,6,0,21,6,12,13,320
C000467,54,Computer,2,17,UPI,Male,2,1,Others,2,Married,3,0,19,5,13,14,209
C000468,58,Mobile Phone,2,26,E wallet,Male,1,2,Others,4,Married,6,0,20,8,4,17,494
C000469,3,Mobile Phone,1,25,E wallet,Male,5,6,Grocery,3,Married,3,1,13,7,13,27,369
C000470,40,Mobile Phone,1,5,Cash on Delivery,Male,1,3,Fashion,2,Married,6,0,30,9,13,1,101
C000471,46,Tablet,3,45,UPI,Male,2,1,Grocery,2,Single,7,0,12,4,11,1,404
C000472,24,Mobile Phone,3,46,Credit Card,Male,1,1,Mobile Phone,1,Single,6,0,12,0,13,3,329
C000473,50,Mobile Phone,1,6,UPI,Male,4,1,Others,1,Single,4,1,21,5,13,18,473
C000474,32,Mobile Phone,1,33,Debit Card,Female,5,3,Grocery,5,Single,7,1,7,2,13,10,490
C000475,47,Tablet,1,15,Credit Card,Female,1,4,Others,3,Divorced,2,0,25,10,6,8,172
C000476,22,Computer,2,41,Cash on Delivery,Female,3,2,Grocery,2,Married,5,1,26,7,9,7,218
C000477,23,Mobile Phone,2,11,Cash on Delivery,Female,5,1,Laptop & Accessory,2,Married,5,0,14,0,13,22,163
C000478,2,Mobile Phone,1,39,Credit Card,Female,1,6,Fashion,4,Married,6,0,30,6,11,19,139
C000479,27,Mobile Phone,2,34,E wallet,Male,5,1,Grocery,1,Married,6,0,19,10,1,3,150
C000480,42,Mobile Phone,2,20,Credit Card,Female,1,3,Mobile Phone,4,Married,5,0,12,9,6,15,346
C000481,2,Mobile Phone,3,19,Credit Card,Male,1,3,Others,1,Married,2,0,5,0,3,24,72
C000482,26,Computer,1,44,Debit Card,Female,4,2,Others,1,Single,5,0,28,2,11,8,68
C000483,17,Mobile Phone,1,24,Credit Card,Male,1,2,Fashion,4,Married,5,0,24,4,6,23,223
C000484,40,Computer,1,32,UPI,Female,3,6,Fashion,4,Married,7,1,24,5,6,29,188
C000485,33,Mobile Phone,3,41,UPI,Female,4,1,Laptop & Accessory,4,Married,3,0,24,7,3,9,100
C000486,9,Computer,3,7,Cash on Delivery,Male,3,6,Grocery,1,Single,6,0,3,10,4,21,96
C000487,43,Computer,2,33,E wallet,Female,3,6,Laptop & Accessory,3,Single,2,0,6,2,6,27,67
C000488,54,Mobile Phone,1,41,Cash on Delivery,Male,2,6,Grocery,4,Married,1,0,10,7,5,4,141
C000489,48,Mobile Phone,1,13,Debit Card,Male,3,1,Grocery,1,Divorced,1,0,27,6,4,11,256
C000490,39,Mobile Phone,1,31,Credit Card,Female,1,1,Fashion,4,Married,1,0,21,9,14,6,473
C000491,29,Mobile Phone,2,36,Cash on Delivery,Female,5,1,Fashion,3,Married,4,0,3,3,11,21,81
C000492,42,Mobile Phone,1,50,Credit Card,Female,4,1,Grocery,3,Divorced,3,1,13,5,14,7,495
C000493,55,Mobile Phone,1,43,Cash on Delivery,Male,4,6,Fashion,5,Single,5,0,9,3,13,6,476
C000494,26,Tablet,2,35,Credit Card,Female,4,3,Grocery,5,Single,7,0,7,2,3,14,470
C000495,35,Mobile Phone,1,30,Cash on Delivery,Male,5,4,Fashion,3,Single,6,1,22,1,12,9,244
C000496,50,Computer,2,44,UPI,Female,3,2,Mobile Phone,4,Married,3,0,11,1,14,11,473
C000497,25,Mobile Phone,1,7,Debit Card,Female,2,3,Grocery,5,Single,6,0,8,9,2,7,228
C000498,24,Computer,3,15,Cash on Delivery,Male,1,5,Others,1,Single,2,0,24,5,8,1,449
C000499,13,Mobile Phone,2,33,UPI,Female,4,5,Mobile Phone,3,Married,2,0,28,7,9,6,246
C000500,60,Computer,3,31,E wallet,Female,1,5,Laptop & Accessory,4,Single,3,0,5,7,14,23,480
C000501,58,Mobile Phone,2,14,Cash on Delivery,Male,3,2,Fashion,1,Married,2,0,5,3,11,11,438
C000502,7,Mobile Phone,3,39,Credit Card,Female,2,1,Laptop & Accessory,3,Single,3,1,12,8,4,14,413
C000503,57,Mobile Phone,3,27,Debit Card,Male,4,5,Others,3,Divorced,3,0,24,4,4,1,138
C000504,36,Mobile Phone,2,10,UPI,Female,3,5,Fashion,4,Married,6,0,11,3,5,7,105
C000505,45,Mobile Phone,3,15,UPI,Female,2,4,Laptop & Accessory,4,Married,6,0,7,9,4,8,425
C000506,20,Mobile Phone,1,47,Debit Card,Female,4,3,Mobile Phone,2,Married,3,0,7,2,14,17,421
C000507,1,Mobile Phone,1,31,Cash on Delivery,Female,3,6,Laptop & Accessory,4,Married,6,1,27,2,10,30,188
C000508,8,Computer,1,35,Credit Card,Male,1,2,Fashion,1,Single,1,0,21,2,8,10,89
C000509,46,Mobile Phone,2,34,E wallet,Male,5,2,Mobile Phone,5,Married,6,1,2,5,11,19,315
C000510,16,Mobile Phone,2,7,Cash on Delivery,Female,4,4,Others,4,Married,6,0,27,10,13,19,172
C000511,14,Computer,3,17,Debit Card,Male,2,5,Laptop & Accessory,4,Single,5,0,17,0,11,11,150
C000512,12,Mobile Phone,1,44,Cash on Delivery,Female,2,6,Grocery,5,Married,7,0,9,7,15,16,185
C000513,51,Mobile Phone,2,25,Cash on Delivery,Male,5,6,Fashion,5,Married,2,1,3,3,2,5,430
C000514,23,Mobile Phone,1,47,Debit Card,Female,5,4,Grocery,3,Married,5,1,20,4,5,2,150
C000515,15,Tablet,2,15,Debit Card,Male,3,1,Grocery,3,Single,5,0,28,2,10,29,206
C000516,28,Computer,1,49,E wallet,Male,5,5,Laptop & Accessory,5,Married,7,0,28,4,12,23,466
C000517,34,Computer,3,7,Debit Card,Male,4,6,Grocery,5,Divorced,7,0,1,2,15,22,396
C000518,2,Mobile Phone,1,42,Debit Card,Male,5,2,Mobile Phone,5,Married,3,0,8,0,10,15,351
C000519,32,Computer,1,35,Debit Card,Female,4,6,Others,1,Single,5,0,21,8,8,13,376
C000520,23,Mobile Phone,3,28,UPI,Male,1,3,Others,2,Divorced,3,0,10,1,14,16,72
C000521,22,Mobile Phone,2,46,Debit Card,Male,5,4,Grocery,1,Single,6,0,15,10,14,30,483
C000522,51,Mobile Phone,1,16,Debit Card,Male,1,6,Fashion,2,Single,2,1,13,5,4,28,425
C000523,25,Mobile Phone,2,50,Debit Card,Male,2,6,Grocery,3,Divorced,6,0,12,2,1,28,140
C000524,58,Mobile Phone,1,47,E wallet,Male,5,6,Fashion,5,Married,4,1,11,7,5,9,54
C000525,22,Mobile Phone,3,31,Cash on Delivery,Male,2,4,Others,1,Married,5,0,0,0,14,28,475
C000526,58,Mobile Phone,2,25,Debit Card,Male,1,2,Mobile Phone,5,Single,7,0,2,7,5,9,444
C000527,58,Mobile Phone,1,29,Debit Card,Female,2,6,Fashion,5,Single,5,0,16,5,15,8,294
C000528,22,Computer,2,34,E wallet,Female,1,6,Others,5,Single,5,1,3,6,9,6,378
C000529,49,Mobile Phone,1,34,Cash on Delivery,Female,3,5,Laptop & Accessory,1,Married,3,0,8,6,3,0,414
C000530,52,Computer,3,14,E wallet,Male,1,5,Grocery,5,Single,6,0,26,3,3,7,178
C000531,42,Mobile Phone,3,7,Credit Card,Male,3,5,Fashion,3,Single,1,0,19,2,4,9,239
C000532,6,Computer,3,17,Credit Card,Female,2,6,Mobile Phone,2,Single,3,1,6,3,5,12,477
C000533,15,Mobile Phone,1,31,Credit Card,Female,1,6,Grocery,4,Married,6,0,7,9,9,9,246
C000534,54,Mobile Phone,1,22,Debit Card,Female,3,6,Others,3,Single,3,0,25,6,14,23,129
C000535,43,Mobile Phone,1,49,E wallet,Male,1,3,Others,2,Divorced,3,0,23,9,4,27,383
C000536,60,Mobile Phone,2,28,Debit Card,Female,4,3,Others,4,Single,2,0,24,6,12,15,345
C000537,37,Computer,2,50,Credit Card,Female,4,5,Fashion,5,Married,2,0,11,7,9,10,369
C000538,33,Mobile Phone,2,18,Cash on Delivery,Male,2,3,Laptop & Accessory,3,Married,4,0,16,10,14,16,450
C000539,8,Mobile Phone,3,43,Cash on Delivery,Female,4,4,Laptop & Accessory,4,Married,5,0,11,5,7,15,378
C000540,53,Computer,1,48,E wallet,Female,5,6,Others,4,Single,4,0,22,0,5,23,164
C000541,60,Mobile Phone,1,8,Cash on Delivery,Male,3,5,Grocery,4,Married,1,1,20,6,2,0,465
C000542,44,Mobile Phone,1,20,Credit Card,Male,5,3,Mobile Phone,5,Single,2,0,8,1,10,25,274
C000543,44,Mobile Phone,1,14,E wallet,Female,4,6,Grocery,2,Married,3,1,4,6,10,16,91
C000544,5,Mobile Phone,1,41,E wallet,Female,2,6,Fashion,2,Married,2,0,12,0,6,9,312
C000545,39,Mobile Phone,2,31,Credit Card,Female,5,4,Laptop & Accessory,3,Single,2,0,17,4,7,12,472
C000546,4,Mobile Phone,1,5,Credit Card,Female,2,4,Mobile Phone,5,Married,6,1,14,6,12,1,262
C000547,6,Tablet,1,9,Credit Card,Male,1,3,Others,2,Married,1,1,4,3,12,24,192
C000548,45,Mobile Phone,3,17,Credit Card,Male,5,5,Others,3,Single,7,0,15,7,11,17,437
C000549,32,Mobile Phone,1,49,E wallet,Male,1,5,Fashion,2,Single,1,0,8,5,15,25,297
C000550,52,Mobile Phone,2,7,Cash on Delivery,Male,5,3,Fashion,1,Married,5,0,0,5,4,27,445
C000551,30,Computer,1,21,Credit Card,Male,3,3,Fashion,5,Married,6,0,6,10,7,28,275
C000552,47,Computer,2,23,UPI,Male,2,1,Fashion,1,Single,2,1,18,1,3,30,109
C000553,35,Mobile Phone,3,41,E wallet,Female,1,4,Others,2,Single,1,1,28,4,6,11,360
C000554,55,Computer,1,9,Debit Card,Female,4,5,Others,2,Single,4,0,29,5,8,2,486
C000555,40,Mobile Phone,2,46,Cash on Delivery,Female,5,2,Fashion,1,Single,2,0,9,1,1,17,215
C000556,52,Mobile Phone,3,48,E wallet,Male,1,4,Others,5,Single,3,0,3,1,6,21,492
C000557,16,Mobile Phone,2,28,Credit Card,Female,5,6,Fashion,3,Divorced,5,0,19,0,9,26,162
C000558,13,Mobile Phone,1,47,UPI,Male,5,5,Mobile Phone,4,Single,2,0,11,2,7,7,90
C000559,50,Mobile Phone,1,37,Debit Card,Male,5,6,Fashion,1,Single,5,1,15,3,5,17,177
C000560,60,Computer,2,25,Cash on Delivery,Male,1,1,Fashion,5,Divorced,7,1,25,3,13,29,269
C000561,42,Mobile Phone,3,7,Credit Card,Male,1,4,Mobile Phone,5,Divorced,5,0,17,2,7,6,436
C000562,30,Tablet,1,8,E wallet,Male,5,4,Laptop & Accessory,4,Single,1,0,2,5,12,9,242
C000563,19,Mobile Phone,1,36,E wallet,Female,4,6,Grocery,3,Married,1,0,2,8,6,2,217
C000564,17,Mobile Phone,1,28,Cash on Delivery,Male,2,5,Fashion,3,Married,2,1,27,6,13,16,444
C000565,56,Mobile Phone,1,39,UPI,Female,5,2,Mobile Phone,2,Single,5,1,12,0,11,8,421
C000566,19,Mobile Phone,1,22,Credit Card,Male,4,3,Mobile Phone,2,Married,4,0,6,6,9,13,261
C000567,28,Mobile Phone,1,7,Cash on Delivery,Female,2,2,Others,1,Divorced,6,0,25,6,6,8,119
C000568,58,Mobile Phone,1,43,Cash on Delivery,Female,5,6,Fashion,3,Single,6,1,12,1,6,9,365
C000569,55,Mobile Phone,1,30,E wallet,Female,2,1,Mobile Phone,1,Single,1,0,26,5,8,22,295
C000570,26,Mobile Phone,3,28,Cash on Delivery,Female,5,4,Laptop & Accessory,2,Married,1,0,28,6,3,8,220
C000571,37,Computer,1,5,Debit Card,Female,1,6,Laptop & Accessory,1,Married,1,0,30,9,3,17,408
C000572,26,Mobile Phone,1,38,Debit Card,Male,5,6,Grocery,4,Married,1,0,7,7,8,16,90
C000573,53,Mobile Phone,1,16,Credit Card,Female,5,5,Others,1,Single,5,0,23,10,8,19,341
C000574,23,Mobile Phone,3,21,Cash on Delivery,Male,5,4,Others,2,Married,4,0,8,7,6,15,201
C000575,9,Computer,3,25,E wallet,Female,5,3,Others,2,Married,1,0,1,7,2,16,362
C000576,12,Computer,3,25,Credit Card,Male,4,2,Fashion,4,Single,4,0,25,0,7,15,360
C000577,53,Mobile Phone,1,7,UPI,Male,3,2,Laptop & Accessory,4,Single,5,0,7,4,13,11,159
C000578,1,Mobile Phone,3,48,E wallet,Male,4,1,Fashion,3,Married,6,0,11,0,8,1,271
C000579,58,Mobile Phone,2,32,UPI,Female,4,5,Mobile Phone,4,Married,3,0,21,7,7,30,175
C000580,58,Tablet,1,29,Credit Card,Male,1,3,Grocery,4,Divorced,7,1,19,0,3,14,412
C000581,1,Mobile Phone,2,48,Debit Card,Female,5,6,Grocery,3,Single,3,0,14,7,10,23,347
C000582,47,Mobile Phone,3,10,E wallet,Male,4,3,Fashion,4,Married,3,0,19,9,7,6,434
C000583,34,Mobile Phone,3,46,E wallet,Female,2,5,Grocery,5,Married,2,0,24,8,12,28,267
C000584,32,Mobile Phone,3,34,Credit Card,Male,5,1,Fashion,5,Married,4,0,27,6,2,1,251
C000585,54,Tablet,3,36,E wallet,Female,1,6,Others,5,Married,7,0,19,3,1,7,133
C000586,48,Mobile Phone,1,26,E wallet,Male,1,3,Mobile Phone,4,Married,5,0,1,7,6,20,257
C000587,25,Mobile Phone,2,42,Credit Card,Male,2,1,Others,2,Single,2,0,13,5,10,15,58
C000588,40,Mobile Phone,1,18,Cash on Delivery,Male,1,5,Grocery,2,Married,3,1,4,7,4,20,301
C000589,45,Computer,3,38,Credit Card,Female,5,5,Mobile Phone,3,Single,7,0,1,2,1,19,144
C000590,53,Computer,1,47,E wallet,Male,3,5,Laptop & Accessory,2,Single,3,0,20,2,2,12,204
C000591,1,Mobile Phone,3,30,Credit Card,Male,3,3,Fashion,2,Married,7,1,22,1,2,16,199
C000592,16,Mobile Phone,1,44,E wallet,Male,4,5,Mobile Phone,3,Married,3,1,1,8,3,18,299
C000593,39,Computer,1,17,UPI,Male,1,3,Fashion,5,Married,7,0,8,1,8,9,480
C000594,5,Mobile Phone,1,34,UPI,Female,5,1,Mobile Phone,3,Married,6,0,15,3,3,1,214
C000595,22,Mobile Phone,1,23,Debit Card,Female,2,4,Grocery,2,Single,5,0,28,3,3,7,283
C000596,29,Mobile Phone,3,46,Credit Card,Female,2,1,Others,2,Married,3,0,0,2,13,19,475
C000597,55,Tablet,1,45,Credit Card,Male,5,3,Grocery,3,Single,4,0,15,5,11,18,74
C000598,3,Mobile Phone,2,43,UPI,Female,5,2,Laptop & Accessory,4,Divorced,3,0,25,10,11,28,308
C000599,12,Computer,1,7,UPI,Male,2,2,Grocery,2,Married,7,0,15,9,4,29,52
C000600,26,Mobile Phone,1,35,UPI,Male,1,6,Mobile Phone,2,Single,2,0,26,8,11,24,170
C000601,16,Mobile Phone,1,16,Debit Card,Male,4,4,Laptop & Accessory,3,Married,3,0,8,6,7,16,245
C000602,51,Mobile Phone,1,19,Debit Card,Female,4,5,Mobile Phone,2,Married,2,0,3,0,2,29,350
C000603,37,Mobile Phone,3,49,Cash on Delivery,Male,4,1,Others,4,Single,6,0,30,0,8,19,283
C000604,22,Mobile Phone,2,42,Credit Card,Female,5,1,Fashion,4,Single,1,0,18,0,3,30,172
C000605,57,Mobile Phone,1,44,Debit Card,Male,2,3,Others,3,Single,6,0,25,4,1,17,173
C000606,29,Mobile Phone,2,18,E wallet,Female,2,6,Others,1,Single,5,0,18,1,9,16,86
C000607,14,Computer,1,39,Credit Card,Female,2,4,Others,5,Married,4,1,24,5,11,22,83
C000608,28,Tablet,1,20,Cash on Delivery,Female,2,5,Mobile Phone,4,Married,3,0,10,5,2,16,493
C000609,5,Mobile Phone,2,28,UPI,Male,2,4,Fashion,4,Single,3,0,6,6,5,4,160
C000610,47,Mobile Phone,1,21,Cash on Delivery,Female,3,2,Mobile Phone,5,Divorced,3,0,1,2,3,2,400
C000611,49,Mobile Phone,2,22,Credit Card,Female,5,6,Laptop & Accessory,3,Married,3,0,18,9,9,18,266
C000612,30,Mobile Phone,2,46,UPI,Male,5,4,Mobile Phone,2,Married,2,0,16,9,2,21,179
C000613,46,Computer,3,21,Cash on Delivery,Female,3,5,Others,3,Married,5,1,20,4,5,10,378
C000614,52,Mobile Phone,3,20,Cash on Delivery,Female,4,6,Grocery,1,Married,2,0,20,4,11,2,304
C000615,5,Mobile Phone,1,25,Credit Card,Female,1,5,Grocery,1,Married,3,0,29,0,5,12,143
C000616,12,Computer,1,28,Debit Card,Male,5,1,Mobile Phone,5,Single,2,1,29,8,15,26,138
C000617,16,Mobile Phone,1,38,E wallet,Female,5,1,Others,1,Single,3,1,8,6,4,23,78
C000618,26,Mobile Phone,1,40,Cash on Delivery,Female,3,5,Others,1,Divorced,1,0,14,3,4,16,63
C000619,26,Mobile Phone,3,47,E wallet,Female,5,1,Grocery,5,Single,2,0,9,8,10,7,333
C000620,48,Mobile Phone,3,31,Credit Card,Male,5,1,Fashion,5,Married,5,0,2,2,7,22,305
C000621,21,Mobile Phone,2,43,Credit Card,Female,4,1,Fashion,5,Single,6,1,30,3,13,26,185
C000622,39,Computer,2,21,Debit Card,Female,3,5,Others,5,Divorced,1,0,11,1,12,0,344
C000623,36,Computer,1,29,UPI,Male,5,1,Laptop & Accessory,5,Married,4,0,15,2,3,6,92
C000624,33,Mobile Phone,2,42,E wallet,Female,2,2,Laptop & Accessory,4,Married,2,0,5,6,6,4,86
C000625,30,Computer,3,46,Cash on Delivery,Female,3,6,Laptop & Accessory,2,Married,2,0,30,10,7,3,76
C000626,37,Mobile Phone,2,25,UPI,Female,4,5,Laptop & Accessory,5,Married,7,0,14,2,11,19,230
C000627,23,Computer,1,8,E wallet,Male,1,4,Laptop & Accessory,2,Married,6,0,8,1,13,17,378
C000628,58,Mobile Phone,2,29,E wallet,Female,5,6,Grocery,1,Single,4,1,2,0,12,3,126
C000629,10,Computer,1,34,UPI,Male,2,3,Others,4,Married,5,0,22,3,2,13,240
C000630,54,Computer,2,37,UPI,Female,2,6,Mobile Phone,5,Single,1,1,17,7,11,9,90
C000631,5,Mobile Phone,2,43,Debit Card,Female,1,3,Grocery,4,Single,4,0,5,7,13,8,197
C000632,36,Computer,1,30,Cash on Delivery,Male,3,2,Grocery,3,Divorced,5,1,26,7,8,18,233
C000633,34,Computer,2,29,Cash on Delivery,Female,4,5,Others,2,Married,7,0,6,7,6,24,449
C000634,52,Computer,3,20,Cash on Delivery,Female,5,4,Fashion,5,Divorced,1,1,23,2,8,6,251
C000635,31,Mobile Phone,1,28,UPI,Male,5,5,Grocery,2,Single,7,1,17,4,15,16,202
C000636,10,Computer,3,9,Debit Card,Male,5,4,Grocery,2,Married,5,0,14,8,4,7,116
C000637,58,Computer,2,46,Credit Card,Male,2,4,Mobile Phone,3,Single,7,0,0,8,8,0,178
C000638,19,Mobile Phone,2,43,Debit Card,Female,3,5,Laptop & Accessory,2,Married,5,0,23,3,10,27,290
C000639,58,Tablet,3,17,UPI,Male,1,6,Grocery,1,Married,3,0,22,6,6,0,361
C000640,32,Mobile Phone,2,34,Debit Card,Female,3,1,Laptop & Accessory,2,Married,2,0,23,8,8,13,177
C000641,1,Mobile Phone,3,11,UPI,Male,4,3,Others,3,Single,1,0,18,7,3,27,320
C000642,56,Mobile Phone,1,21,E wallet,Male,4,1,Grocery,3,Single,3,0,22,9,5,16,297
C000643,5,Mobile Phone,1,31,E wallet,Male,1,3,Mobile Phone,5,Married,7,0,27,5,1,15,124
C000644,45,Mobile Phone,2,39,Credit Card,Female,2,1,Mobile Phone,1,Married,7,0,22,5,13,20,170
C000645,4,Mobile Phone,3,9,E wallet,Female,1,5,Others,2,Single,7,0,13,6,15,30,242
C000646,16,Tablet,3,46,Credit Card,Female,4,5,Laptop & Accessory,3,Single,1,1,3,7,6,11,132
C000647,24,Mobile Phone,2,9,Cash on Delivery,Male,2,4,Fashion,3,Single,3,0,10,2,13,25,315
C000648,16,Mobile Phone,2,28,UPI,Female,3,2,Others,2,Single,1,1,15,3,5,18,377
C000649,55,Mobile Phone,1,11,Cash on Delivery,Female,4,5,Fashion,2,Married,2,0,24,6,6,2,426
C000650,2,Mobile Phone,3,11,Cash on Delivery,Male,2,3,Mobile Phone,5,Married,6,0,14,9,15,1,250
C000651,49,Computer,1,18,Credit Card,Female,2,4,Mobile Phone,5,Single,6,1,4,5,3,15,312
C000652,28,Mobile Phone,2,19,UPI,Male,5,3,Grocery,1,Married,5,0,23,2,11,19,363
C000653,32,Computer,2,9,Credit Card,Male,3,1,Mobile Phone,5,Single,2,0,25,5,11,11,445
C000654,27,Mobile Phone,2,41,Debit Card,Female,2,2,Laptop & Accessory,5,Married,1,0,4,9,13,28,361
C000655,20,Mobile Phone,1,8,Cash on Delivery,Male,1,5,Mobile Phone,4,Married,2,1,17,1,5,30,72
C000656,24,Mobile Phone,3,34,UPI,Female,3,1,Grocery,2,Married,6,1,1,10,12,21,280
C000657,12,Mobile Phone,2,24,Cash on Delivery,Male,3,4,Others,5,Married,1,0,9,3,8,13,282
C000658,50,Mobile Phone,3,30,Debit Card,Female,4,3,Grocery,4,Single,4,1,20,5,14,8,241
C000659,35,Mobile Phone,1,13,Debit Card,Female,3,6,Others,4,Married,4,0,11,0,6,28,139
C000660,60,Mobile Phone,2,34,UPI,Female,3,2,Grocery,5,Married,6,0,19,2,4,13,241
C000661,33,Computer,2,48,UPI,Male,5,5,Mobile Phone,3,Single,1,1,11,10,2,2,217
C000662,33,Mobile Phone,2,26,Debit Card,Female,3,3,Fashion,5,Single,4,0,8,8,1,17,251
C000663,51,Mobile Phone,3,44,Cash on Delivery,Male,2,5,Laptop & Accessory,5,Single,5,0,4,2,3,4,143
C000664,43,Mobile Phone,1,45,E wallet,Female,1,5,Fashion,2,Married,6,0,17,5,1,30,412
C000665,37,Mobile Phone,1,48,Cash on Delivery,Female,5,3,Laptop & Accessory,3,Single,1,0,6,4,7,26,433
C000666,12,Computer,2,34,E wallet,Male,5,5,Mobile Phone,1,Married,3,0,24,6,3,25,283
C000667,3,Mobile Phone,1,24,Credit Card,Female,5,4,Grocery,5,Married,7,0,0,8,14,20,82
C000668,1,Mobile Phone,3,32,UPI,Female,5,2,Grocery,5,Married,4,0,28,6,8,8,484
C000669,33,Tablet,1,11,Debit Card,Male,4,1,Others,2,Married,6,0,26,3,12,27,495
C000670,40,Mobile Phone,2,8,Credit Card,Female,5,2,Fashion,1,Married,7,0,21,7,2,13,413
C000671,10,Mobile Phone,1,32,Cash on Delivery,Female,4,1,Laptop & Accessory,4,Single,6,0,7,0,7,11,405
C000672,43,Mobile Phone,2,39,E wallet,Male,4,4,Grocery,3,Single,5,0,2,10,1,6,165
C000673,44,Mobile Phone,1,37,UPI,Female,3,2,Mobile Phone,1,Married,1,0,19,2,13,15,156
C000674,29,Computer,1,11,E wallet,Female,1,4,Grocery,5,Married,7,0,19,6,14,16,436
C000675,13,Computer,1,13,Cash on Delivery,Male,3,3,Others,4,Single,3,0,30,1,4,7,273
C000676,12,Tablet,1,38,Cash on Delivery,Male,4,1,Grocery,2,Single,7,0,27,7,10,9,340
C000677,31,Mobile Phone,3,43,Debit Card,Female,3,3,Mobile Phone,5,Married,5,0,26,3,11,26,195
C000678,46,Mobile Phone,1,46,Credit Card,Male,2,3,Grocery,2,Married,7,0,21,10,8,13,79
C000679,2,Computer,2,38,UPI,Female,5,2,Laptop & Accessory,3,Married,4,0,8,3,8,10,362
C000680,51,Mobile Phone,3,17,Debit Card,Male,5,5,Laptop & Accessory,2,Single,6,0,24,2,15,6,68
C000681,50,Mobile Phone,3,33,E wallet,Female,4,5,Grocery,1,Married,1,0,8,9,3,20,253
C000682,35,Mobile Phone,3,39,Credit Card,Male,3,4,Mobile Phone,1,Married,4,0,7,7,2,4,339
C000683,23,Mobile Phone,3,49,UPI,Female,2,2,Mobile Phone,3,Married,3,0,11,5,8,1,437
C000684,17,Mobile Phone,2,14,E wallet,Female,2,3,Grocery,3,Single,1,0,5,8,11,29,73
C000685,26,Computer,2,34,UPI,Female,2,6,Mobile Phone,3,Single,5,0,2,7,3,18,120
C000686,8,Computer,1,48,UPI,Male,4,4,Laptop & Accessory,1,Single,4,0,5,9,8,11,130
C000687,29,Mobile Phone,2,30,Credit Card,Male,3,3,Laptop & Accessory,5,Divorced,6,0,21,10,8,21,352
C000688,26,Mobile Phone,3,39,E wallet,Female,2,4,Laptop & Accessory,1,Married,2,0,30,3,15,16,419
C000689,10,Mobile Phone,2,32,Debit Card,Male,2,6,Others,2,Married,7,0,3,7,5,16,329
C000690,26,Computer,2,33,Debit Card,Male,3,1,Fashion,3,Married,5,0,25,8,11,10,65
C000691,34,Mobile Phone,2,10,Debit Card,Male,3,4,Laptop & Accessory,4,Married,4,0,19,5,14,26,330
C000692,51,Computer,1,7,UPI,Male,5,4,Grocery,1,Married,2,0,6,5,15,21,132
C000693,41,Mobile Phone,3,33,Cash on Delivery,Male,1,3,Others,4,Single,6,0,1,9,9,24,459
C000694,7,Mobile Phone,2,6,Credit Card,Male,1,5,Grocery,5,Married,3,0,29,8,7,29,466
C000695,4,Mobile Phone,1,26,Debit Card,Female,2,3,Mobile Phone,1,Single,1,0,15,9,14,12,383
C000696,58,Computer,3,50,Credit Card,Female,3,2,Fashion,5,Single,3,0,1,8,10,4,285
C000697,53,Mobile Phone,2,31,UPI,Male,5,3,Others,5,Single,3,0,10,3,7,27,144
C000698,50,Mobile Phone,3,26,Credit Card,Male,4,6,Mobile Phone,1,Married,7,0,13,5,10,10,324
C000699,45,Mobile Phone,2,14,Debit Card,Male,1,5,Mobile Phone,1,Married,1,0,24,4,5,11,463
C000700,11,Computer,1,23,Debit Card,Female,1,2,Laptop & Accessory,5,Single,5,0,28,10,4,3,104
C000701,29,Computer,3,28,UPI,Female,3,6,Grocery,3,Married,4,0,19,4,14,23,203
C000702,56,Mobile Phone,2,31,UPI,Male,4,5,Mobile Phone,1,Married,3,0,14,8,4,15,121
C000703,36,Computer,1,40,E wallet,Female,1,2,Mobile Phone,5,Single,7,0,2,10,6,4,135
C000704,25,Mobile Phone,1,47,UPI,Female,5,3,Mobile Phone,2,Single,7,1,11,7,3,9,460
C000705,21,Mobile Phone,3,21,Cash on Delivery,Female,1,5,Fashion,4,Married,5,0,17,10,2,18,147
C000706,57,Mobile Phone,1,14,Cash on Delivery,Female,3,6,Others,2,Single,7,1,7,3,14,26,243
C000707,36,Mobile Phone,3,21,Debit Card,Female,3,6,Laptop & Accessory,1,Married,2,0,16,0,1,10,126
C000708,10,Computer,1,48,UPI,Female,4,5,Others,1,Married,7,1,16,1,9,19,177
C000709,37,Computer,2,14,Cash on Delivery,Male,1,6,Mobile Phone,1,Married,3,0,4,2,7,1,251
C000710,9,Mobile Phone,3,14,Cash on Delivery,Female,4,6,Fashion,1,Married,5,0,23,6,3,17,394
C000711,24,Mobile Phone,1,42,E wallet,Male,1,1,Mobile Phone,2,Married,5,1,9,5,4,0,146
C000712,35,Computer,2,21,UPI,Male,2,1,Grocery,3,Single,6,0,28,4,3,1,90
C000713,49,Computer,3,30,E wallet,Female,1,4,Others,5,Married,4,0,19,1,4,20,204
C000714,35,Mobile Phone,3,30,Credit Card,Female,3,1,Laptop & Accessory,5,Single,3,0,23,5,5,29,142
C000715,48,Tablet,2,38,E wallet,Male,3,5,Fashion,5,Married,1,0,24,10,5,9,362
C000716,36,Mobile Phone,2,8,Credit Card,Female,2,4,Others,4,Divorced,4,0,16,5,5,0,421
C000717,18,Mobile Phone,3,31,Credit Card,Male,1,3,Mobile Phone,1,Single,1,0,4,9,2,4,88
C000718,49,Computer,3,25,UPI,Male,1,4,Laptop & Accessory,2,Married,1,0,21,7,6,13,193
C000719,39,Mobile Phone,3,40,Credit Card,Female,3,6,Fashion,2,Divorced,5,0,29,7,12,8,230
C000720,32,Mobile Phone,1,42,Credit Card,Female,2,2,Mobile Phone,2,Divorced,1,0,6,6,4,2,284
C000721,24,Mobile Phone,3,50,E wallet,Female,3,4,Mobile Phone,3,Married,1,0,29,8,10,23,84
C000722,23,Computer,2,35,UPI,Male,2,1,Others,1,Married,4,1,25,2,13,17,479
C000723,32,Computer,1,11,UPI,Male,3,3,Mobile Phone,5,Single,3,0,24,7,10,11,257
C000724,37,Mobile Phone,1,48,Credit Card,Female,5,2,Mobile Phone,5,Married,4,1,2,7,3,18,192
C000725,12,Mobile Phone,1,38,E wallet,Female,1,4,Fashion,1,Married,5,0,13,4,13,7,76
C000726,49,Mobile Phone,1,22,E wallet,Female,4,3,Mobile Phone,5,Single,3,0,18,0,14,0,138
C000727,55,Mobile Phone,1,28,E wallet,Female,5,1,Grocery,5,Married,4,0,7,7,4,30,82
C000728,13,Mobile Phone,1,17,E wallet,Male,3,3,Grocery,1,Single,3,0,17,10,3,25,125
C000729,23,Computer,2,17,Debit Card,Female,2,3,Laptop & Accessory,2,Married,2,0,9,1,11,2,255
C000730,25,Mobile Phone,1,29,Credit Card,Male,4,2,Grocery,4,Married,4,0,5,10,5,16,315
C000731,35,Mobile Phone,1,9,Credit Card,Female,2,5,Grocery,1,Married,6,0,20,3,10,28,475
C000732,41,Mobile Phone,1,43,Credit Card,Male,2,1,Others,5,Married,6,0,1,9,4,28,470
C000733,30,Mobile Phone,1,33,UPI,Male,1,2,Grocery,5,Married,7,0,12,3,13,26,61
C000734,17,Computer,1,48,UPI,Male,3,2,Mobile Phone,4,Single,7,0,17,2,7,19,494
C000735,49,Mobile Phone,2,50,E wallet,Female,1,2,Others,4,Single,3,0,10,2,3,7,277
C000736,20,Mobile Phone,3,37,UPI,Female,2,5,Grocery,4,Married,1,0,16,10,11,14,376
C000737,48,Mobile Phone,3,28,Cash on Delivery,Female,1,5,Mobile Phone,1,Single,2,1,1,2,3,18,253
C000738,25,Mobile Phone,3,14,Credit Card,Male,5,4,Laptop & Accessory,2,Divorced,1,0,15,9,11,27,69
C000739,22,Mobile Phone,1,29,Credit Card,Female,2,4,Others,4,Married,2,0,1,6,6,10,83
C000740,13,Mobile Phone,1,45,Debit Card,Female,2,1,Mobile Phone,3,Single,6,0,21,1,10,13,144
C000741,59,Mobile Phone,1,14,Debit Card,Female,5,6,Others,2,Single,5,0,30,10,8,11,439
C000742,19,Mobile Phone,3,43,Cash on Delivery,Male,2,1,Laptop & Accessory,4,Married,3,0,15,1,15,13,286
C000743,49,Mobile Phone,1,20,Debit Card,Female,4,5,Laptop & Accessory,5,Married,2,0,1,2,12,4,91
C000744,36,Mobile Phone,2,32,E wallet,Male,4,5,Others,1,Single,3,1,2,5,10,23,309
C000745,12,Tablet,1,16,E wallet,Male,3,5,Mobile Phone,5,Single,5,0,19,7,5,30,449
C000746,41,Mobile Phone,1,48,Credit Card,Female,3,2,Fashion,5,Married,2,0,25,2,2,21,281
C000747,19,Mobile Phone,3,36,E wallet,Female,1,5,Others,1,Married,3,1,2,7,5,16,337
C000748,12,Mobile Phone,3,33,Debit Card,Male,1,2,Fashion,2,Single,6,0,16,4,1,24,461
C000749,9,Mobile Phone,3,49,Cash on Delivery,Female,5,2,Mobile Phone,5,Married,4,0,18,9,9,7,244
C000750,7,Computer,2,31,E wallet,Male,5,1,Grocery,2,Married,3,0,25,7,13,16,481
C000751,28,Mobile Phone,3,30,Credit Card,Male,2,3,Others,1,Single,3,0,8,5,2,12,177
C000752,14,Computer,2,7,Credit Card,Male,3,4,Laptop & Accessory,4,Single,3,0,21,4,13,10,236
C000753,31,Mobile Phone,3,30,Debit Card,Female,3,4,Grocery,5,Married,1,0,2,3,3,21,291
C000754,52,Mobile Phone,1,43,E wallet,Male,3,1,Mobile Phone,5,Single,2,1,12,4,10,2,116
C000755,19,Computer,2,5,Debit Card,Male,3,1,Laptop & Accessory,1,Single,3,0,1,9,9,10,396
C000756,58,Mobile Phone,2,39,Credit Card,Female,1,5,Others,1,Married,5,0,11,0,12,30,425
C000757,47,Mobile Phone,1,31,Cash on Delivery,Male,4,5,Mobile Phone,4,Single,3,0,26,8,15,14,356
C000758,16,Mobile Phone,3,50,E wallet,Male,5,5,Others,1,Married,3,0,14,8,6,5,218
C000759,53,Computer,3,8,Cash on Delivery,Female,5,2,Grocery,3,Single,4,0,11,10,14,0,398
C000760,5,Mobile Phone,2,23,E wallet,Male,3,2,Others,3,Married,4,0,26,3,7,11,286
C000761,35,Computer,1,26,Credit Card,Female,3,5,Laptop & Accessory,1,Single,4,0,8,10,1,12,62
C000762,12,Mobile Phone,2,10,E wallet,Female,1,2,Others,4,Divorced,1,0,11,0,4,16,478
C000763,25,Computer,3,13,Credit Card,Male,1,1,Grocery,3,Married,5,0,21,9,7,19,113
C000764,52,Mobile Phone,2,15,UPI,Female,5,5,Grocery,5,Married,2,0,25,6,13,28,101
C000765,59,Computer,1,26,Credit Card,Male,3,4,Laptop & Accessory,4,Single,5,0,27,5,5,0,380
C000766,21,Mobile Phone,2,13,Credit Card,Female,3,4,Fashion,1,Divorced,7,0,17,10,3,17,185
C000767,36,Computer,1,33,E wallet,Male,5,6,Fashion,3,Single,4,0,8,5,1,17,413
C000768,53,Mobile Phone,3,47,Cash on Delivery,Female,1,2,Others,4,Single,5,0,13,5,9,25,470
C000769,23,Mobile Phone,1,14,Credit Card,Male,5,4,Grocery,5,Single,1,0,5,9,6,28,206
C000770,16,Mobile Phone,2,38,E wallet,Male,1,5,Mobile Phone,1,Married,7,0,25,2,5,9,443
C000771,57,Mobile Phone,3,35,Credit Card,Female,1,4,Mobile Phone,2,Married,3,0,15,3,13,10,296
C000772,39,Mobile Phone,1,26,Debit Card,Male,1,1,Grocery,3,Divorced,4,1,26,0,3,15,96
C000773,45,Computer,1,50,Debit Card,Male,3,2,Mobile Phone,5,Single,2,0,1,0,10,1,216
C000774,53,Tablet,1,8,Debit Card,Female,5,4,Laptop & Accessory,4,Married,7,0,11,6,13,12,376
C000775,42,Mobile Phone,1,6,Debit Card,Female,1,2,Others,3,Married,1,0,22,3,3,14,249
C000776,58,Computer,1,9,Cash on Delivery,Female,4,1,Grocery,3,Married,5,0,27,1,13,13,151
C000777,39,Mobile Phone,3,50,Credit Card,Male,1,4,Others,1,Married,7,0,14,7,2,9,395
C000778,14,Mobile Phone,3,19,Debit Card,Male,1,6,Laptop & Accessory,5,Married,2,1,10,6,7,17,435
C000779,31,Computer,3,23,E wallet,Male,1,5,Mobile Phone,3,Divorced,2,0,15,9,14,8,404
C000780,58,Mobile Phone,3,42,Debit Card,Female,2,3,Grocery,3,Married,4,0,30,1,4,19,188
C000781,5,Tablet,1,19,UPI,Male,4,4,Laptop & Accessory,5,Married,3,0,9,10,4,11,163
C000782,35,Mobile Phone,1,50,UPI,Male,3,1,Laptop & Accessory,4,Married,1,0,25,6,8,18,457
C000783,23,Mobile Phone,1,12,Cash on Delivery,Male,5,6,Others,1,Married,7,0,14,6,13,3,334
C000784,29,Mobile Phone,3,24,UPI,Female,5,6,Grocery,3,Married,5,0,17,2,10,5,358
C000785,43,Mobile Phone,2,16,E wallet,Female,5,3,Others,5,Married,5,1,6,8,14,27,438
C000786,11,Mobile Phone,1,8,Debit Card,Male,3,6,Others,2,Single,1,0,12,4,3,7,73
C000787,18,Tablet,1,42,UPI,Female,1,4,Laptop & Accessory,4,Married,7,0,5,7,9,27,127
C000788,47,Computer,2,47,UPI,Female,4,2,Others,1,Single,1,0,6,7,7,29,130
C000789,12,Computer,2,43,Cash on Delivery,Male,5,1,Mobile Phone,2,Single,7,0,28,0,15,25,88
C000790,9,Mobile Phone,3,40,UPI,Female,2,4,Mobile Phone,4,Married,7,1,21,4,8,3,221
C000791,10,Mobile Phone,1,19,Debit Card,Female,2,1,Laptop & Accessory,3,Married,2,0,3,4,5,17,370
C000792,58,Mobile Phone,3,5,Credit Card,Female,4,5,Others,1,Married,6,0,29,2,1,1,189
C000793,44,Mobile Phone,2,35,Debit Card,Male,5,3,Mobile Phone,4,Married,6,0,11,4,12,15,279
C000794,17,Mobile Phone,2,13,UPI,Female,1,3,Fashion,4,Married,7,0,16,0,14,29,486
C000795,38,Computer,3,27,UPI,Female,5,5,Fashion,4,Married,3,0,25,9,13,19,285
C000796,7,Mobile Phone,3,30,UPI,Male,1,3,Others,4,Married,3,0,3,9,10,17,129
C000797,46,Mobile Phone,1,44,Cash on Delivery,Male,5,3,Laptop & Accessory,2,Married,4,0,0,0,13,27,85
C000798,13,Mobile Phone,1,48,E wallet,Male,2,6,Mobile Phone,1,Married,6,0,5,9,6,24,52
C000799,40,Mobile Phone,2,43,Debit Card,Male,3,5,Grocery,3,Single,5,0,4,0,12,16,485
C000800,42,Mobile Phone,2,22,UPI,Male,4,2,Grocery,1,Married,5,0,3,5,8,14,345
C000801,9,Computer,2,37,Credit Card,Female,1,6,Mobile Phone,2,Single,6,0,7,5,14,27,428
C000802,50,Mobile Phone,3,45,Cash on Delivery,Male,3,3,Others,1,Married,6,0,17,9,10,7,118
C000803,27,Computer,1,43,E wallet,Female,1,2,Fashion,2,Married,1,1,6,0,5,18,337
C000804,58,Mobile Phone,2,18,UPI,Male,4,1,Fashion,2,Married,6,1,5,0,8,1,322
C000805,2,Mobile Phone,1,5,Debit Card,Female,3,1,Mobile Phone,2,Single,4,0,11,4,2,11,377
C000806,5,Mobile Phone,3,17,Credit Card,Male,3,3,Fashion,2,Married,3,1,4,1,11,17,244
C000807,29,Computer,3,19,Cash on Delivery,Female,4,1,Mobile Phone,4,Married,7,0,23,2,8,11,274
C000808,37,Computer,2,41,Debit Card,Male,4,5,Laptop & Accessory,1,Single,6,0,0,6,7,26,452
C000809,38,Mobile Phone,1,9,Debit Card,Female,1,3,Fashion,5,Married,3,1,14,2,7,22,488
C000810,19,Mobile Phone,3,18,Cash on Delivery,Female,3,5,Others,2,Married,3,0,24,0,10,22,105
C000811,8,Mobile Phone,2,18,Debit Card,Male,4,2,Fashion,2,Single,7,1,30,0,9,25,353
C000812,48,Mobile Phone,1,50,Credit Card,Female,1,4,Mobile Phone,1,Single,4,0,24,4,10,4,90
C000813,45,Computer,3,9,Credit Card,Female,5,4,Grocery,4,Single,4,0,13,8,14,7,65
C000814,1,Mobile Phone,3,15,Debit Card,Male,4,6,Fashion,3,Single,1,0,25,2,9,30,436
C000815,22,Mobile Phone,2,36,UPI,Female,3,3,Mobile Phone,2,Single,2,0,11,4,2,0,73
C000816,52,Mobile Phone,2,9,Debit Card,Female,5,5,Fashion,4,Single,4,0,7,5,14,20,156
C000817,17,Mobile Phone,1,40,UPI,Male,4,4,Fashion,4,Married,3,0,11,6,3,27,203
C000818,7,Mobile Phone,2,19,Debit Card,Female,2,3,Fashion,5,Divorced,4,0,15,3,3,6,252
C000819,25,Mobile Phone,2,11,E wallet,Male,3,6,Grocery,2,Single,2,0,24,6,9,26,332
C000820,45,Computer,1,9,Credit Card,Female,3,4,Mobile Phone,4,Single,4,0,10,2,10,10,342
C000821,4,Computer,1,34,Debit Card,Female,1,6,Laptop & Accessory,5,Single,3,0,4,3,15,11,380
C000822,36,Mobile Phone,1,19,Credit Card,Female,2,4,Others,4,Single,1,1,13,6,11,9,147
C000823,6,Computer,1,34,Cash on Delivery,Female,4,1,Grocery,5,Single,4,0,11,2,4,2,490
C000824,60,Mobile Phone,2,18,E wallet,Male,2,3,Others,5,Married,3,0,28,7,11,22,303
C000825,31,Mobile Phone,2,28,UPI,Male,4,6,Others,5,Single,4,0,1,10,5,24,422
C000826,19,Mobile Phone,2,28,Cash on Delivery,Female,1,6,Laptop & Accessory,4,Single,1,0,19,9,11,29,365
C000827,44,Mobile Phone,1,39,E wallet,Female,5,4,Fashion,3,Married,7,0,1,6,12,28,247
C000828,54,Mobile Phone,2,9,Cash on Delivery,Male,2,6,Laptop & Accessory,1,Single,5,0,17,4,14,0,472
C000829,39,Mobile Phone,3,16,Credit Card,Male,3,3,Others,5,Single,3,0,11,1,14,5,290
C000830,27,Mobile Phone,2,24,E wallet,Male,4,1,Grocery,2,Married,3,0,4,6,14,26,244
C000831,10,Tablet,3,50,Cash on Delivery,Female,2,3,Others,1,Married,4,0,11,1,11,7,469
C000832,26,Mobile Phone,2,9,UPI,Female,4,1,Others,3,Single,5,0,0,1,13,22,403
C000833,19,Mobile Phone,2,40,E wallet,Female,2,4,Laptop & Accessory,1,Single,7,0,25,3,2,7,105
C000834,39,Mobile Phone,1,25,E wallet,Male,3,6,Mobile Phone,1,Single,3,0,9,9,13,25,256
C000835,3,Mobile Phone,2,43,Cash on Delivery,Female,4,6,Others,3,Married,3,1,20,8,7,20,466
C000836,45,Mobile Phone,3,7,Debit Card,Male,4,4,Mobile Phone,2,Divorced,5,0,16,3,1,30,82
C000837,13,Computer,3,33,UPI,Male,5,4,Fashion,5,Single,4,0,2,7,3,18,54
C000838,50,Mobile Phone,3,29,UPI,Female,1,1,Others,4,Single,6,0,12,5,5,6,54
C000839,28,Mobile Phone,1,31,Cash on Delivery,Male,2,2,Laptop & Accessory,2,Divorced,3,0,6,6,9,18,164
C000840,58,Mobile Phone,2,40,Credit Card,Female,3,1,Fashion,2,Single,3,0,7,1,15,22,52
C000841,20,Mobile Phone,2,26,Credit Card,Male,5,1,Grocery,5,Single,1,0,10,1,5,19,336
C000842,28,Mobile Phone,2,42,Debit Card,Female,5,6,Others,2,Single,2,0,16,5,6,8,352
C000843,8,Mobile Phone,1,39,Debit Card,Female,1,5,Laptop & Accessory,2,Married,3,0,9,2,8,4,205
C000844,41,Mobile Phone,3,5,Cash on Delivery,Male,3,4,Others,1,Single,3,0,24,5,5,29,182
C000845,39,Mobile Phone,3,7,Credit Card,Male,2,4,Laptop & Accessory,1,Single,6,0,30,3,7,1,207
C000846,1,Mobile Phone,2,28,UPI,Female,4,5,Laptop & Accessory,3,Married,3,0,14,3,9,3,322
C000847,3,Tablet,1,12,Credit Card,Female,1,6,Mobile Phone,3,Married,6,0,30,7,6,9,102
C000848,13,Mobile Phone,1,43,Cash on Delivery,Male,4,2,Others,3,Divorced,1,0,5,8,12,0,360
C000849,28,Computer,2,22,Credit Card,Female,5,3,Laptop & Accessory,4,Single,5,0,8,10,4,21,129
C000850,57,Computer,1,45,E wallet,Female,4,4,Laptop & Accessory,5,Married,2,0,28,9,13,16,238
C000851,60,Mobile Phone,3,7,Cash on Delivery,Male,2,4,Fashion,4,Single,1,0,25,10,9,28,121
C000852,49,Mobile Phone,2,22,E wallet,Male,2,1,Others,4,Single,2,0,1,6,13,4,209
C000853,25,Mobile Phone,2,20,Cash on Delivery,Male,4,2,Fashion,3,Single,4,0,1,8,3,22,104
C000854,56,Mobile Phone,2,36,UPI,Female,4,2,Mobile Phone,5,Married,3,0,21,0,3,25,64
C000855,33,Mobile Phone,1,5,Cash on Delivery,Female,1,6,Mobile Phone,4,Married,5,0,11,5,11,4,128
C000856,38,Computer,3,30,Cash on Delivery,Male,2,2,Laptop & Accessory,1,Single,2,0,16,9,12,4,79
C000857,53,Computer,2,16,Cash on Delivery,Male,4,2,Laptop & Accessory,4,Married,6,0,17,3,15,13,281
C000858,6,Mobile Phone,3,42,Cash on Delivery,Male,3,5,Laptop & Accessory,1,Married,6,0,11,1,10,19,497
C000859,58,Mobile Phone,2,25,Debit Card,Female,1,1,Others,4,Single,3,0,20,9,13,5,342
C000860,44,Mobile Phone,2,45,E wallet,Female,1,6,Others,5,Single,7,0,29,1,2,8,409
C000861,45,Computer,1,17,Cash on Delivery,Female,1,5,Grocery,1,Single,7,0,21,5,11,13,338
C000862,32,Mobile Phone,2,16,Cash on Delivery,Male,1,5,Laptop & Accessory,1,Married,5,1,27,3,6,18,202
C000863,45,Mobile Phone,3,17,Debit Card,Male,4,3,Fashion,3,Married,3,0,13,4,11,9,298
C000864,47,Computer,3,22,Credit Card,Female,5,1,Grocery,1,Single,6,0,20,9,13,15,308
C000865,21,Mobile Phone,3,23,Debit Card,Male,3,2,Others,4,Single,3,1,2,8,11,1,67
C000866,16,Computer,1,23,Debit Card,Male,5,6,Others,4,Single,5,0,5,7,2,28,348
C000867,54,Mobile Phone,3,10,Debit Card,Male,5,1,Laptop & Accessory,3,Married,3,1,24,3,11,3,487
C000868,21,Mobile Phone,3,11,Cash on Delivery,Female,4,2,Fashion,2,Single,6,0,3,10,2,2,440
C000869,11,Computer,1,11,Debit Card,Male,1,3,Fashion,1,Married,4,0,12,1,3,11,266
C000870,60,Mobile Phone,3,32,Debit Card,Male,1,4,Mobile Phone,1,Single,1,0,18,1,3,9,95
C000871,37,Mobile Phone,1,32,Debit Card,Male,4,5,Laptop & Accessory,1,Married,2,0,14,2,2,4,251
C000872,36,Mobile Phone,2,23,Cash on Delivery,Male,4,3,Others,4,Single,7,0,9,6,15,16,257
C000873,35,Mobile Phone,1,20,UPI,Female,2,5,Laptop & Accessory,5,Single,5,0,6,6,15,22,459
C000874,19,Mobile Phone,3,21,UPI,Female,1,6,Laptop & Accessory,5,Single,1,1,23,6,2,27,454
C000875,20,Mobile Phone,1,26,Credit Card,Female,3,2,Mobile Phone,5,Married,2,0,10,2,6,26,109
C000876,57,Mobile Phone,2,23,Cash on Delivery,Female,2,6,Mobile Phone,3,Single,5,0,23,8,8,6,238
C000877,18,Mobile Phone,2,33,Debit Card,Male,5,2,Grocery,3,Married,5,0,25,6,15,1,59
C000878,47,Computer,1,23,Debit Card,Female,1,3,Laptop & Accessory,4,Single,4,0,12,8,10,3,480
C000879,41,Computer,2,39,Debit Card,Male,4,4,Others,5,Single,5,0,8,8,14,26,133
C000880,49,Mobile Phone,1,29,UPI,Male,4,4,Mobile Phone,2,Divorced,4,0,26,6,10,9,147
C000881,14,Mobile Phone,2,24,Debit Card,Male,4,5,Grocery,1,Single,2,0,15,4,4,23,216
C000882,15,Mobile Phone,3,41,Debit Card,Male,1,2,Grocery,5,Divorced,3,1,30,7,12,18,197
C000883,31,Mobile Phone,3,23,UPI,Female,3,2,Grocery,2,Married,6,0,6,9,4,19,291
C000884,1,Computer,3,46,Debit Card,Female,4,4,Others,1,Married,4,0,5,2,11,28,254
C000885,53,Computer,1,17,Credit Card,Male,1,2,Mobile Phone,1,Single,3,1,15,5,6,27,136
C000886,54,Mobile Phone,1,16,E wallet,Female,5,6,Fashion,3,Single,3,0,4,7,15,15,447
C000887,54,Mobile Phone,2,19,Credit Card,Female,2,2,Others,2,Single,5,0,4,2,5,12,461
C000888,3,Mobile Phone,1,8,Cash on Delivery,Male,1,3,Laptop & Accessory,5,Married,1,0,12,10,4,19,155
C000889,16,Mobile Phone,3,19,Credit Card,Female,1,4,Fashion,5,Divorced,3,0,25,8,11,18,264
C000890,23,Mobile Phone,1,21,Credit Card,Male,4,4,Others,4,Single,7,1,14,1,5,18,153
C000891,57,Tablet,3,31,UPI,Male,2,6,Mobile Phone,2,Married,1,0,16,0,9,11,53
C000892,11,Computer,1,15,Cash on Delivery,Male,2,6,Grocery,1,Married,4,0,10,10,5,25,275
C000893,12,Mobile Phone,3,27,Credit Card,Female,4,1,Others,3,Married,7,0,13,9,7,7,83
C000894,10,Mobile Phone,1,19,E wallet,Male,3,6,Laptop & Accessory,4,Single,3,0,22,5,1,20,429
C000895,32,Computer,1,35,Credit Card,Male,1,4,Laptop & Accessory,3,Single,7,0,21,5,13,14,459
C000896,16,Mobile Phone,2,30,Debit Card,Male,4,4,Laptop & Accessory,1,Single,3,0,6,3,3,21,444
C000897,8,Mobile Phone,1,11,UPI,Female,3,6,Fashion,1,Single,3,0,25,1,6,7,207
C000898,38,Mobile Phone,2,17,Debit Card,Male,4,1,Grocery,3,Single,1,0,30,2,6,14,451
C000899,12,Computer,2,17,Cash on Delivery,Male,5,2,Others,4,Single,4,1,24,1,11,7,463
C000900,24,Mobile Phone,1,24,Cash on Delivery,Male,3,2,Fashion,1,Single,1,0,8,3,1,22,67
C000901,28,Mobile Phone,3,38,UPI,Male,3,5,Others,5,Married,2,0,17,9,12,8,235
C000902,53,Computer,2,14,Credit Card,Female,2,2,Mobile Phone,5,Divorced,7,0,2,10,2,23,380
C000903,8,Computer,2,41,Cash on Delivery,Male,1,4,Mobile Phone,5,Divorced,2,0,25,7,4,5,115
C000904,58,Computer,2,31,E wallet,Female,4,5,Others,4,Single,6,0,8,1,3,13,68
C000905,28,Mobile Phone,2,38,UPI,Male,4,5,Fashion,4,Single,5,0,2,6,8,25,70
C000906,36,Mobile Phone,1,40,Debit Card,Female,1,6,Laptop & Accessory,2,Divorced,3,1,13,3,5,18,301
C000907,26,Computer,1,20,E wallet,Male,1,6,Fashion,2,Married,2,0,28,5,5,6,428
C000908,8,Computer,2,25,UPI,Female,2,2,Fashion,5,Divorced,2,0,28,0,12,2,322
C000909,58,Mobile Phone,2,20,E wallet,Female,1,5,Others,3,Married,6,0,27,0,6,12,211
C000910,60,Mobile Phone,1,21,UPI,Male,5,1,Fashion,3,Married,1,1,19,6,6,16,285
C000911,50,Computer,2,19,Debit Card,Male,2,5,Mobile Phone,5,Single,4,0,4,6,13,16,384
C000912,28,Computer,2,17,Credit Card,Male,3,3,Others,2,Married,3,0,15,6,11,7,173
C000913,28,Mobile Phone,1,37,UPI,Female,1,1,Others,4,Married,3,0,25,2,11,22,88
C000914,37,Mobile Phone,1,9,Cash on Delivery,Female,3,4,Others,3,Single,5,0,27,5,4,14,214
C000915,41,Mobile Phone,2,31,Debit Card,Female,2,2,Fashion,4,Married,4,0,30,9,13,21,133
C000916,36,Mobile Phone,1,5,Debit Card,Female,5,2,Grocery,5,Single,3,1,21,7,10,28,181
C000917,27,Mobile Phone,1,48,E wallet,Male,5,6,Laptop & Accessory,4,Single,1,1,27,7,11,24,322
C000918,54,Mobile Phone,1,34,Cash on Delivery,Female,1,3,Laptop & Accessory,3,Married,3,0,26,7,15,19,330
C000919,17,Mobile Phone,3,27,E wallet,Male,5,2,Mobile Phone,2,Married,2,0,25,9,2,2,313
C000920,9,Mobile Phone,2,19,Debit Card,Female,4,4,Others,3,Single,3,0,25,6,10,21,490
C000921,33,Mobile Phone,1,40,UPI,Male,2,5,Laptop & Accessory,1,Single,2,0,17,3,4,16,423
C000922,53,Computer,1,23,Cash on Delivery,Female,5,2,Fashion,4,Single,4,1,26,4,6,27,410
C000923,20,Mobile Phone,2,34,Debit Card,Female,2,4,Fashion,4,Single,7,0,27,5,12,15,332
C000924,13,Mobile Phone,2,20,Cash on Delivery,Male,2,6,Fashion,4,Single,2,1,5,0,7,5,361
C000925,28,Computer,3,22,UPI,Female,4,1,Mobile Phone,5,Married,4,0,30,1,4,5,208
C000926,48,Mobile Phone,3,30,Credit Card,Female,1,4,Others,5,Married,7,0,18,5,9,27,121
C000927,29,Tablet,2,21,E wallet,Female,2,6,Laptop & Accessory,3,Single,6,1,12,2,8,18,330
C000928,13,Computer,1,15,E wallet,Male,4,3,Others,2,Single,7,0,6,2,7,22,365
C000929,46,Mobile Phone,3,49,Debit Card,Female,5,4,Others,1,Single,5,0,8,3,12,28,122
C000930,35,Tablet,3,33,Debit Card,Male,3,2,Fashion,2,Single,7,1,28,0,7,16,91
C000931,6,Mobile Phone,2,13,UPI,Female,1,5,Laptop & Accessory,2,Married,2,0,20,4,1,11,349
C000932,18,Mobile Phone,2,21,Debit Card,Female,3,4,Mobile Phone,1,Married,4,0,23,7,9,11,284
C000933,51,Mobile Phone,1,31,Debit Card,Male,4,3,Others,5,Married,1,1,21,7,7,13,50
C000934,5,Mobile Phone,1,41,Debit Card,Male,2,1,Grocery,4,Single,4,0,7,6,9,15,149
C000935,47,Computer,2,26,Cash on Delivery,Male,4,3,Fashion,5,Single,5,0,19,6,9,9,271
C000936,25,Mobile Phone,3,12,Cash on Delivery,Female,1,6,Grocery,4,Married,2,0,22,3,8,13,417
C000937,2,Mobile Phone,2,7,Credit Card,Male,1,1,Mobile Phone,4,Married,1,0,11,8,7,17,162
C000938,10,Mobile Phone,3,42,Cash on Delivery,Female,5,4,Mobile Phone,5,Single,4,0,8,10,2,22,359
C000939,56,Mobile Phone,1,39,E wallet,Female,4,5,Mobile Phone,2,Married,2,0,27,5,12,11,291
C000940,30,Mobile Phone,1,36,Credit Card,Male,1,3,Mobile Phone,4,Married,5,0,22,1,6,30,417
C000941,50,Mobile Phone,2,12,Debit Card,Female,4,5,Laptop & Accessory,5,Married,3,0,17,10,10,12,287
C000942,59,Computer,1,48,E wallet,Female,5,6,Grocery,2,Single,6,0,20,4,7,0,488
C000943,45,Mobile Phone,2,31,Credit Card,Female,5,4,Fashion,1,Divorced,5,0,24,6,11,21,319
C000944,5,Computer,1,36,Credit Card,Female,4,5,Grocery,4,Married,5,0,0,7,1,18,362
C000945,55,Mobile Phone,3,40,E wallet,Male,1,5,Laptop & Accessory,2,Married,2,0,3,10,15,24,91
C000946,56,Computer,3,38,Credit Card,Female,2,3,Others,4,Divorced,2,0,8,6,1,28,353
C000947,33,Computer,2,29,E wallet,Female,2,4,Mobile Phone,2,Married,6,0,8,9,2,25,287
C000948,54,Mobile Phone,1,35,Credit Card,Male,5,5,Others,1,Divorced,4,1,25,2,14,23,117
C000949,1,Mobile Phone,2,46,Credit Card,Male,1,1,Mobile Phone,4,Married,1,0,20,4,4,23,459
C000950,18,Computer,3,17,Credit Card,Female,5,2,Fashion,5,Single,5,0,15,8,9,3,63
C000951,32,Mobile Phone,2,19,E wallet,Male,5,1,Mobile Phone,2,Single,7,0,0,5,7,28,497
C000952,47,Tablet,1,17,Credit Card,Male,5,6,Mobile Phone,1,Single,2,1,24,9,8,1,235
C000953,49,Mobile Phone,1,37,Cash on Delivery,Female,5,5,Others,4,Single,7,0,16,3,3,25,473
C000954,11,Mobile Phone,1,35,Cash on Delivery,Male,4,4,Others,1,Single,2,0,29,5,14,23,350
C000955,21,Mobile Phone,1,29,Cash on Delivery,Female,4,1,Others,1,Married,5,0,10,10,7,24,341
C000956,26,Tablet,3,44,Cash on Delivery,Female,1,4,Laptop & Accessory,4,Single,4,0,13,0,8,15,480
C000957,25,Mobile Phone,3,27,Cash on Delivery,Female,1,6,Mobile Phone,4,Married,2,0,25,2,4,4,52
C000958,22,Computer,1,42,Debit Card,Male,3,1,Others,2,Divorced,3,0,13,3,14,16,235
C000959,59,Computer,1,7,Credit Card,Female,2,4,Laptop & Accessory,5,Single,3,0,20,6,2,15,427
C000960,27,Mobile Phone,1,20,UPI,Female,4,5,Fashion,1,Single,1,0,2,1,12,24,119
C000961,49,Mobile Phone,3,6,Debit Card,Female,1,3,Fashion,4,Married,7,0,16,6,9,27,326
C000962,13,Computer,2,27,E wallet,Male,5,1,Mobile Phone,1,Single,4,0,3,10,4,30,444
C000963,33,Mobile Phone,2,38,Debit Card,Male,4,6,Others,2,Single,7,0,0,7,8,20,140
C000964,34,Computer,2,34,UPI,Female,2,4,Mobile Phone,2,Single,5,0,9,7,1,30,488
C000965,41,Mobile Phone,2,14,Debit Card,Female,4,1,Mobile Phone,2,Single,7,0,16,6,12,4,447
C000966,35,Mobile Phone,1,5,Credit Card,Male,2,4,Mobile Phone,5,Married,5,0,21,7,12,13,480
C000967,1,Computer,1,26,Cash on Delivery,Female,3,4,Laptop & Accessory,3,Married,5,1,14,7,10,29,387
C000968,21,Mobile Phone,2,37,Credit Card,Male,1,3,Mobile Phone,3,Single,3,1,6,0,2,25,119
C000969,48,Mobile Phone,2,29,Debit Card,Female,2,4,Fashion,3,Married,5,1,19,0,5,23,349
C000970,55,Mobile Phone,1,26,UPI,Male,3,1,Others,5,Single,6,0,22,6,8,3,474
C000971,6,Mobile Phone,1,20,E wallet,Female,4,6,Grocery,5,Single,1,0,30,7,6,2,273
C000972,28,Mobile Phone,1,34,Credit Card,Female,1,5,Grocery,1,Married,3,0,18,8,15,18,146
C000973,17,Computer,2,22,UPI,Male,2,6,Grocery,1,Married,2,0,25,4,6,20,113
C000974,5,Mobile Phone,2,28,E wallet,Male,2,2,Others,2,Single,4,0,10,1,4,4,421
C000975,31,Mobile Phone,3,9,Cash on Delivery,Male,1,4,Mobile Phone,5,Married,6,0,3,9,10,27,305
C000976,5,Mobile Phone,1,41,Credit Card,Female,4,2,Others,3,Married,2,0,4,6,15,17,168
C000977,38,Mobile Phone,1,27,Credit Card,Male,4,5,Others,3,Divorced,2,0,18,3,14,14,381
C000978,3,Mobile Phone,1,46,Cash on Delivery,Male,5,6,Laptop & Accessory,1,Married,4,0,21,9,10,29,373
C000979,53,Computer,2,31,Cash on Delivery,Male,4,2,Others,2,Single,4,0,30,4,3,2,227
C000980,23,Computer,2,16,Debit Card,Male,1,4,Laptop & Accessory,2,Married,5,0,26,0,15,16,487
C000981,37,Mobile Phone,2,14,E wallet,Male,3,1,Fashion,4,Single,5,0,16,3,14,0,149
C000982,53,Mobile Phone,1,38,UPI,Male,1,6,Laptop & Accessory,5,Single,1,0,17,4,11,24,482
C000983,37,Mobile Phone,2,37,Cash on Delivery,Female,2,6,Grocery,3,Married,4,0,6,8,9,22,412
C000984,10,Mobile Phone,3,20,Debit Card,Male,5,3,Laptop & Accessory,3,Divorced,7,1,9,4,14,30,113
C000985,10,Mobile Phone,3,33,E wallet,Male,5,6,Fashion,1,Single,4,1,20,4,14,7,252
C000986,19,Mobile Phone,3,22,E wallet,Male,3,4,Others,1,Single,7,0,13,7,14,11,277
C000987,17,Mobile Phone,3,31,Credit Card,Female,2,4,Grocery,5,Married,2,0,4,3,1,13,384
C000988,21,Mobile Phone,3,11,Debit Card,Male,4,3,Laptop & Accessory,1,Divorced,7,0,22,6,4,11,265
C000989,14,Mobile Phone,1,40,Debit Card,Female,4,3,Mobile Phone,1,Married,5,0,10,4,10,4,104
C000990,9,Tablet,1,31,Credit Card,Male,4,6,Others,3,Married,1,0,4,4,11,9,338
C000991,46,Mobile Phone,1,14,UPI,Female,1,3,Grocery,5,Divorced,5,0,9,5,5,5,217
C000992,1,Mobile Phone,2,14,Cash on Delivery,Male,4,3,Grocery,3,Married,4,0,15,7,9,16,309
C000993,51,Mobile Phone,3,15,Credit Card,Female,2,3,Laptop & Accessory,3,Married,1,0,25,6,5,16,253
C000994,45,Mobile Phone,1,34,Cash on Delivery,Female,5,4,Others,1,Married,5,0,10,10,13,9,189
C000995,13,Computer,2,7,Debit Card,Male,1,2,Others,3,Married,2,0,26,7,5,28,351
C000996,4,Mobile Phone,2,33,Credit Card,Female,4,1,Mobile Phone,5,Married,5,0,19,2,6,15,390
C000997,1,Mobile Phone,3,18,UPI,Male,2,4,Mobile Phone,1,Married,5,0,13,8,15,20,459
C000998,49,Mobile Phone,2,17,Cash on Delivery,Female,3,5,Grocery,5,Married,1,0,6,4,14,14,197
C000999,40,Computer,3,23,Cash on Delivery,Female,2,6,Grocery,2,Married,6,0,9,6,5,21,419
C001000,32,Mobile Phone,1,29,Cash on Delivery,Female,5,4,Fashion,5,Married,1,1,6,10,1,12,167
C001001,34,Mobile Phone,1,14,Debit Card,Female,2,6,Grocery,5,Single,3,0,4,0,7,1,262
C001002,28,Mobile Phone,2,19,Cash on Delivery,Male,2,4,Mobile Phone,4,Married,6,0,13,0,13,29,91
C001003,31,Mobile Phone,1,32,E wallet,Male,1,2,Laptop & Accessory,5,Single,4,1,7,10,13,14,118
C001004,8,Mobile Phone,1,44,Cash on Delivery,Male,5,6,Fashion,3,Single,2,0,27,6,15,21,494
C001005,39,Mobile Phone,2,42,Debit Card,Female,4,3,Grocery,3,Married,5,1,8,10,1,11,188
C001006,26,Mobile Phone,3,11,Credit Card,Female,5,6,Mobile Phone,1,Single,1,0,29,5,1,25,301
C001007,58,Computer,2,18,Cash on Delivery,Male,3,5,Fashion,2,Married,5,0,4,2,1,24,246
C001008,34,Mobile Phone,1,34,Cash on Delivery,Male,5,2,Laptop & Accessory,1,Married,6,0,0,4,8,4,257
C001009,54,Mobile Phone,2,44,Credit Card,Male,1,1,Laptop & Accessory,5,Married,6,0,30,4,13,28,445
C001010,54,Mobile Phone,1,16,E wallet,Female,4,5,Mobile Phone,5,Single,7,0,19,6,15,0,150
C001011,3,Tablet,1,32,Debit Card,Female,5,5,Others,3,Single,5,0,23,1,14,10,275
C001012,59,Mobile Phone,2,18,Credit Card,Male,4,2,Mobile Phone,5,Single,5,0,25,5,14,1,175
C001013,50,Computer,1,5,Debit Card,Male,1,5,Mobile Phone,5,Single,5,0,6,10,4,16,369
C001014,12,Mobile Phone,1,8,Credit Card,Male,2,4,Mobile Phone,3,Single,2,0,25,6,11,26,199
C001015,1,Mobile Phone,3,22,UPI,Female,3,4,Others,2,Married,6,0,24,4,11,26,64
C001016,54,Mobile Phone,1,40,E wallet,Female,5,3,Grocery,5,Single,2,0,1,0,5,29,401
C001017,44,Mobile Phone,3,36,UPI,Male,4,2,Grocery,4,Divorced,6,0,2,3,5,14,148
C001018,5,Computer,2,32,Credit Card,Male,5,4,Laptop & Accessory,2,Married,2,0,23,1,2,12,117
C001019,30,Tablet,3,32,Credit Card,Female,1,5,Grocery,2,Married,7,0,6,1,15,13,169
C001020,30,Mobile Phone,1,42,Debit Card,Male,2,5,Mobile Phone,3,Married,6,0,13,0,13,9,414
C001021,59,Mobile Phone,2,36,Credit Card,Male,1,4,Grocery,1,Single,2,0,27,4,2,21,476
C001022,57,Computer,1,12,Debit Card,Male,4,2,Others,5,Married,7,0,12,0,11,10,274
C001023,17,Mobile Phone,3,29,Debit Card,Female,5,2,Grocery,5,Married,6,0,27,3,3,11,381
C001024,48,Mobile Phone,1,24,Credit Card,Male,4,1,Mobile Phone,1,Married,3,0,6,9,4,20,238
C001025,47,Mobile Phone,1,37,Debit Card,Female,1,2,Grocery,5,Married,1,0,13,4,6,17,300
C001026,23,Mobile Phone,3,34,E wallet,Male,5,6,Laptop & Accessory,4,Divorced,4,0,8,9,7,0,384
C001027,15,Mobile Phone,1,41,UPI,Female,4,6,Grocery,1,Married,7,1,14,0,12,4,464
C001028,37,Mobile Phone,1,20,Credit Card,Female,5,6,Laptop & Accessory,3,Single,4,1,22,2,3,21,148
C001029,21,Mobile Phone,1,29,Debit Card,Male,3,4,Fashion,1,Single,1,1,8,6,3,28,225
C001030,14,Mobile Phone,2,42,Debit Card,Female,1,1,Others,2,Single,4,1,1,1,11,30,465
C001031,2,Mobile Phone,1,46,Debit Card,Female,1,5,Laptop & Accessory,3,Divorced,3,0,24,4,7,17,289
C001032,11,Mobile Phone,2,14,Debit Card,Male,3,4,Fashion,2,Single,1,0,4,8,1,19,246
C001033,51,Computer,1,9,E wallet,Male,2,3,Fashion,3,Single,4,1,3,9,1,26,166
C001034,39,Mobile Phone,2,12,Credit Card,Female,4,3,Mobile Phone,1,Married,7,0,28,6,4,25,491
C001035,38,Mobile Phone,3,37,Credit Card,Male,2,2,Fashion,2,Single,5,1,19,1,1,9,422
C001036,60,Computer,2,41,E wallet,Male,5,1,Others,3,Single,6,0,5,7,8,16,474
C001037,34,Computer,2,5,E wallet,Male,4,1,Others,5,Married,3,1,13,1,11,0,255
C001038,38,Mobile Phone,1,35,E wallet,Male,4,5,Others,2,Married,4,0,17,2,10,4,336
C001039,50,Mobile Phone,1,11,Credit Card,Male,4,2,Others,4,Married,6,0,8,3,14,25,481
C001040,34,Computer,1,27,Cash on Delivery,Male,3,1,Mobile Phone,3,Single,3,0,3,5,6,2,255
C001041,18,Computer,2,28,UPI,Male,1,4,Grocery,5,Married,6,0,26,7,6,28,91
C001042,30,Tablet,2,18,E wallet,Female,3,5,Laptop & Accessory,5,Married,1,0,2,7,5,26,63
C001043,15,Computer,3,27,E wallet,Male,3,1,Mobile Phone,1,Married,1,0,21,7,9,12,367
C001044,27,Mobile Phone,1,13,Credit Card,Male,3,3,Mobile Phone,1,Married,1,1,18,6,9,5,247
C001045,51,Mobile Phone,2,12,Credit Card,Male,2,3,Laptop & Accessory,2,Single,4,0,26,1,3,29,366
C001046,34,Mobile Phone,2,12,UPI,Male,3,1,Laptop & Accessory,2,Married,2,0,29,8,11,8,108
C001047,52,Mobile Phone,2,7,Debit Card,Male,1,6,Grocery,4,Married,3,1,21,10,3,7,349
C001048,57,Mobile Phone,3,36,Credit Card,Male,4,6,Grocery,5,Married,6,0,12,4,15,17,269
C001049,38,Mobile Phone,1,8,UPI,Female,2,3,Others,3,Single,4,0,0,7,7,2,482
C001050,33,Mobile Phone,1,42,Credit Card,Male,3,4,Grocery,4,Married,3,1,3,10,3,2,301
C001051,24,Computer,2,6,Credit Card,Female,3,5,Grocery,4,Divorced,5,0,21,3,6,8,437
C001052,15,Mobile Phone,1,13,Credit Card,Female,4,4,Laptop & Accessory,4,Single,7,1,2,7,13,0,333
C001053,60,Mobile Phone,1,50,Cash on Delivery,Female,4,3,Fashion,3,Divorced,1,0,18,1,8,0,248
C001054,30,Mobile Phone,1,5,Cash on Delivery,Female,2,1,Others,4,Single,1,0,11,3,5,3,411
C001055,55,Mobile Phone,1,15,E wallet,Male,1,1,Others,1,Single,6,0,6,0,9,29,298
C001056,42,Computer,2,33,Cash on Delivery,Male,2,5,Mobile Phone,1,Married,2,1,9,5,5,30,311
C001057,51,Mobile Phone,1,30,UPI,Male,4,3,Grocery,1,Single,1,0,12,9,1,14,155
C001058,17,Tablet,2,31,Credit Card,Female,1,3,Grocery,4,Married,5,0,22,1,7,5,489
C001059,5,Mobile Phone,2,42,Cash on Delivery,Male,3,3,Laptop & Accessory,4,Single,3,0,4,3,12,5,363
C001060,29,Mobile Phone,2,33,Credit Card,Female,3,2,Grocery,5,Married,4,1,16,8,15,9,290
C001061,4,Mobile Phone,3,37,Debit Card,Female,5,1,Mobile Phone,2,Married,1,0,23,4,10,2,177
C001062,10,Mobile Phone,1,32,E wallet,Male,4,3,Laptop & Accessory,5,Single,4,0,2,3,11,1,141
C001063,56,Computer,3,35,Cash on Delivery,Female,5,5,Others,1,Single,7,0,16,8,10,26,132
C001064,17,Mobile Phone,2,23,Credit Card,Male,2,6,Grocery,2,Divorced,2,0,16,0,13,9,127
C001065,10,Computer,3,30,Debit Card,Female,2,2,Grocery,5,Married,1,0,24,2,9,12,159
C001066,17,Mobile Phone,2,33,E wallet,Female,1,3,Mobile Phone,3,Married,2,0,8,8,5,8,62
C001067,60,Computer,2,15,E wallet,Male,4,1,Mobile Phone,3,Single,3,0,7,1,8,21,78
C001068,20,Mobile Phone,3,45,Debit Card,Female,1,6,Laptop & Accessory,3,Married,3,0,19,6,15,7,212
C001069,24,Computer,3,36,Cash on Delivery,Male,1,2,Others,1,Divorced,5,0,27,0,14,28,346
C001070,5,Mobile Phone,1,25,Cash on Delivery,Male,2,4,Mobile Phone,2,Single,1,0,13,7,1,28,494
C001071,34,Mobile Phone,1,42,Credit Card,Male,2,5,Mobile Phone,1,Married,4,0,27,3,14,25,51
C001072,6,Mobile Phone,2,38,UPI,Female,4,1,Others,3,Single,1,1,24,10,9,4,115
C001073,53,Computer,3,44,Credit Card,Male,2,4,Fashion,4,Married,3,0,18,1,11,25,331
C001074,2,Mobile Phone,1,26,Credit Card,Male,4,1,Laptop & Accessory,1,Single,2,0,12,7,1,10,178
C001075,13,Mobile Phone,2,31,Credit Card,Male,5,5,Fashion,2,Married,5,0,29,5,11,12,269
C001076,43,Computer,2,12,Debit Card,Male,3,3,Others,1,Single,4,0,18,7,11,11,214
C001077,43,Mobile Phone,3,44,E wallet,Female,5,4,Grocery,2,Single,2,1,7,4,5,8,159
C001078,48,Mobile Phone,2,50,E wallet,Male,2,4,Laptop & Accessory,4,Single,4,0,8,10,15,4,73
C001079,11,Mobile Phone,2,35,UPI,Male,3,2,Others,5,Married,5,1,29,0,14,4,226
C001080,51,Mobile Phone,3,5,Cash on Delivery,Male,3,3,Others,2,Single,6,1,17,4,4,26,237
C001081,47,Computer,2,43,Credit Card,Male,1,5,Laptop & Accessory,2,Single,7,0,21,4,15,17,161
C001082,57,Computer,2,38,Debit Card,Male,3,6,Fashion,3,Divorced,5,1,11,0,10,25,398
C001083,23,Mobile Phone,1,28,Debit Card,Female,4,2,Grocery,3,Single,7,0,29,9,3,25,301
C001084,55,Tablet,2,32,Credit Card,Male,2,4,Fashion,4,Married,4,0,2,2,11,9,167
C001085,16,Mobile Phone,1,8,Debit Card,Female,2,1,Mobile Phone,1,Single,3,1,27,6,8,16,87
C001086,31,Mobile Phone,1,22,Debit Card,Male,1,5,Fashion,5,Single,2,0,26,6,7,2,339
C001087,11,Mobile Phone,2,33,Credit Card,Female,1,2,Mobile Phone,5,Single,2,1,1,9,15,24,271
C001088,54,Mobile Phone,2,27,UPI,Male,2,6,Laptop & Accessory,4,Divorced,7,0,15,8,13,6,180
C001089,16,Mobile Phone,2,41,Debit Card,Female,1,3,Mobile Phone,5,Married,1,0,22,4,8,5,206
C001090,8,Computer,1,31,E wallet,Female,3,6,Others,1,Single,2,0,23,7,11,22,336
C001091,4,Computer,2,20,E wallet,Male,3,1,Mobile Phone,3,Single,7,0,15,10,15,1,143
C001092,40,Mobile Phone,2,49,E wallet,Female,4,2,Others,4,Married,3,0,30,7,7,25,398
C001093,4,Mobile Phone,2,31,Credit Card,Male,1,5,Others,5,Single,3,0,29,7,2,22,464
C001094,56,Computer,1,13,E wallet,Male,2,1,Fashion,4,Divorced,4,1,26,8,13,14,393
C001095,25,Computer,2,9,Cash on Delivery,Female,5,2,Grocery,4,Married,1,1,3,1,10,1,410
C001096,3,Computer,3,12,Debit Card,Female,2,2,Fashion,2,Married,2,0,9,5,9,30,200
C001097,32,Mobile Phone,1,22,UPI,Female,5,6,Fashion,2,Single,2,0,3,8,5,10,225
C001098,3,Computer,1,39,E wallet,Male,5,5,Others,4,Single,7,0,22,0,14,0,215
C001099,27,Mobile Phone,2,10,Credit Card,Female,4,3,Grocery,2,Divorced,5,0,28,2,2,10,171
C001100,29,Mobile Phone,2,47,UPI,Female,5,1,Others,5,Single,4,0,24,4,4,17,230
C001101,32,Mobile Phone,2,27,Credit Card,Female,3,6,Grocery,4,Single,7,0,12,6,2,6,226
C001102,50,Mobile Phone,2,50,UPI,Male,3,2,Mobile Phone,2,Married,6,0,30,3,7,22,418
C001103,58,Mobile Phone,1,30,UPI,Male,4,6,Others,5,Single,1,0,7,3,13,0,211
C001104,51,Mobile Phone,1,43,Debit Card,Female,2,6,Fashion,3,Married,3,0,16,6,4,24,137
C001105,19,Mobile Phone,1,28,UPI,Female,2,6,Others,3,Divorced,2,1,30,8,6,1,202
C001106,21,Computer,1,14,Cash on Delivery,Female,2,5,Laptop & Accessory,4,Single,2,0,16,7,4,2,303
C001107,5,Mobile Phone,2,19,Cash on Delivery,Male,2,2,Laptop & Accessory,1,Single,6,0,4,2,5,6,435
C001108,18,Mobile Phone,1,42,Cash on Delivery,Female,3,5,Laptop & Accessory,5,Single,5,1,1,3,2,8,119
C001109,28,Mobile Phone,3,24,Credit Card,Female,3,5,Fashion,4,Single,5,0,24,0,11,14,218
C001110,42,Tablet,3,33,Debit Card,Male,4,2,Fashion,2,Single,2,0,26,10,6,30,491
C001111,22,Mobile Phone,3,10,Credit Card,Male,4,6,Laptop & Accessory,3,Single,2,1,23,10,3,22,145
C001112,21,Mobile Phone,3,13,E wallet,Female,4,6,Fashion,2,Single,5,0,12,5,15,17,413
C001113,6,Mobile Phone,2,9,Cash on Delivery,Female,2,5,Fashion,5,Married,3,0,10,7,2,24,254
C001114,1,Computer,3,43,Debit Card,Male,2,1,Fashion,4,Married,7,0,7,10,5,29,449
C001115,5,Tablet,1,23,Cash on Delivery,Female,3,6,Laptop & Accessory,3,Divorced,7,0,17,9,4,29,139
C001116,41,Mobile Phone,1,9,Debit Card,Male,3,5,Mobile Phone,5,Single,2,0,30,0,9,1,443
C001117,12,Mobile Phone,3,24,Credit Card,Female,1,3,Mobile Phone,3,Married,4,0,1,5,4,18,309
C001118,26,Computer,1,15,Credit Card,Female,1,3,Grocery,3,Married,2,1,21,6,15,19,319
C001119,46,Mobile Phone,3,31,Cash on Delivery,Female,2,5,Others,4,Married,4,0,13,2,1,15,457
C001120,34,Mobile Phone,2,33,UPI,Male,3,1,Mobile Phone,4,Married,5,0,13,4,7,29,279
C001121,49,Mobile Phone,3,11,Debit Card,Female,2,6,Grocery,1,Single,6,0,12,5,10,27,278
C001122,14,Mobile Phone,1,7,E wallet,Male,5,4,Mobile Phone,1,Single,7,0,10,6,15,9,408
C001123,26,Mobile Phone,2,9,UPI,Female,1,4,Laptop & Accessory,1,Single,6,0,3,3,1,2,136
C001124,45,Mobile Phone,1,17,Credit Card,Male,4,1,Grocery,1,Single,3,0,8,5,13,26,57
C001125,27,Mobile Phone,3,20,Debit Card,Female,2,3,Laptop & Accessory,2,Married,1,0,3,8,5,3,183
C001126,9,Computer,1,16,UPI,Male,5,5,Laptop & Accessory,1,Single,1,0,27,4,14,7,214
C001127,26,Mobile Phone,2,43,E wallet,Male,4,2,Grocery,2,Single,1,0,23,1,12,0,146
C001128,57,Computer,1,31,UPI,Female,5,5,Grocery,3,Single,5,0,15,8,5,30,286
C001129,47,Mobile Phone,1,49,E wallet,Male,3,5,Mobile Phone,2,Single,5,1,5,5,6,2,360
C001130,57,Mobile Phone,2,37,Credit Card,Female,3,4,Mobile Phone,3,Single,2,0,28,10,3,11,433
C001131,22,Mobile Phone,1,19,Debit Card,Female,3,5,Others,1,Married,3,0,19,4,14,29,405
C001132,47,Computer,2,25,Credit Card,Female,4,4,Mobile Phone,2,Single,7,1,13,0,6,8,184
C001133,56,Computer,1,48,Debit Card,Male,4,2,Grocery,3,Divorced,3,0,15,9,12,18,484
C001134,30,Mobile Phone,1,21,UPI,Female,3,5,Mobile Phone,1,Single,2,0,15,5,12,28,130
C001135,43,Computer,2,41,Credit Card,Female,4,1,Grocery,3,Single,3,1,29,10,14,5,77
C001136,48,Mobile Phone,1,19,Debit Card,Female,3,5,Others,4,Single,3,0,22,7,15,8,343
C001137,17,Tablet,1,24,E wallet,Male,2,6,Grocery,3,Married,2,0,19,6,8,23,359
C001138,26,Computer,3,23,Debit Card,Female,3,6,Others,1,Married,7,1,0,4,3,27,344
C001139,36,Computer,1,5,Credit Card,Female,1,1,Others,5,Divorced,6,0,13,4,3,10,358
C001140,1,Mobile Phone,1,8,Credit Card,Female,2,4,Others,4,Single,7,0,30,1,10,14,213
C001141,8,Mobile Phone,1,7,UPI,Female,3,5,Laptop & Accessory,2,Single,5,0,30,7,10,21,194
C001142,49,Mobile Phone,2,12,E wallet,Male,1,4,Fashion,4,Married,1,0,25,6,2,27,239
C001143,35,Mobile Phone,2,45,Debit Card,Female,3,1,Grocery,1,Married,6,0,30,0,9,3,293
C001144,52,Mobile Phone,1,48,Credit Card,Female,2,4,Mobile Phone,3,Single,6,0,14,6,4,7,193
C001145,15,Mobile Phone,3,9,Debit Card,Female,3,3,Fashion,5,Married,2,0,0,3,13,28,111
C001146,47,Mobile Phone,1,13,Cash on Delivery,Male,4,6,Fashion,1,Married,2,0,7,5,15,13,83
C001147,56,Mobile Phone,2,5,E wallet,Female,3,1,Laptop & Accessory,3,Single,1,0,22,10,12,12,156
C001148,22,Mobile Phone,1,47,E wallet,Female,2,4,Grocery,1,Single,1,0,24,9,11,30,312
C001149,14,Mobile Phone,2,34,Cash on Delivery,Female,5,5,Grocery,5,Married,4,0,20,6,6,6,268
C001150,26,Tablet,3,11,E wallet,Female,3,4,Mobile Phone,3,Married,4,0,15,5,13,18,440
C001151,28,Mobile Phone,2,26,Cash on Delivery,Female,4,2,Laptop & Accessory,5,Single,4,1,21,10,1,24,482
C001152,23,Mobile Phone,3,24,Debit Card,Female,2,1,Fashion,3,Single,5,0,25,5,5,27,401
C001153,14,Computer,1,33,Cash on Delivery,Male,1,4,Grocery,4,Single,2,0,23,4,5,12,385
C001154,24,Mobile Phone,1,31,UPI,Male,5,6,Laptop & Accessory,1,Married,4,0,2,9,13,11,388
C001155,2,Mobile Phone,1,29,Cash on Delivery,Female,3,3,Others,2,Single,5,1,18,3,12,23,75
C001156,45,Mobile Phone,1,50,Debit Card,Male,2,6,Grocery,2,Married,1,0,11,1,4,7,498
C001157,26,Mobile Phone,1,39,E wallet,Male,4,2,Fashion,1,Married,4,0,12,0,6,13,177
C001158,14,Tablet,1,31,UPI,Male,4,1,Others,2,Married,2,0,15,3,7,27,156
C001159,59,Mobile Phone,2,15,Cash on Delivery,Female,2,2,Others,5,Married,6,1,25,10,2,14,207
C001160,56,Mobile Phone,1,21,Debit Card,Female,4,5,Others,2,Married,3,0,28,0,13,20,220
C001161,51,Mobile Phone,1,35,UPI,Male,5,3,Fashion,1,Married,5,0,9,8,12,21,384
C001162,7,Mobile Phone,1,22,UPI,Female,1,5,Laptop & Accessory,4,Single,6,0,25,0,15,23,487
C001163,3,Computer,3,23,UPI,Male,4,6,Grocery,1,Single,5,0,16,10,9,25,116
C001164,47,Mobile Phone,1,42,Cash on Delivery,Female,4,6,Laptop & Accessory,1,Married,1,0,17,9,12,14,197
C001165,23,Mobile Phone,2,33,Debit Card,Male,1,4,Fashion,3,Single,1,0,17,4,3,4,76
C001166,46,Mobile Phone,2,19,Debit Card,Female,5,2,Mobile Phone,2,Married,1,0,15,1,5,6,306
C001167,43,Mobile Phone,2,11,Debit Card,Female,5,5,Grocery,2,Married,6,0,10,5,8,12,478
C001168,47,Mobile Phone,1,41,Credit Card,Male,5,4,Grocery,3,Single,4,0,6,7,10,30,229
C001169,60,Computer,1,41,E wallet,Female,4,3,Mobile Phone,5,Married,7,0,23,1,13,7,318
C001170,45,Computer,2,11,Debit Card,Female,4,6,Others,5,Married,1,0,11,6,3,11,368
C001171,18,Computer,1,26,Credit Card,Male,5,5,Grocery,3,Married,3,0,15,3,11,13,210
C001172,58,Computer,1,16,Credit Card,Female,4,2,Grocery,2,Single,5,0,10,9,12,0,112
C001173,38,Mobile Phone,1,12,UPI,Male,3,5,Grocery,5,Married,7,0,29,3,11,27,220
C001174,35,Mobile Phone,3,22,E wallet,Male,4,3,Fashion,5,Single,6,0,0,5,13,19,201
C001175,51,Computer,2,32,UPI,Male,5,4,Mobile Phone,4,Single,5,0,0,10,1,4,124
C001176,15,Computer,2,22,E wallet,Male,2,5,Grocery,5,Married,1,0,4,7,10,27,177
C001177,25,Computer,2,35,UPI,Female,5,5,Mobile Phone,2,Single,7,0,16,6,9,27,284
C001178,55,Mobile Phone,3,21,Cash on Delivery,Female,2,6,Others,4,Married,2,0,27,5,8,16,176
C001179,37,Mobile Phone,2,27,E wallet,Male,4,1,Grocery,4,Married,5,0,30,4,9,25,161
C001180,28,Computer,2,15,Credit Card,Female,4,4,Laptop & Accessory,2,Single,7,0,1,5,11,17,273
C001181,10,Computer,3,19,Credit Card,Female,2,6,Laptop & Accessory,3,Single,4,0,15,6,4,22,367
C001182,39,Tablet,2,34,E wallet,Female,5,1,Laptop & Accessory,1,Single,2,0,18,8,7,9,276
C001183,57,Mobile Phone,1,35,UPI,Female,1,1,Laptop & Accessory,5,Single,2,1,12,1,9,17,132
C001184,17,Mobile Phone,1,10,Cash on Delivery,Male,1,6,Fashion,3,Married,3,0,16,1,3,27,494
C001185,39,Mobile Phone,3,16,Cash on Delivery,Female,5,3,Others,1,Single,6,0,8,8,1,10,498
C001186,22,Computer,3,27,Debit Card,Male,4,3,Grocery,2,Married,1,0,3,5,9,7,192
C001187,26,Mobile Phone,2,43,E wallet,Male,2,2,Others,5,Married,4,1,26,8,13,21,388
C001188,44,Mobile Phone,2,44,Cash on Delivery,Female,2,6,Laptop & Accessory,3,Married,2,0,13,9,13,18,437
C001189,25,Tablet,2,40,UPI,Female,5,4,Others,1,Single,2,0,15,7,5,27,266
C001190,17,Mobile Phone,2,39,UPI,Female,5,4,Others,2,Married,1,0,12,10,1,19,95
C001191,13,Computer,2,7,Credit Card,Male,3,3,Fashion,4,Single,4,0,29,7,12,23,277
C001192,20,Mobile Phone,1,46,Cash on Delivery,Male,2,3,Laptop & Accessory,4,Married,1,0,29,4,7,21,441
C001193,25,Computer,3,32,Cash on Delivery,Female,3,1,Mobile Phone,4,Divorced,6,0,14,8,8,17,94
C001194,4,Mobile Phone,3,19,UPI,Female,4,3,Others,2,Married,7,0,26,10,2,19,162
C001195,10,Computer,2,17,Credit Card,Male,2,5,Others,1,Single,4,0,21,1,14,4,75
C001196,3,Computer,1,23,Cash on Delivery,Male,5,4,Laptop & Accessory,2,Married,1,0,21,8,3,16,405
C001197,41,Mobile Phone,1,44,UPI,Female,5,2,Fashion,4,Single,1,1,18,8,12,24,67
C001198,45,Mobile Phone,2,22,Credit Card,Female,4,1,Grocery,2,Divorced,7,1,23,2,10,29,77
C001199,18,Mobile Phone,2,35,Credit Card,Female,1,5,Laptop & Accessory,5,Divorced,1,0,13,8,12,15,274
C001200,47,Mobile Phone,2,41,UPI,Male,3,3,Grocery,1,Married,3,1,5,10,10,20,277
C001201,36,Computer,1,25,Credit Card,Male,5,2,Mobile Phone,5,Single,1,0,5,5,5,14,246
C001202,47,Mobile Phone,2,43,Credit Card,Female,2,3,Grocery,4,Married,6,0,12,10,11,24,295
C001203,22,Mobile Phone,3,9,Debit Card,Male,2,6,Others,1,Single,6,0,16,2,12,6,405
C001204,34,Mobile Phone,1,21,Credit Card,Male,2,5,Fashion,5,Single,7,0,27,9,4,22,484
C001205,47,Computer,2,23,Cash on Delivery,Male,4,6,Mobile Phone,2,Single,6,0,22,1,10,18,77
C001206,8,Tablet,3,8,Credit Card,Female,1,6,Fashion,3,Single,7,1,27,4,11,14,386
C001207,40,Mobile Phone,2,30,Cash on Delivery,Female,3,2,Fashion,2,Married,2,0,19,1,1,9,127
C001208,49,Mobile Phone,2,28,UPI,Female,2,6,Grocery,4,Married,3,0,23,10,10,10,234
C001209,44,Mobile Phone,2,43,Credit Card,Male,2,3,Fashion,3,Divorced,7,1,12,7,10,26,334
C001210,19,Mobile Phone,3,42,UPI,Male,5,5,Mobile Phone,1,Single,6,0,18,7,12,4,177
C001211,42,Mobile Phone,1,50,E wallet,Female,1,5,Fashion,3,Single,1,0,14,6,10,20,358
C001212,41,Mobile Phone,2,23,Credit Card,Female,5,2,Mobile Phone,1,Single,4,0,19,8,13,22,128
C001213,37,Mobile Phone,1,34,UPI,Male,4,6,Others,5,Divorced,5,1,27,4,11,17,500
C001214,6,Mobile Phone,1,30,E wallet,Female,4,6,Others,5,Single,3,0,13,0,2,5,436
C001215,52,Mobile Phone,1,15,Cash on Delivery,Male,3,5,Grocery,5,Divorced,7,0,10,1,14,20,324
C001216,26,Mobile Phone,1,43,Cash on Delivery,Female,4,3,Laptop & Accessory,5,Married,6,0,0,8,8,0,360
C001217,34,Mobile Phone,3,7,Cash on Delivery,Female,3,2,Others,5,Single,4,0,16,1,2,8,331
C001218,59,Computer,3,26,Cash on Delivery,Female,5,6,Laptop & Accessory,3,Single,6,1,11,10,7,24,344
C001219,56,Computer,1,21,Cash on Delivery,Male,2,6,Mobile Phone,1,Single,6,0,18,2,13,5,193
C001220,59,Mobile Phone,2,15,Debit Card,Female,2,1,Laptop & Accessory,5,Single,3,0,24,4,10,24,177
C001221,45,Mobile Phone,2,43,UPI,Female,1,5,Fashion,5,Single,4,0,21,7,13,12,142
C001222,6,Computer,3,31,E wallet,Female,4,3,Mobile Phone,1,Married,6,0,1,9,2,13,89
C001223,37,Tablet,2,47,E wallet,Male,1,2,Fashion,3,Married,2,0,1,6,4,18,158
C001224,57,Mobile Phone,1,33,Credit Card,Male,1,6,Laptop & Accessory,5,Single,4,0,6,9,10,5,140
C001225,33,Mobile Phone,3,16,UPI,Female,2,1,Fashion,3,Single,2,0,20,2,12,0,120
C001226,53,Mobile Phone,2,17,Debit Card,Female,4,1,Mobile Phone,5,Married,7,0,14,4,15,15,431
C001227,22,Mobile Phone,2,15,Debit Card,Female,2,4,Fashion,3,Single,7,0,12,0,8,1,58
C001228,21,Mobile Phone,3,35,UPI,Female,1,6,Laptop & Accessory,4,Married,4,0,11,8,7,3,408
C001229,6,Mobile Phone,3,15,Cash on Delivery,Female,4,4,Fashion,5,Single,6,0,10,6,15,18,94
C001230,6,Mobile Phone,2,45,Cash on Delivery,Male,2,6,Fashion,5,Single,3,0,28,2,5,16,296
C001231,55,Mobile Phone,2,47,UPI,Male,3,2,Grocery,2,Married,5,1,10,2,10,15,53
C001232,48,Mobile Phone,3,40,E wallet,Male,3,5,Mobile Phone,2,Married,3,1,25,1,8,12,239
C001233,4,Mobile Phone,1,6,Cash on Delivery,Female,5,6,Grocery,3,Single,6,0,18,0,3,14,406
C001234,30,Mobile Phone,1,27,Credit Card,Male,5,3,Laptop & Accessory,2,Single,2,0,3,3,10,2,147
C001235,11,Mobile Phone,1,40,Debit Card,Female,4,5,Others,3,Single,4,1,0,8,7,24,376
C001236,30,Mobile Phone,3,18,Cash on Delivery,Male,5,3,Laptop & Accessory,5,Single,7,0,12,4,12,4,250
C001237,31,Computer,2,41,E wallet,Female,4,3,Laptop & Accessory,5,Married,6,0,26,6,8,9,435
C001238,24,Mobile Phone,1,31,Cash on Delivery,Male,1,4,Laptop & Accessory,4,Single,4,1,11,6,2,17,361
C001239,55,Computer,3,16,Cash on Delivery,Female,3,4,Laptop & Accessory,4,Single,4,0,2,10,10,27,431
C001240,9,Computer,2,33,Debit Card,Male,4,5,Grocery,2,Single,5,0,27,3,4,7,360
C001241,55,Mobile Phone,3,10,Credit Card,Male,1,2,Laptop & Accessory,5,Married,6,0,19,6,8,15,460
C001242,3,Mobile Phone,1,48,Credit Card,Female,3,3,Fashion,3,Single,3,0,12,6,9,7,431
C001243,51,Mobile Phone,2,27,E wallet,Female,2,4,Laptop & Accessory,2,Divorced,7,0,13,6,2,6,273
C001244,31,Computer,2,14,UPI,Female,1,2,Others,4,Single,3,0,30,10,14,3,69
C001245,40,Computer,2,38,UPI,Female,2,4,Mobile Phone,1,Single,7,0,24,4,14,23,362
C001246,37,Computer,2,48,UPI,Female,5,3,Grocery,3,Married,6,0,10,4,3,19,296
C001247,36,Mobile Phone,3,16,E wallet,Male,4,1,Grocery,1,Married,4,0,9,9,2,29,262
C001248,24,Mobile Phone,1,36,Cash on Delivery,Male,3,4,Grocery,2,Single,7,0,4,1,5,24,194
C001249,31,Mobile Phone,3,30,Credit Card,Male,5,2,Grocery,2,Married,4,1,7,4,9,17,219
C001250,6,Mobile Phone,1,11,Credit Card,Female,1,5,Laptop & Accessory,1,Single,4,0,15,1,11,30,476
C001251,2,Mobile Phone,1,36,Cash on Delivery,Male,5,5,Others,2,Married,3,0,4,1,14,16,484
C001252,20,Mobile Phone,1,37,Credit Card,Male,2,3,Laptop & Accessory,2,Single,5,0,20,8,5,15,190
C001253,28,Computer,1,22,Credit Card,Male,2,6,Mobile Phone,5,Divorced,6,0,7,2,11,24,73
C001254,11,Mobile Phone,1,39,UPI,Male,4,1,Mobile Phone,3,Married,4,0,2,5,7,1,247
C001255,4,Mobile Phone,3,24,UPI,Female,5,4,Laptop & Accessory,4,Married,4,0,4,6,9,1,395
C001256,15,Mobile Phone,2,35,Debit Card,Female,3,6,Laptop & Accessory,5,Married,5,0,12,3,1,27,173
C001257,6,Computer,2,9,Debit Card,Male,2,4,Laptop & Accessory,2,Single,6,0,12,5,11,14,337
C001258,54,Computer,2,36,Credit Card,Male,1,1,Others,4,Married,7,0,4,6,3,29,104
C001259,49,Mobile Phone,1,46,UPI,Male,5,3,Grocery,2,Single,6,1,0,5,4,2,243
C001260,30,Mobile Phone,1,23,Debit Card,Male,3,3,Mobile Phone,3,Single,7,0,15,3,5,20,182
C001261,56,Mobile Phone,2,5,Debit Card,Male,3,2,Mobile Phone,2,Married,7,0,18,3,7,30,310
C001262,38,Computer,2,11,UPI,Male,3,2,Grocery,1,Divorced,5,0,19,2,11,19,255
C001263,51,Mobile Phone,3,26,Debit Card,Female,3,2,Grocery,1,Single,4,1,9,4,13,15,55
C001264,57,Mobile Phone,2,38,Cash on Delivery,Male,2,3,Mobile Phone,1,Divorced,6,0,5,10,9,1,133
C001265,2,Mobile Phone,2,14,Cash on Delivery,Male,4,4,Mobile Phone,1,Single,2,0,27,0,8,27,339
C001266,15,Mobile Phone,2,46,UPI,Male,5,5,Others,4,Married,7,0,21,6,9,15,450
C001267,11,Computer,3,30,UPI,Male,2,3,Mobile Phone,1,Married,5,0,15,8,8,29,180
C001268,8,Mobile Phone,1,36,Debit Card,Male,4,1,Laptop & Accessory,2,Single,5,0,20,2,7,7,232
C001269,26,Mobile Phone,2,46,Credit Card,Male,3,5,Laptop & Accessory,5,Married,3,0,10,9,6,15,82
C001270,51,Mobile Phone,2,31,E wallet,Male,1,3,Grocery,2,Single,1,0,1,10,7,12,378
C001271,45,Mobile Phone,3,16,Cash on Delivery,Male,3,6,Grocery,2,Married,4,0,3,7,11,5,375
C001272,44,Computer,1,44,Cash on Delivery,Male,4,3,Laptop & Accessory,2,Married,1,0,26,4,13,27,186
C001273,5,Mobile Phone,2,27,UPI,Male,4,2,Grocery,2,Married,1,0,12,1,15,16,409
C001274,6,Computer,1,18,Credit Card,Female,1,4,Laptop & Accessory,5,Married,4,0,4,0,1,6,441
C001275,26,Computer,2,38,UPI,Male,2,6,Others,1,Single,3,0,6,9,14,18,386
C001276,54,Mobile Phone,1,21,Debit Card,Male,1,4,Grocery,3,Married,5,0,12,9,4,6,168
C001277,4,Mobile Phone,1,10,Credit Card,Female,3,5,Fashion,4,Married,3,0,21,8,5,17,330
C001278,19,Mobile Phone,2,31,Debit Card,Male,5,3,Mobile Phone,5,Married,3,0,30,4,5,13,394
C001279,20,Computer,1,12,Cash on Delivery,Male,2,2,Laptop & Accessory,5,Single,7,0,1,3,8,5,166
C001280,33,Mobile Phone,1,37,UPI,Male,5,6,Mobile Phone,5,Married,4,0,7,0,5,25,442
C001281,20,Mobile Phone,1,39,UPI,Male,5,1,Mobile Phone,4,Single,2,1,25,10,5,27,364
C001282,49,Mobile Phone,1,21,E wallet,Female,2,3,Grocery,2,Single,7,0,28,9,5,7,378
C001283,12,Computer,3,30,Credit Card,Male,3,2,Mobile Phone,4,Single,6,0,29,0,12,23,245
C001284,47,Mobile Phone,2,11,Cash on Delivery,Male,4,1,Fashion,5,Single,6,0,25,8,14,27,64
C001285,1,Mobile Phone,3,50,E wallet,Male,3,1,Grocery,2,Married,6,0,7,9,8,14,66
C001286,26,Mobile Phone,2,28,E wallet,Male,4,5,Laptop & Accessory,5,Married,7,1,19,2,8,6,87
C001287,14,Mobile Phone,3,29,UPI,Male,4,4,Mobile Phone,3,Married,5,0,16,5,7,17,406
C001288,38,Computer,2,39,Credit Card,Female,2,4,Mobile Phone,1,Married,6,1,2,3,7,6,436
C001289,37,Mobile Phone,2,30,UPI,Female,2,5,Others,1,Single,6,0,8,8,9,25,196
C001290,11,Computer,2,9,Credit Card,Male,1,3,Laptop & Accessory,5,Single,5,1,5,2,13,9,238
C001291,36,Mobile Phone,2,42,E wallet,Female,5,6,Others,2,Single,4,0,0,10,7,10,198
C001292,13,Mobile Phone,2,39,Debit Card,Female,5,2,Laptop & Accessory,3,Married,6,0,18,8,8,2,231
C001293,43,Mobile Phone,1,34,Cash on Delivery,Female,5,6,Mobile Phone,3,Married,2,0,7,6,6,7,103
C001294,3,Mobile Phone,1,29,E wallet,Male,5,6,Mobile Phone,2,Married,2,1,11,2,13,12,280
C001295,33,Mobile Phone,2,28,UPI,Male,1,4,Fashion,2,Married,7,0,1,6,13,20,178
C001296,6,Mobile Phone,2,34,Cash on Delivery,Female,4,6,Grocery,3,Married,6,1,8,0,14,22,67
C001297,50,Mobile Phone,1,24,E wallet,Female,1,5,Fashion,1,Married,1,0,24,10,1,3,465
C001298,56,Mobile Phone,1,7,Credit Card,Male,2,4,Laptop & Accessory,1,Single,1,0,3,0,3,16,289
C001299,10,Mobile Phone,2,36,UPI,Female,3,4,Laptop & Accessory,3,Married,6,0,19,2,1,20,243
C001300,5,Computer,3,12,E wallet,Male,4,4,Laptop & Accessory,4,Single,3,0,4,5,5,26,113
C001301,23,Mobile Phone,1,27,Credit Card,Male,4,3,Laptop & Accessory,3,Single,6,1,28,10,9,6,282
C001302,10,Mobile Phone,1,50,Credit Card,Female,1,5,Grocery,5,Married,5,0,7,5,10,21,116
C001303,44,Mobile Phone,3,20,Credit Card,Male,2,4,Mobile Phone,4,Single,5,0,19,5,11,22,109
C001304,2,Computer,2,39,Cash on Delivery,Female,2,4,Fashion,2,Married,5,0,8,1,12,13,56
C001305,13,Computer,1,29,UPI,Female,4,5,Mobile Phone,3,Married,3,1,2,9,10,2,199
C001306,40,Mobile Phone,3,19,Credit Card,Female,1,1,Others,3,Single,6,0,8,4,13,30,215
C001307,2,Computer,2,12,E wallet,Male,5,6,Fashion,4,Single,6,0,12,2,12,11,377
C001308,20,Mobile Phone,2,38,Credit Card,Female,4,3,Laptop & Accessory,3,Single,7,0,16,10,6,7,148
C001309,1,Mobile Phone,3,29,UPI,Male,5,3,Laptop & Accessory,5,Married,2,0,7,0,12,13,373
C001310,37,Computer,3,48,Cash on Delivery,Female,3,6,Others,1,Married,2,0,22,6,3,26,156
C001311,9,Computer,1,23,Credit Card,Male,2,2,Fashion,3,Married,5,0,25,2,9,25,70
C001312,17,Mobile Phone,1,47,E wallet,Female,4,2,Grocery,1,Single,6,0,7,5,8,16,470
C001313,9,Computer,1,17,UPI,Female,3,6,Grocery,2,Married,2,1,14,2,6,24,256
C001314,11,Mobile Phone,1,50,Credit Card,Male,5,1,Laptop & Accessory,2,Married,5,0,17,0,7,0,222
C001315,15,Computer,1,16,Cash on Delivery,Male,4,2,Laptop & Accessory,3,Single,2,0,9,1,1,3,107
C001316,24,Mobile Phone,1,19,Debit Card,Female,3,4,Laptop & Accessory,2,Single,6,0,22,6,8,23,475
C001317,38,Mobile Phone,3,27,E wallet,Male,4,4,Others,3,Single,6,0,3,4,9,27,224
C001318,55,Mobile Phone,3,44,Credit Card,Female,3,6,Others,1,Single,7,0,16,5,9,23,374
C001319,35,Mobile Phone,2,6,Credit Card,Female,3,2,Mobile Phone,4,Single,4,1,18,2,2,9,338
C001320,30,Mobile Phone,2,44,Debit Card,Male,5,6,Others,3,Married,7,0,4,8,5,25,365
C001321,31,Mobile Phone,1,27,UPI,Male,2,3,Fashion,4,Married,7,1,11,2,12,10,437
C001322,49,Mobile Phone,1,9,Debit Card,Female,1,1,Others,1,Single,1,0,19,3,6,30,118
C001323,5,Mobile Phone,1,38,UPI,Female,3,4,Fashion,1,Married,4,0,23,0,5,26,414
C001324,60,Mobile Phone,3,14,Credit Card,Female,2,1,Grocery,4,Married,1,1,17,9,13,21,102
C001325,44,Mobile Phone,1,31,Debit Card,Female,1,2,Mobile Phone,3,Married,2,0,23,1,11,10,116
C001326,50,Mobile Phone,3,46,Credit Card,Male,5,5,Others,4,Married,7,0,25,10,7,27,232
C001327,14,Computer,2,8,Debit Card,Female,4,6,Grocery,3,Single,4,0,25,0,15,30,390
C001328,53,Computer,1,8,Credit Card,Male,2,6,Fashion,3,Single,5,0,20,4,7,10,119
C001329,56,Computer,1,12,Credit Card,Female,4,1,Mobile Phone,4,Single,4,0,29,0,14,29,124
C001330,11,Mobile Phone,2,10,Credit Card,Male,4,1,Grocery,1,Married,2,0,17,3,7,22,57
C001331,9,Computer,3,29,Cash on Delivery,Female,1,2,Fashion,5,Single,2,0,27,10,8,12,486
C001332,34,Mobile Phone,2,31,Debit Card,Male,2,2,Mobile Phone,2,Married,1,0,9,9,3,11,397
C001333,12,Mobile Phone,1,44,Cash on Delivery,Female,3,4,Laptop & Accessory,5,Married,4,0,11,9,7,29,498
C001334,35,Mobile Phone,2,24,Credit Card,Male,1,5,Others,1,Married,2,0,7,4,3,8,486
C001335,35,Computer,1,31,E wallet,Male,2,5,Laptop & Accessory,2,Married,4,0,29,7,15,10,165
C001336,1,Mobile Phone,3,11,UPI,Male,3,1,Laptop & Accessory,4,Single,3,0,0,3,11,15,75
C001337,40,Mobile Phone,2,27,Debit Card,Female,4,5,Laptop & Accessory,5,Divorced,2,0,13,1,1,16,145
C001338,22,Mobile Phone,2,24,Debit Card,Male,5,2,Grocery,3,Married,1,0,20,6,4,6,117
C001339,60,Computer,2,38,UPI,Male,5,6,Laptop & Accessory,1,Married,7,1,0,8,9,3,201
C001340,29,Mobile Phone,2,33,Cash on Delivery,Female,1,2,Laptop & Accessory,1,Single,7,1,0,9,15,12,156
C001341,8,Mobile Phone,1,48,UPI,Female,3,2,Grocery,1,Divorced,7,0,26,10,5,16,96
C001342,11,Mobile Phone,1,9,E wallet,Female,3,1,Others,5,Single,1,0,26,2,6,11,73
C001343,41,Mobile Phone,1,31,Credit Card,Male,5,3,Mobile Phone,3,Single,5,0,1,10,1,0,96
C001344,37,Mobile Phone,3,16,UPI,Male,3,2,Mobile Phone,5,Single,2,1,7,7,4,11,464
C001345,14,Mobile Phone,2,21,UPI,Male,2,5,Others,3,Married,6,0,9,0,8,20,363
C001346,60,Computer,1,41,Credit Card,Male,2,5,Grocery,2,Married,6,0,19,8,4,15,122
C001347,30,Mobile Phone,3,38,Debit Card,Female,5,2,Laptop & Accessory,4,Divorced,6,0,30,2,13,9,226
C001348,35,Mobile Phone,1,34,E wallet,Male,4,6,Mobile Phone,1,Single,5,0,27,6,6,1,363
C001349,21,Mobile Phone,1,40,UPI,Female,4,3,Others,3,Single,6,0,4,7,10,10,228
C001350,37,Mobile Phone,1,10,UPI,Male,4,1,Others,5,Married,1,0,0,3,13,2,64
C001351,5,Mobile Phone,2,36,Debit Card,Female,5,2,Laptop & Accessory,5,Single,2,0,29,1,5,7,206
C001352,19,Mobile Phone,2,36,E wallet,Female,1,1,Others,1,Married,3,0,24,0,14,15,379
C001353,59,Mobile Phone,2,13,Credit Card,Male,3,3,Grocery,1,Single,4,0,20,4,1,14,290
C001354,14,Computer,2,26,Credit Card,Male,2,2,Grocery,1,Married,6,0,29,7,3,8,254
C001355,26,Mobile Phone,1,14,Cash on Delivery,Male,2,6,Mobile Phone,2,Married,2,0,25,0,2,13,499
C001356,4,Mobile Phone,3,33,E wallet,Female,1,2,Fashion,4,Single,5,0,29,5,7,13,383
C001357,25,Computer,1,15,E wallet,Female,3,2,Others,3,Single,2,1,17,8,11,26,294
C001358,45,Mobile Phone,3,32,UPI,Male,4,4,Grocery,1,Single,1,0,9,7,5,27,285
C001359,42,Computer,2,6,Cash on Delivery,Female,2,2,Laptop & Accessory,3,Married,1,0,6,7,7,18,218
C001360,25,Mobile Phone,2,25,Credit Card,Male,4,2,Laptop & Accessory,5,Married,6,1,9,4,10,21,385
C001361,18,Mobile Phone,2,35,E wallet,Male,4,6,Fashion,4,Married,1,0,5,8,14,30,364
C001362,40,Computer,2,45,E wallet,Male,5,3,Fashion,4,Divorced,4,0,3,6,14,26,117
C001363,8,Mobile Phone,1,21,Debit Card,Male,5,3,Fashion,3,Divorced,2,0,7,6,9,26,263
C001364,39,Mobile Phone,3,31,Credit Card,Female,3,4,Laptop & Accessory,5,Single,1,1,9,4,6,30,335
C001365,40,Computer,1,34,Debit Card,Male,2,2,Others,5,Married,1,0,25,8,13,5,409
C001366,14,Mobile Phone,1,45,Cash on Delivery,Female,5,5,Grocery,2,Married,3,0,8,10,5,17,57
C001367,32,Mobile Phone,2,12,E wallet,Female,3,1,Laptop & Accessory,1,Married,7,0,26,3,12,27,149
C001368,51,Mobile Phone,2,41,Cash on Delivery,Female,1,6,Grocery,5,Married,1,0,28,5,9,5,111
C001369,38,Computer,1,9,Debit Card,Female,4,2,Fashion,1,Single,5,0,22,3,1,11,64
C001370,33,Computer,3,30,Credit Card,Female,2,6,Mobile Phone,1,Single,1,0,5,0,5,20,367
C001371,23,Mobile Phone,3,10,E wallet,Male,2,4,Others,3,Single,5,1,28,0,10,1,355
C001372,15,Mobile Phone,2,20,Credit Card,Female,3,5,Fashion,1,Single,6,0,6,8,10,6,291
C001373,33,Computer,2,5,Cash on Delivery,Male,5,3,Fashion,3,Married,4,0,20,10,11,19,273
C001374,25,Mobile Phone,2,13,UPI,Male,4,1,Grocery,4,Married,6,0,18,1,15,9,129
C001375,17,Mobile Phone,1,25,Credit Card,Male,4,4,Laptop & Accessory,5,Married,4,0,22,6,4,14,160
C001376,33,Computer,2,11,Credit Card,Male,2,3,Mobile Phone,3,Single,2,0,30,3,15,27,384
C001377,47,Computer,3,47,Credit Card,Female,2,2,Others,2,Married,3,0,3,7,6,15,344
C001378,55,Computer,3,19,E wallet,Female,4,4,Mobile Phone,3,Divorced,2,0,23,0,6,1,152
C001379,2,Mobile Phone,3,28,Cash on Delivery,Male,1,2,Fashion,1,Married,1,0,28,0,12,27,306
C001380,14,Mobile Phone,1,9,Cash on Delivery,Male,3,4,Mobile Phone,2,Single,7,1,4,4,11,1,436
C001381,53,Mobile Phone,1,42,E wallet,Male,1,4,Others,1,Single,4,1,4,0,11,6,102
C001382,40,Mobile Phone,1,33,Credit Card,Male,5,2,Fashion,2,Married,5,0,4,0,11,8,322
C001383,40,Mobile Phone,2,50,Credit Card,Male,1,4,Others,3,Divorced,2,0,5,8,1,20,488
C001384,51,Computer,1,50,UPI,Male,1,6,Mobile Phone,1,Married,7,0,19,9,11,24,175
C001385,39,Mobile Phone,1,15,Credit Card,Female,5,3,Fashion,3,Married,4,0,17,5,9,24,445
C001386,51,Computer,2,8,Debit Card,Female,3,6,Fashion,5,Married,5,0,5,8,1,25,418
C001387,6,Mobile Phone,3,14,Credit Card,Female,4,6,Others,2,Married,5,0,27,2,5,17,148
C001388,6,Mobile Phone,2,38,UPI,Female,1,3,Laptop & Accessory,4,Married,1,0,11,4,4,30,168
C001389,3,Mobile Phone,3,8,Debit Card,Male,3,1,Fashion,4,Married,2,0,0,10,6,9,307
C001390,7,Mobile Phone,1,14,UPI,Female,5,1,Others,3,Married,6,0,13,5,10,17,340
C001391,51,Mobile Phone,1,37,UPI,Female,3,4,Others,2,Single,5,0,3,8,9,7,252
C001392,8,Tablet,3,50,Cash on Delivery,Male,1,3,Others,2,Divorced,4,0,21,7,12,28,204
C001393,42,Computer,2,22,E wallet,Female,4,6,Laptop & Accessory,3,Married,2,0,29,6,12,13,235
C001394,52,Mobile Phone,2,16,UPI,Male,5,2,Grocery,4,Married,1,0,0,5,12,13,452
C001395,15,Mobile Phone,1,27,Credit Card,Male,5,4,Fashion,5,Married,1,0,11,9,8,28,197
C001396,47,Computer,1,48,Cash on Delivery,Male,1,6,Mobile Phone,4,Single,4,0,21,9,3,5,124
C001397,29,Mobile Phone,2,29,Debit Card,Male,3,2,Others,1,Married,6,0,5,7,9,7,205
C001398,33,Mobile Phone,3,41,E wallet,Male,4,5,Mobile Phone,4,Divorced,5,0,13,3,11,9,194
C001399,52,Mobile Phone,3,8,Cash on Delivery,Female,5,1,Others,1,Married,1,1,18,10,14,28,189
C001400,30,Computer,2,17,UPI,Male,1,4,Others,1,Single,1,0,16,6,15,18,472
C001401,39,Mobile Phone,2,22,Cash on Delivery,Female,1,4,Fashion,5,Married,5,0,2,0,6,6,296
C001402,27,Mobile Phone,3,33,Credit Card,Male,2,2,Laptop & Accessory,5,Married,5,0,27,2,3,29,459
C001403,36,Computer,2,48,Credit Card,Male,2,1,Laptop & Accessory,4,Married,5,0,26,9,13,3,264
C001404,29,Mobile Phone,2,34,Credit Card,Male,3,2,Mobile Phone,3,Divorced,3,0,27,5,7,19,409
C001405,38,Mobile Phone,3,42,E wallet,Female,1,2,Grocery,4,Single,3,1,16,2,3,21,253
C001406,57,Mobile Phone,3,32,Cash on Delivery,Male,3,1,Laptop & Accessory,5,Single,5,1,23,6,12,16,371
C001407,33,Computer,3,11,Cash on Delivery,Female,3,5,Laptop & Accessory,1,Single,5,0,6,10,10,27,248
C001408,37,Mobile Phone,1,28,UPI,Female,4,3,Grocery,1,Single,4,0,2,10,15,17,445
C001409,27,Tablet,2,45,Debit Card,Female,2,6,Laptop & Accessory,3,Single,1,0,15,10,3,30,73
C001410,55,Mobile Phone,3,14,Credit Card,Male,3,3,Fashion,4,Married,2,0,23,9,4,11,134
C001411,33,Mobile Phone,1,41,Debit Card,Female,4,5,Fashion,3,Divorced,6,0,15,7,11,27,253
C001412,4,Tablet,3,31,Debit Card,Male,4,1,Mobile Phone,3,Married,3,0,19,7,7,13,497
C001413,22,Mobile Phone,1,25,Credit Card,Male,2,4,Mobile Phone,4,Single,7,0,9,0,11,12,94
C001414,2,Mobile Phone,3,40,Credit Card,Male,2,1,Mobile Phone,2,Married,7,0,17,3,6,7,205
C001415,10,Mobile Phone,2,47,UPI,Male,1,6,Fashion,4,Married,6,0,11,4,11,26,275
C001416,5,Mobile Phone,1,33,E wallet,Male,3,2,Mobile Phone,3,Married,3,0,21,8,14,23,86
C001417,59,Mobile Phone,2,11,Credit Card,Male,4,6,Mobile Phone,2,Divorced,5,0,15,1,8,14,242
C001418,10,Mobile Phone,2,17,Debit Card,Female,1,1,Fashion,3,Divorced,7,0,8,1,3,29,247
C001419,33,Mobile Phone,2,49,UPI,Male,3,3,Grocery,3,Single,7,0,6,5,2,28,433
C001420,54,Computer,2,27,Cash on Delivery,Male,3,4,Mobile Phone,3,Married,5,0,4,0,2,1,424
C001421,38,Mobile Phone,3,29,UPI,Female,1,6,Laptop & Accessory,1,Married,5,0,18,1,5,4,437
C001422,13,Tablet,2,45,Credit Card,Female,4,5,Fashion,4,Married,7,0,20,1,15,30,153
C001423,31,Mobile Phone,2,49,Credit Card,Male,1,1,Grocery,5,Married,2,0,22,8,11,6,107
C001424,47,Mobile Phone,1,17,E wallet,Male,3,4,Laptop & Accessory,1,Married,3,0,18,7,12,17,475
C001425,36,Mobile Phone,3,41,UPI,Female,1,6,Laptop & Accessory,4,Married,6,0,26,9,1,18,367
C001426,45,Mobile Phone,1,34,Credit Card,Female,1,4,Others,1,Married,2,0,1,7,15,14,318
C001427,24,Mobile Phone,2,30,Debit Card,Male,3,3,Grocery,4,Divorced,1,0,21,5,13,21,452
C001428,52,Computer,3,16,Debit Card,Female,2,2,Others,2,Married,2,0,26,7,15,16,390
C001429,56,Computer,1,5,UPI,Female,4,4,Fashion,5,Single,4,0,7,5,4,30,366
C001430,15,Tablet,2,22,E wallet,Male,3,4,Grocery,2,Married,3,0,14,2,13,0,275
C001431,29,Mobile Phone,1,25,UPI,Female,2,1,Others,2,Married,2,0,22,9,9,2,174
C001432,8,Computer,3,28,E wallet,Female,1,5,Fashion,4,Divorced,6,0,3,9,1,27,55
C001433,5,Mobile Phone,2,21,Debit Card,Female,2,1,Mobile Phone,3,Married,3,0,13,4,1,10,67
C001434,29,Mobile Phone,3,46,Credit Card,Female,3,3,Laptop & Accessory,3,Married,5,0,26,1,12,22,436
C001435,47,Computer,3,13,Cash on Delivery,Female,3,4,Fashion,3,Single,2,0,19,8,5,9,345
C001436,4,Mobile Phone,2,44,Credit Card,Female,1,2,Grocery,3,Divorced,3,0,3,6,14,14,83
C001437,12,Mobile Phone,2,32,Debit Card,Male,3,4,Laptop & Accessory,5,Single,2,0,4,0,1,28,247
C001438,45,Mobile Phone,2,19,Debit Card,Male,5,2,Laptop & Accessory,2,Married,2,0,6,4,15,23,83
C001439,2,Mobile Phone,1,17,Credit Card,Male,2,2,Fashion,1,Divorced,2,1,29,3,7,6,94
C001440,27,Computer,2,32,Credit Card,Female,5,6,Mobile Phone,5,Single,4,1,25,6,12,7,371
C001441,31,Mobile Phone,3,21,Debit Card,Female,5,6,Fashion,4,Divorced,4,0,24,7,3,21,144
C001442,51,Tablet,2,13,Credit Card,Male,2,2,Others,5,Married,2,1,7,6,6,18,402
C001443,51,Mobile Phone,1,25,Cash on Delivery,Female,3,5,Others,5,Divorced,7,0,0,3,14,28,348
C001444,36,Mobile Phone,1,34,Cash on Delivery,Male,2,1,Others,4,Single,2,0,7,10,11,17,431
C001445,36,Mobile Phone,2,15,UPI,Female,1,6,Grocery,1,Married,3,0,0,1,12,27,101
C001446,26,Mobile Phone,1,34,Cash on Delivery,Female,5,3,Fashion,2,Married,5,0,29,4,11,17,51
C001447,43,Mobile Phone,2,40,Debit Card,Female,5,6,Laptop & Accessory,5,Single,1,0,11,2,11,21,57
C001448,27,Computer,2,29,Debit Card,Male,3,5,Grocery,4,Married,5,0,10,0,7,28,181
C001449,5,Computer,2,11,UPI,Male,2,5,Others,4,Married,3,1,14,9,9,12,242
C001450,20,Computer,1,24,E wallet,Male,4,2,Grocery,1,Married,4,0,4,5,13,10,305
C001451,11,Computer,2,39,UPI,Male,3,5,Laptop & Accessory,5,Married,3,0,11,2,4,12,175
C001452,10,Computer,3,14,E wallet,Male,3,3,Grocery,4,Single,3,0,27,5,1,6,108
C001453,40,Mobile Phone,3,39,E wallet,Female,3,3,Mobile Phone,1,Single,1,1,24,3,14,27,114
C001454,38,Computer,2,5,Credit Card,Female,2,4,Others,1,Single,6,0,3,5,10,1,177
C001455,6,Mobile Phone,1,18,Cash on Delivery,Female,3,5,Fashion,4,Single,7,0,5,4,13,12,78
C001456,8,Mobile Phone,3,49,E wallet,Female,1,6,Others,4,Married,5,0,16,0,8,2,93
C001457,23,Mobile Phone,2,9,Credit Card,Male,1,4,Others,5,Married,7,0,0,6,10,29,343
C001458,47,Mobile Phone,1,44,UPI,Male,5,6,Fashion,5,Married,4,0,5,1,14,27,266
C001459,26,Mobile Phone,1,48,UPI,Male,5,3,Fashion,2,Married,3,0,6,0,1,6,195
C001460,46,Tablet,1,42,E wallet,Female,2,5,Laptop & Accessory,4,Single,1,0,14,4,13,0,188
C001461,43,Mobile Phone,1,38,Credit Card,Male,4,2,Laptop & Accessory,3,Married,3,0,6,5,13,30,54
C001462,12,Mobile Phone,1,28,Debit Card,Male,5,2,Mobile Phone,3,Married,7,0,7,1,9,30,494
C001463,26,Mobile Phone,3,8,Cash on Delivery,Female,5,5,Grocery,2,Married,3,0,16,8,13,9,184
C001464,13,Mobile Phone,2,31,E wallet,Female,5,6,Grocery,4,Married,5,0,29,5,4,11,492
C001465,40,Mobile Phone,2,9,Debit Card,Male,5,4,Grocery,1,Single,5,0,19,9,12,17,486
C001466,18,Mobile Phone,3,47,Cash on Delivery,Male,3,4,Others,3,Single,7,0,28,1,15,30,342
C001467,25,Mobile Phone,3,17,Debit Card,Male,5,2,Others,5,Single,1,0,1,10,9,0,494
C001468,33,Mobile Phone,3,44,Credit Card,Female,2,4,Fashion,3,Divorced,3,1,13,1,5,25,468
C001469,47,Computer,3,25,E wallet,Female,3,2,Mobile Phone,4,Single,3,0,18,2,9,16,210
C001470,40,Computer,2,41,Debit Card,Female,3,1,Mobile Phone,3,Married,3,0,14,5,13,14,250
C001471,60,Mobile Phone,3,36,Debit Card,Female,2,2,Grocery,2,Single,7,0,29,7,5,6,450
C001472,43,Mobile Phone,2,42,Debit Card,Female,4,1,Fashion,5,Single,2,0,16,0,13,14,365
C001473,12,Mobile Phone,1,35,E wallet,Female,5,5,Grocery,2,Married,2,0,27,1,13,24,288
C001474,44,Computer,2,36,Credit Card,Male,1,1,Others,1,Married,3,0,9,2,12,28,480
C001475,36,Mobile Phone,2,19,Credit Card,Male,4,3,Fashion,1,Married,7,0,11,2,15,19,500
C001476,48,Mobile Phone,3,34,Debit Card,Male,5,6,Grocery,1,Married,5,1,5,4,13,16,194
C001477,4,Computer,1,47,Credit Card,Female,1,4,Mobile Phone,1,Married,7,0,22,6,5,20,152
C001478,5,Mobile Phone,2,11,Cash on Delivery,Female,3,1,Laptop & Accessory,4,Married,1,0,19,5,5,7,382
C001479,56,Mobile Phone,1,42,Credit Card,Male,3,3,Others,4,Married,6,0,26,10,3,11,52
C001480,37,Mobile Phone,1,35,Debit Card,Male,3,3,Grocery,4,Married,6,0,15,6,12,21,214
C001481,8,Computer,1,48,Cash on Delivery,Female,5,4,Fashion,2,Married,5,0,24,0,14,8,223
C001482,42,Computer,2,30,E wallet,Female,2,2,Fashion,2,Single,7,0,3,6,4,12,211
C001483,49,Computer,3,40,UPI,Female,3,3,Grocery,3,Married,1,0,26,3,1,2,404
C001484,28,Mobile Phone,1,50,Credit Card,Male,3,6,Mobile Phone,5,Single,4,1,27,9,7,10,88
C001485,31,Mobile Phone,2,47,Cash on Delivery,Female,3,1,Grocery,2,Single,6,0,9,10,8,13,317
C001486,58,Tablet,1,30,UPI,Female,5,4,Others,3,Single,3,0,12,4,15,21,461
C001487,9,Tablet,1,48,E wallet,Female,1,1,Fashion,1,Married,7,0,4,5,4,25,472
C001488,54,Mobile Phone,2,6,UPI,Female,4,2,Others,1,Single,3,1,16,9,11,23,243
C001489,51,Computer,1,47,E wallet,Male,3,4,Laptop & Accessory,2,Single,2,1,20,2,14,30,216
C001490,29,Mobile Phone,2,49,Debit Card,Male,4,3,Mobile Phone,4,Married,7,0,2,4,12,2,162
C001491,14,Mobile Phone,1,47,Debit Card,Female,2,1,Grocery,3,Married,4,0,2,2,11,20,471
C001492,40,Mobile Phone,1,13,E wallet,Female,2,6,Grocery,5,Single,6,1,28,7,12,10,266
C001493,41,Mobile Phone,2,9,UPI,Female,2,1,Mobile Phone,3,Married,6,1,22,6,11,3,140
C001494,22,Computer,2,31,Credit Card,Female,3,6,Fashion,4,Single,2,0,2,1,4,15,430
C001495,11,Mobile Phone,1,16,UPI,Female,4,3,Grocery,4,Divorced,5,0,19,6,15,22,361
C001496,23,Mobile Phone,2,39,UPI,Female,1,3,Mobile Phone,2,Single,6,1,19,10,9,28,428
C001497,1,Computer,3,33,Credit Card,Female,5,2,Grocery,4,Single,2,0,2,7,1,21,339
C001498,46,Computer,2,20,UPI,Female,4,2,Fashion,4,Divorced,1,0,13,10,11,14,305
C001499,37,Mobile Phone,1,23,UPI,Male,5,3,Mobile Phone,5,Single,3,1,7,4,13,13,298
C001500,21,Mobile Phone,2,47,Cash on Delivery,Male,4,4,Fashion,4,Single,5,0,25,3,4,25,461
C001501,26,Mobile Phone,2,31,E wallet,Female,3,3,Grocery,1,Single,4,0,0,9,8,23,111
C001502,46,Mobile Phone,1,22,Debit Card,Male,1,3,Mobile Phone,4,Single,3,0,26,9,4,30,95
C001503,36,Tablet,3,45,E wallet,Male,3,5,Laptop & Accessory,1,Married,5,0,24,0,9,12,460
C001504,54,Computer,3,17,UPI,Male,2,4,Grocery,5,Married,7,0,4,9,9,13,122
C001505,23,Mobile Phone,3,34,Credit Card,Male,1,4,Mobile Phone,2,Married,4,0,25,5,6,29,398
C001506,57,Mobile Phone,3,30,Credit Card,Female,4,6,Laptop & Accessory,1,Divorced,1,1,3,0,3,15,357
C001507,1,Mobile Phone,2,10,Debit Card,Female,3,2,Mobile Phone,2,Married,1,0,6,9,2,12,408
C001508,54,Computer,2,7,Debit Card,Female,5,2,Others,2,Married,4,0,7,4,8,23,435
C001509,55,Mobile Phone,2,27,Debit Card,Female,3,2,Others,1,Single,6,0,26,10,15,20,130
C001510,51,Mobile Phone,3,16,Credit Card,Male,3,1,Mobile Phone,3,Married,3,1,7,7,5,18,280
C001511,40,Mobile Phone,2,45,UPI,Male,4,4,Mobile Phone,4,Single,1,0,21,5,11,6,279
C001512,15,Mobile Phone,1,45,Debit Card,Male,4,5,Others,5,Single,5,0,7,6,13,29,341
C001513,21,Mobile Phone,1,19,Debit Card,Male,2,2,Grocery,2,Married,3,1,25,9,11,12,200
C001514,47,Mobile Phone,3,5,Credit Card,Female,1,2,Others,3,Single,4,0,0,2,4,14,306
C001515,9,Computer,1,12,UPI,Female,3,2,Others,2,Single,1,0,10,8,15,17,370
C001516,53,Computer,2,35,Debit Card,Female,5,2,Others,3,Married,1,1,19,5,15,17,372
C001517,9,Computer,3,15,UPI,Male,4,2,Fashion,5,Single,2,1,11,1,11,26,136
C001518,10,Mobile Phone,2,21,Cash on Delivery,Female,4,1,Grocery,3,Married,2,0,7,3,5,30,205
C001519,52,Mobile Phone,3,31,Debit Card,Female,2,5,Fashion,5,Divorced,3,0,22,6,10,17,257
C001520,57,Mobile Phone,2,35,Debit Card,Female,1,4,Grocery,4,Single,3,0,18,4,4,10,398
C001521,53,Mobile Phone,1,31,Credit Card,Male,2,5,Fashion,3,Single,4,0,18,9,6,24,274
C001522,26,Computer,3,18,Cash on Delivery,Female,4,3,Fashion,2,Divorced,4,0,1,8,15,6,465
C001523,41,Mobile Phone,1,27,Cash on Delivery,Female,5,6,Mobile Phone,4,Married,4,0,11,4,13,29,424
C001524,35,Mobile Phone,2,9,Cash on Delivery,Female,2,4,Others,2,Single,2,0,14,2,10,11,288
C001525,52,Computer,1,34,E wallet,Female,3,2,Mobile Phone,2,Single,1,0,24,10,15,15,72
C001526,25,Tablet,1,38,Credit Card,Male,4,3,Mobile Phone,4,Married,1,0,3,7,8,20,224
C001527,26,Mobile Phone,2,23,Credit Card,Female,4,6,Mobile Phone,4,Married,4,0,2,0,14,22,224
C001528,11,Mobile Phone,1,35,Debit Card,Male,2,3,Laptop & Accessory,5,Single,2,0,22,7,4,9,302
C001529,38,Mobile Phone,2,20,Credit Card,Female,5,3,Grocery,3,Single,4,0,8,1,9,1,95
C001530,2,Mobile Phone,3,49,Debit Card,Female,2,3,Mobile Phone,5,Married,5,0,18,10,5,24,166
C001531,7,Mobile Phone,1,31,Debit Card,Female,5,2,Mobile Phone,1,Married,3,0,19,3,4,12,210
C001532,18,Mobile Phone,1,30,E wallet,Female,4,6,Laptop & Accessory,1,Single,2,0,17,7,14,22,424
C001533,27,Tablet,2,43,Credit Card,Female,2,3,Laptop & Accessory,5,Divorced,1,0,24,7,2,10,300
C001534,34,Mobile Phone,2,33,Credit Card,Male,1,5,Others,5,Single,5,0,17,9,7,0,427
C001535,27,Mobile Phone,3,43,E wallet,Female,2,2,Mobile Phone,3,Single,3,0,7,4,4,4,475
C001536,17,Mobile Phone,1,48,E wallet,Female,2,3,Grocery,4,Single,3,0,6,5,7,20,274
C001537,43,Mobile Phone,3,49,Credit Card,Female,1,3,Mobile Phone,1,Married,7,0,30,4,9,26,343
C001538,59,Computer,2,33,Credit Card,Male,1,5,Others,4,Divorced,3,0,13,5,14,21,500
C001539,44,Mobile Phone,2,49,Debit Card,Male,3,6,Mobile Phone,2,Single,2,0,6,8,12,16,211
C001540,59,Mobile Phone,1,50,UPI,Female,1,1,Laptop & Accessory,2,Single,2,0,7,2,8,24,226
C001541,51,Mobile Phone,2,35,Debit Card,Male,5,1,Laptop & Accessory,4,Married,2,1,4,7,9,11,461
C001542,54,Computer,1,6,Cash on Delivery,Female,3,5,Others,2,Married,1,1,21,6,13,26,441
C001543,24,Mobile Phone,1,10,Cash on Delivery,Male,5,6,Others,1,Single,1,1,21,4,4,3,482
C001544,25,Computer,2,13,UPI,Female,3,1,Laptop & Accessory,1,Divorced,1,0,7,0,11,28,250
C001545,7,Mobile Phone,3,19,E wallet,Male,3,4,Laptop & Accessory,2,Married,5,1,8,9,10,27,438
C001546,52,Mobile Phone,2,24,Cash on Delivery,Male,5,6,Mobile Phone,1,Single,5,1,19,9,3,10,208
C001547,6,Mobile Phone,2,6,E wallet,Male,4,4,Others,2,Married,6,0,13,1,11,20,102
C001548,53,Computer,2,7,E wallet,Male,4,6,Mobile Phone,3,Married,7,0,25,6,12,16,340
C001549,24,Computer,2,34,Debit Card,Male,2,4,Laptop & Accessory,3,Married,4,0,5,3,15,14,491
C001550,33,Mobile Phone,3,12,E wallet,Male,4,1,Grocery,4,Married,6,0,14,9,15,11,404
C001551,49,Mobile Phone,2,44,UPI,Male,2,4,Others,2,Married,4,1,14,6,2,14,438
C001552,29,Mobile Phone,1,25,Debit Card,Male,4,4,Mobile Phone,3,Single,3,0,15,7,13,24,466
C001553,43,Mobile Phone,1,43,UPI,Female,2,1,Others,3,Single,3,0,9,2,2,16,62
C001554,22,Mobile Phone,2,47,E wallet,Female,2,5,Grocery,1,Married,2,0,11,0,14,13,202
C001555,26,Computer,2,17,Cash on Delivery,Female,1,6,Fashion,4,Married,3,0,26,8,8,26,156
C001556,28,Computer,1,44,E wallet,Female,2,2,Laptop & Accessory,4,Married,3,1,12,10,9,6,73
C001557,50,Mobile Phone,3,45,UPI,Female,5,4,Grocery,3,Single,5,1,27,1,14,23,60
C001558,21,Mobile Phone,2,41,Credit Card,Female,5,6,Fashion,3,Single,1,0,9,3,6,22,292
C001559,49,Computer,2,36,Credit Card,Male,2,1,Mobile Phone,4,Divorced,3,0,24,0,4,30,388
C001560,7,Computer,1,18,Cash on Delivery,Male,5,2,Grocery,1,Single,7,0,13,0,11,14,60
C001561,17,Mobile Phone,1,5,UPI,Male,4,2,Fashion,5,Married,4,0,12,6,5,11,402
C001562,20,Mobile Phone,3,31,Cash on Delivery,Female,5,6,Grocery,1,Single,4,0,19,9,12,1,335
C001563,41,Mobile Phone,3,28,Debit Card,Male,1,3,Fashion,5,Married,3,0,23,9,5,14,191
C001564,49,Mobile Phone,1,26,E wallet,Male,5,2,Mobile Phone,4,Married,2,0,15,1,5,21,114
C001565,20,Mobile Phone,1,18,Debit Card,Male,4,4,Mobile Phone,4,Married,4,0,25,4,1,7,144
C001566,54,Mobile Phone,2,49,Credit Card,Male,4,5,Mobile Phone,4,Divorced,3,0,4,9,15,23,372
C001567,22,Mobile Phone,1,12,E wallet,Female,2,6,Mobile Phone,2,Divorced,4,0,26,6,10,15,156
C001568,28,Mobile Phone,2,31,Debit Card,Male,3,4,Mobile Phone,2,Single,3,0,29,6,4,23,202
C001569,40,Mobile Phone,3,7,Credit Card,Male,4,3,Fashion,2,Single,5,0,13,3,13,24,458
C001570,49,Mobile Phone,1,37,Debit Card,Female,2,2,Mobile Phone,4,Single,4,0,21,4,2,2,356
C001571,7,Computer,1,25,E wallet,Female,2,6,Grocery,3,Single,3,0,6,6,14,29,295
C001572,1,Computer,3,36,Debit Card,Female,5,3,Grocery,4,Single,7,1,12,7,6,17,67
C001573,32,Mobile Phone,1,44,E wallet,Male,5,4,Mobile Phone,5,Divorced,5,1,29,2,14,12,93
C001574,13,Mobile Phone,3,45,Debit Card,Male,2,4,Grocery,1,Married,3,0,27,0,11,17,107
C001575,30,Tablet,2,49,Cash on Delivery,Male,1,4,Mobile Phone,5,Divorced,3,0,24,9,9,18,103
C001576,23,Mobile Phone,3,48,Debit Card,Female,2,5,Grocery,1,Single,2,0,17,8,1,28,339
C001577,51,Mobile Phone,1,45,Debit Card,Male,5,4,Others,5,Single,3,0,3,1,2,24,191
C001578,59,Mobile Phone,1,36,Cash on Delivery,Female,4,4,Laptop & Accessory,1,Married,4,0,8,5,3,4,158
C001579,56,Mobile Phone,2,28,Credit Card,Female,1,2,Grocery,3,Married,1,0,17,7,10,19,93
C001580,19,Mobile Phone,2,15,E wallet,Female,3,6,Grocery,1,Single,7,0,22,6,9,0,204
C001581,32,Computer,1,41,UPI,Male,4,6,Laptop & Accessory,4,Married,7,0,11,2,13,0,113
C001582,30,Mobile Phone,3,25,Credit Card,Female,5,6,Others,5,Married,3,0,10,4,11,28,272
C001583,29,Mobile Phone,3,22,E wallet,Female,4,5,Laptop & Accessory,2,Married,4,0,0,4,5,5,348
C001584,49,Computer,2,15,Debit Card,Male,4,6,Grocery,3,Single,3,0,0,1,5,22,435
C001585,45,Mobile Phone,1,31,Credit Card,Female,5,2,Mobile Phone,5,Single,1,0,4,3,6,9,103
C001586,29,Mobile Phone,2,47,Debit Card,Female,4,3,Others,3,Single,1,0,26,7,12,11,337
C001587,30,Mobile Phone,2,42,Credit Card,Male,2,1,Grocery,2,Married,7,0,6,1,5,27,342
C001588,16,Mobile Phone,2,5,Credit Card,Male,1,6,Mobile Phone,2,Divorced,3,0,23,5,1,2,147
C001589,40,Mobile Phone,3,33,UPI,Female,5,2,Mobile Phone,2,Single,4,0,17,0,9,14,171
C001590,19,Mobile Phone,1,25,Cash on Delivery,Female,1,6,Others,2,Married,5,0,14,1,11,8,83
C001591,18,Mobile Phone,1,33,Credit Card,Male,2,5,Grocery,2,Divorced,2,0,28,2,4,10,210
C001592,1,Mobile Phone,1,13,Debit Card,Female,5,2,Fashion,4,Single,7,1,18,1,10,10,201
C001593,14,Mobile Phone,3,11,UPI,Female,2,1,Mobile Phone,1,Married,3,0,5,10,5,5,466
C001594,51,Mobile Phone,2,42,Credit Card,Female,3,2,Laptop & Accessory,2,Single,4,1,3,4,13,26,331
C001595,47,Mobile Phone,1,35,Cash on Delivery,Female,3,6,Fashion,5,Divorced,1,1,29,9,15,3,302
C001596,50,Mobile Phone,1,31,Debit Card,Male,3,6,Laptop & Accessory,5,Single,7,0,8,7,7,18,346
C001597,2,Mobile Phone,1,46,UPI,Female,1,1,Others,2,Married,4,0,4,8,4,20,405
C001598,54,Computer,1,36,E wallet,Female,3,5,Mobile Phone,3,Single,3,1,6,0,3,5,90
C001599,28,Mobile Phone,2,9,Cash on Delivery,Male,3,2,Mobile Phone,2,Single,4,0,8,2,15,22,236
C001600,49,Mobile Phone,1,37,E wallet,Female,2,5,Others,4,Divorced,4,0,18,5,11,11,55
C001601,50,Computer,1,19,E wallet,Female,4,5,Mobile Phone,1,Married,3,0,16,5,12,6,362
C001602,30,Mobile Phone,3,9,UPI,Female,4,3,Fashion,5,Married,3,0,28,6,15,6,450
C001603,38,Mobile Phone,2,24,UPI,Female,3,3,Fashion,2,Married,5,0,3,5,9,12,393
C001604,51,Computer,2,42,UPI,Male,4,2,Others,1,Single,3,0,4,9,6,3,65
C001605,4,Computer,1,41,E wallet,Male,3,2,Grocery,1,Single,6,0,17,10,6,6,93
C001606,1,Mobile Phone,1,21,Debit Card,Female,3,6,Mobile Phone,2,Married,1,0,8,9,3,14,73
C001607,8,Mobile Phone,2,8,UPI,Male,1,6,Fashion,1,Married,4,1,4,1,8,8,177
C001608,29,Mobile Phone,1,25,Cash on Delivery,Male,5,5,Laptop & Accessory,5,Married,1,0,20,9,6,14,393
C001609,55,Computer,1,38,UPI,Male,4,3,Mobile Phone,2,Married,6,1,27,2,11,21,395
C001610,39,Mobile Phone,3,44,UPI,Female,3,2,Fashion,3,Married,2,0,16,1,6,10,397
C001611,3,Mobile Phone,3,9,UPI,Female,4,2,Fashion,2,Single,7,1,15,3,14,2,197
C001612,32,Computer,1,8,E wallet,Male,1,2,Fashion,5,Married,2,1,16,10,5,16,398
C001613,10,Mobile Phone,1,26,Debit Card,Male,1,3,Grocery,2,Single,3,0,14,8,1,8,403
C001614,10,Computer,3,18,UPI,Male,3,2,Others,2,Married,4,0,25,0,9,1,298
C001615,19,Mobile Phone,1,8,E wallet,Male,4,5,Grocery,2,Single,7,1,26,8,4,13,356
C001616,46,Mobile Phone,2,12,Cash on Delivery,Male,4,2,Laptop & Accessory,4,Single,3,0,26,1,11,18,103
C001617,34,Mobile Phone,3,7,Debit Card,Male,4,4,Laptop & Accessory,4,Single,5,0,0,0,12,7,461
C001618,60,Computer,3,50,E wallet,Male,1,6,Others,5,Married,7,0,30,2,13,29,233
C001619,33,Mobile Phone,2,33,Credit Card,Female,2,1,Others,1,Single,7,0,12,0,2,21,267
C001620,23,Mobile Phone,1,30,Cash on Delivery,Female,2,5,Fashion,2,Single,1,0,22,6,12,25,160
C001621,55,Mobile Phone,1,34,Cash on Delivery,Female,4,2,Laptop & Accessory,2,Married,3,0,26,1,9,29,305
C001622,28,Computer,3,16,Credit Card,Female,4,4,Fashion,4,Married,5,0,2,8,12,11,209
C001623,32,Tablet,3,19,E wallet,Male,5,3,Others,3,Single,1,0,4,1,8,28,198
C001624,50,Mobile Phone,2,45,E wallet,Female,3,5,Laptop & Accessory,4,Single,3,0,15,7,12,3,110
C001625,7,Mobile Phone,3,6,Cash on Delivery,Male,1,5,Fashion,1,Single,3,0,17,5,9,6,259
C001626,29,Tablet,2,5,E wallet,Female,5,2,Mobile Phone,2,Married,3,0,29,5,11,21,253
C001627,8,Mobile Phone,2,32,Credit Card,Female,4,3,Mobile Phone,2,Single,5,0,1,3,5,8,468
C001628,1,Mobile Phone,3,44,E wallet,Male,2,2,Fashion,5,Divorced,6,0,29,0,11,1,327
C001629,57,Mobile Phone,2,39,Cash on Delivery,Male,2,4,Grocery,3,Single,1,0,0,9,6,20,166
C001630,55,Computer,2,38,E wallet,Female,5,1,Fashion,5,Single,6,0,26,7,1,26,362
C001631,3,Mobile Phone,1,8,Debit Card,Female,2,6,Laptop & Accessory,3,Married,6,1,23,6,14,17,398
C001632,24,Mobile Phone,2,22,Credit Card,Female,2,6,Others,3,Married,4,0,23,5,1,0,452
C001633,23,Mobile Phone,2,16,Credit Card,Female,3,3,Fashion,3,Single,7,0,20,4,1,13,323
C001634,59,Mobile Phone,1,25,UPI,Female,4,1,Laptop & Accessory,3,Married,5,0,7,10,5,16,361
C001635,8,Mobile Phone,3,14,E wallet,Male,5,4,Laptop & Accessory,5,Married,5,0,17,1,11,1,323
C001636,54,Mobile Phone,2,25,Credit Card,Male,1,5,Mobile Phone,2,Single,5,0,4,0,6,22,497
C001637,57,Mobile Phone,3,44,E wallet,Male,1,4,Fashion,2,Married,1,0,24,6,3,25,477
C001638,47,Mobile Phone,1,29,Debit Card,Male,4,6,Grocery,5,Single,6,0,8,3,3,24,366
C001639,37,Mobile Phone,2,21,Cash on Delivery,Male,1,1,Grocery,4,Married,7,1,17,1,9,14,96
C001640,3,Computer,1,10,Cash on Delivery,Male,2,3,Others,1,Married,2,0,10,2,10,28,226
C001641,51,Computer,3,18,UPI,Female,3,2,Others,3,Married,6,0,14,1,14,19,413
C001642,33,Computer,1,41,UPI,Male,5,1,Mobile Phone,5,Single,4,0,30,8,6,30,171
C001643,28,Mobile Phone,2,44,Credit Card,Female,5,3,Fashion,3,Married,4,0,12,3,12,24,236
C001644,47,Mobile Phone,3,44,Credit Card,Female,2,1,Others,3,Married,4,1,10,0,15,27,361
C001645,8,Mobile Phone,1,22,Credit Card,Female,4,6,Fashion,3,Single,2,0,6,4,8,6,132
C001646,34,Computer,3,34,Debit Card,Female,3,5,Grocery,5,Single,5,0,17,6,12,15,226
C001647,35,Computer,3,13,UPI,Female,1,6,Laptop & Accessory,2,Single,2,0,24,0,1,3,442
C001648,32,Computer,1,18,UPI,Female,5,5,Grocery,4,Married,4,1,0,3,1,29,82
C001649,24,Mobile Phone,1,50,Cash on Delivery,Female,5,2,Mobile Phone,4,Single,5,0,13,10,9,14,489
C001650,14,Mobile Phone,1,50,UPI,Female,4,5,Fashion,5,Married,1,0,30,8,10,28,382
C001651,32,Mobile Phone,1,21,UPI,Male,3,4,Laptop & Accessory,1,Married,4,0,9,2,13,9,252
C001652,56,Mobile Phone,3,38,Debit Card,Male,1,6,Laptop & Accessory,4,Married,5,0,29,7,13,9,302
C001653,46,Mobile Phone,3,50,Credit Card,Female,5,6,Mobile Phone,4,Married,1,0,8,7,9,9,335
C001654,43,Computer,1,26,Debit Card,Female,5,6,Laptop & Accessory,3,Single,2,0,19,8,1,24,351
C001655,16,Mobile Phone,2,36,E wallet,Male,1,2,Fashion,5,Single,6,0,24,6,10,21,442
C001656,4,Mobile Phone,2,16,Cash on Delivery,Female,3,6,Grocery,2,Single,5,0,27,4,2,15,328
C001657,52,Mobile Phone,1,20,Cash on Delivery,Male,3,1,Fashion,5,Single,7,0,22,9,4,6,137
C001658,37,Computer,1,26,Cash on Delivery,Female,3,6,Others,5,Divorced,5,0,15,3,10,29,145
C001659,54,Mobile Phone,1,42,Credit Card,Female,5,4,Laptop & Accessory,4,Divorced,2,0,27,5,9,26,162
C001660,21,Mobile Phone,2,43,Credit Card,Female,2,3,Laptop & Accessory,3,Married,1,0,19,2,5,7,53
C001661,14,Computer,2,6,Credit Card,Female,5,1,Fashion,5,Single,6,0,29,7,7,18,93
C001662,31,Mobile Phone,2,49,Cash on Delivery,Female,4,6,Mobile Phone,2,Single,2,0,22,3,3,10,218
C001663,55,Mobile Phone,1,12,Cash on Delivery,Male,4,6,Fashion,3,Married,4,0,26,10,2,12,351
C001664,48,Mobile Phone,3,48,Cash on Delivery,Female,5,6,Grocery,3,Single,3,0,25,9,11,6,332
C001665,18,Mobile Phone,2,5,E wallet,Female,5,5,Mobile Phone,2,Married,2,1,25,1,15,29,444
C001666,7,Computer,3,45,E wallet,Male,1,1,Laptop & Accessory,2,Single,4,0,25,4,7,12,134
C001667,10,Computer,2,44,Cash on Delivery,Female,3,5,Laptop & Accessory,2,Married,5,0,21,7,9,26,255
C001668,7,Mobile Phone,3,45,Credit Card,Male,1,4,Mobile Phone,5,Married,6,0,5,5,6,9,387
C001669,33,Mobile Phone,3,9,Credit Card,Male,4,6,Mobile Phone,3,Married,4,1,6,8,4,25,430
C001670,23,Mobile Phone,2,49,E wallet,Male,4,4,Mobile Phone,3,Married,5,0,3,5,9,26,137
C001671,21,Mobile Phone,1,50,E wallet,Female,2,4,Laptop & Accessory,1,Single,3,0,3,2,10,25,197
C001672,19,Mobile Phone,3,40,Cash on Delivery,Male,3,6,Laptop & Accessory,1,Married,3,0,19,0,6,30,154
C001673,48,Mobile Phone,2,21,Cash on Delivery,Female,3,2,Laptop & Accessory,1,Married,2,0,24,9,14,6,267
C001674,19,Mobile Phone,3,45,Credit Card,Female,4,5,Laptop & Accessory,5,Married,7,0,23,7,4,26,80
C001675,36,Computer,3,34,UPI,Female,1,1,Laptop & Accessory,5,Divorced,6,0,6,7,4,29,421
C001676,29,Mobile Phone,2,19,Credit Card,Male,5,6,Fashion,2,Married,3,0,29,6,5,24,257
C001677,60,Mobile Phone,1,24,Credit Card,Male,3,1,Fashion,5,Married,6,0,4,6,9,3,346
C001678,18,Mobile Phone,1,40,Cash on Delivery,Female,5,1,Fashion,3,Divorced,2,0,4,3,8,15,97
C001679,2,Computer,3,6,UPI,Female,4,2,Mobile Phone,3,Married,1,0,8,1,1,11,324
C001680,1,Mobile Phone,1,49,UPI,Male,2,2,Laptop & Accessory,4,Single,6,0,22,6,3,19,485
C001681,47,Mobile Phone,1,8,Cash on Delivery,Female,4,5,Fashion,4,Married,5,0,28,2,13,2,193
C001682,5,Mobile Phone,2,28,Debit Card,Male,5,2,Mobile Phone,5,Married,2,1,20,0,15,6,457
C001683,20,Computer,2,46,Cash on Delivery,Female,4,6,Grocery,4,Single,6,0,13,0,3,0,247
C001684,11,Mobile Phone,1,6,E wallet,Male,3,4,Others,5,Married,6,0,30,9,10,15,385
C001685,42,Computer,1,50,UPI,Male,5,1,Grocery,2,Divorced,7,0,10,7,3,21,298
C001686,2,Tablet,2,6,Cash on Delivery,Male,5,4,Grocery,2,Single,3,0,4,6,3,12,149
C001687,3,Computer,1,5,Credit Card,Male,2,2,Others,4,Married,6,0,0,0,12,3,216
C001688,23,Mobile Phone,3,17,Credit Card,Female,3,1,Mobile Phone,5,Single,3,0,7,3,3,1,448
C001689,55,Mobile Phone,1,10,Credit Card,Male,1,3,Others,4,Married,6,1,27,3,12,21,281
C001690,12,Mobile Phone,3,26,Cash on Delivery,Female,2,4,Mobile Phone,3,Married,5,1,2,3,15,26,291
C001691,20,Tablet,3,21,Debit Card,Male,3,3,Grocery,5,Single,5,0,12,9,2,13,309
C001692,5,Mobile Phone,2,26,E wallet,Male,1,5,Others,1,Single,6,0,22,5,15,2,489
C001693,37,Mobile Phone,1,47,Credit Card,Female,5,6,Grocery,3,Divorced,1,0,14,3,3,5,51
C001694,38,Mobile Phone,2,10,Cash on Delivery,Male,2,4,Others,5,Married,1,0,16,1,5,12,383
C001695,30,Mobile Phone,2,7,Debit Card,Female,5,1,Others,4,Married,3,1,25,0,10,1,433
C001696,9,Mobile Phone,1,50,UPI,Female,5,1,Laptop & Accessory,4,Single,5,0,1,10,7,24,173
C001697,34,Mobile Phone,3,10,UPI,Male,5,6,Fashion,4,Married,2,0,13,5,4,21,455
C001698,53,Mobile Phone,2,21,E wallet,Female,3,3,Fashion,5,Single,7,0,5,5,13,11,115
C001699,44,Computer,3,39,Cash on Delivery,Female,1,1,Grocery,4,Single,6,0,26,6,10,7,69
C001700,35,Mobile Phone,1,41,Cash on Delivery,Male,3,6,Grocery,5,Single,6,0,21,6,1,8,53
C001701,52,Mobile Phone,1,39,Credit Card,Female,5,4,Grocery,5,Single,2,0,5,7,7,9,293
C001702,58,Mobile Phone,3,27,Debit Card,Female,2,2,Laptop & Accessory,4,Single,5,0,22,3,1,25,275
C001703,22,Mobile Phone,2,12,E wallet,Male,5,2,Laptop & Accessory,2,Married,4,1,17,10,10,2,387
C001704,44,Computer,2,11,Debit Card,Female,1,6,Grocery,2,Single,1,0,8,8,7,16,419
C001705,24,Mobile Phone,2,14,E wallet,Male,3,1,Laptop & Accessory,3,Single,7,0,29,0,2,28,225
C001706,17,Mobile Phone,1,30,Cash on Delivery,Female,1,5,Others,5,Single,4,0,17,0,11,9,232
C001707,10,Mobile Phone,2,14,Cash on Delivery,Male,3,4,Others,4,Married,2,0,25,0,3,26,288
C001708,30,Computer,1,23,E wallet,Female,1,5,Others,4,Married,5,0,28,1,7,19,389
C001709,56,Mobile Phone,2,27,Debit Card,Female,1,3,Fashion,4,Divorced,2,0,16,1,2,20,139
C001710,59,Computer,2,35,UPI,Male,3,6,Others,2,Single,1,0,24,2,5,5,120
C001711,46,Mobile Phone,3,37,UPI,Female,3,1,Fashion,1,Single,2,1,24,7,12,28,103
C001712,23,Mobile Phone,2,6,Credit Card,Male,3,6,Others,5,Single,6,0,6,4,2,21,388
C001713,32,Mobile Phone,1,32,Credit Card,Female,4,3,Grocery,3,Single,6,0,21,0,1,2,73
C001714,17,Computer,2,36,Debit Card,Male,1,5,Fashion,3,Married,5,1,13,10,11,4,444
C001715,50,Mobile Phone,1,37,Cash on Delivery,Male,4,4,Laptop & Accessory,3,Single,5,0,11,9,11,22,449
C001716,51,Computer,1,13,Debit Card,Female,4,5,Fashion,5,Single,5,1,16,2,7,28,114
C001717,17,Mobile Phone,1,33,E wallet,Male,5,2,Mobile Phone,5,Single,1,0,12,4,8,7,62
C001718,14,Mobile Phone,2,19,UPI,Male,4,5,Fashion,3,Divorced,7,1,9,8,1,23,295
C001719,9,Mobile Phone,1,22,Credit Card,Female,4,5,Others,3,Married,2,0,25,4,13,26,55
C001720,40,Computer,2,22,Debit Card,Female,3,5,Others,4,Single,1,1,25,5,6,14,300
C001721,2,Mobile Phone,3,11,Debit Card,Male,3,5,Others,1,Married,1,0,16,1,10,2,399
C001722,45,Computer,2,18,E wallet,Male,2,4,Laptop & Accessory,2,Married,2,0,0,5,7,17,229
C001723,25,Computer,1,33,Cash on Delivery,Male,1,1,Grocery,5,Single,4,0,22,10,13,26,363
C001724,39,Computer,1,23,Cash on Delivery,Female,4,4,Fashion,1,Married,2,0,15,4,5,11,150
C001725,9,Mobile Phone,2,9,UPI,Male,4,6,Laptop & Accessory,3,Single,6,1,22,3,2,13,83
C001726,54,Mobile Phone,3,45,Credit Card,Male,1,3,Mobile Phone,3,Single,1,1,26,9,5,21,227
C001727,22,Computer,1,49,Cash on Delivery,Male,3,2,Fashion,3,Single,3,0,14,8,8,8,333
C001728,43,Mobile Phone,3,9,Cash on Delivery,Female,3,1,Others,3,Married,4,0,13,7,1,7,250
C001729,46,Mobile Phone,2,19,Cash on Delivery,Male,1,6,Laptop & Accessory,4,Single,7,1,10,10,15,18,375
C001730,4,Mobile Phone,2,30,Debit Card,Male,1,6,Laptop & Accessory,5,Married,4,0,2,6,6,1,109
C001731,26,Mobile Phone,3,28,Cash on Delivery,Female,3,2,Fashion,3,Married,3,0,27,3,6,15,363
C001732,58,Mobile Phone,2,23,E wallet,Male,1,2,Laptop & Accessory,3,Married,7,0,26,10,15,3,247
C001733,29,Mobile Phone,3,24,UPI,Female,3,1,Laptop & Accessory,5,Married,4,0,30,2,10,16,277
C001734,45,Mobile Phone,1,47,Cash on Delivery,Male,1,6,Laptop & Accessory,2,Single,2,0,12,0,7,18,325
C001735,34,Mobile Phone,2,13,Credit Card,Female,3,6,Fashion,4,Single,3,0,8,2,3,17,473
C001736,23,Mobile Phone,2,32,Debit Card,Female,2,1,Others,4,Single,7,0,7,1,2,16,239
C001737,37,Mobile Phone,1,20,E wallet,Male,3,6,Laptop & Accessory,1,Married,3,0,21,4,6,24,160
C001738,11,Mobile Phone,2,15,UPI,Male,3,3,Laptop & Accessory,4,Married,3,0,27,7,11,13,162
C001739,6,Mobile Phone,1,38,Debit Card,Female,4,4,Grocery,1,Single,2,1,4,3,4,25,273
C001740,18,Mobile Phone,1,29,E wallet,Female,3,1,Mobile Phone,2,Married,4,0,1,6,10,14,438
C001741,21,Mobile Phone,1,44,Debit Card,Male,1,6,Grocery,5,Married,4,0,6,8,11,16,343
C001742,42,Mobile Phone,2,25,UPI,Male,5,3,Others,3,Single,6,0,10,10,5,5,59
C001743,36,Computer,3,9,UPI,Female,1,5,Grocery,1,Married,5,0,10,3,4,5,406
C001744,41,Mobile Phone,2,15,Cash on Delivery,Male,4,1,Fashion,4,Married,2,0,23,4,2,29,160
C001745,38,Computer,2,47,Credit Card,Male,1,4,Grocery,3,Single,7,0,30,8,3,12,243
C001746,34,Mobile Phone,1,13,Cash on Delivery,Male,2,5,Fashion,2,Married,4,1,16,1,15,11,124
C001747,17,Mobile Phone,3,15,Debit Card,Male,5,5,Grocery,5,Single,5,0,20,1,5,12,242
C001748,37,Mobile Phone,2,41,Cash on Delivery,Female,5,5,Grocery,1,Single,5,0,4,9,3,5,255
C001749,25,Mobile Phone,3,45,UPI,Male,4,5,Mobile Phone,4,Married,6,0,21,1,15,8,134
C001750,38,Mobile Phone,3,5,UPI,Male,5,2,Fashion,3,Married,1,0,5,0,2,13,55
C001751,58,Mobile Phone,1,30,UPI,Female,3,4,Others,3,Single,2,0,15,5,9,21,161
C001752,12,Mobile Phone,2,14,Cash on Delivery,Female,4,3,Laptop & Accessory,3,Married,5,0,7,10,7,22,267
C001753,23,Mobile Phone,3,44,E wallet,Male,2,1,Others,5,Married,3,0,5,0,8,2,66
C001754,53,Mobile Phone,1,23,Cash on Delivery,Male,5,3,Grocery,1,Single,3,0,21,4,8,25,75
C001755,42,Computer,2,20,Cash on Delivery,Female,5,2,Others,5,Single,7,0,26,10,9,1,184
C001756,22,Mobile Phone,3,49,Cash on Delivery,Male,4,5,Grocery,4,Married,1,0,10,9,10,23,353
C001757,21,Mobile Phone,1,41,Cash on Delivery,Female,5,6,Grocery,1,Married,6,0,4,3,5,3,242
C001758,27,Mobile Phone,3,45,UPI,Male,5,1,Laptop & Accessory,2,Married,5,1,7,0,12,1,128
C001759,57,Mobile Phone,3,8,Credit Card,Male,2,4,Mobile Phone,2,Single,3,0,6,10,3,25,144
C001760,31,Computer,2,18,Cash on Delivery,Male,2,1,Mobile Phone,5,Divorced,5,0,7,7,8,3,213
C001761,6,Mobile Phone,1,34,Cash on Delivery,Male,4,1,Laptop & Accessory,5,Divorced,3,0,28,4,15,12,119
C001762,27,Mobile Phone,1,11,Credit Card,Male,5,3,Others,5,Married,7,0,17,5,13,29,324
C001763,40,Computer,1,16,Cash on Delivery,Male,1,6,Fashion,2,Single,2,0,26,6,11,4,305
C001764,34,Mobile Phone,3,28,Credit Card,Female,4,5,Laptop & Accessory,2,Single,4,0,26,7,1,8,311
C001765,12,Mobile Phone,3,43,UPI,Male,2,4,Grocery,1,Married,3,0,22,2,4,7,335
C001766,45,Tablet,2,47,E wallet,Male,1,1,Mobile Phone,1,Single,2,0,6,5,2,17,212
C001767,57,Mobile Phone,1,26,Cash on Delivery,Male,5,2,Mobile Phone,5,Single,4,0,4,8,2,29,286
C001768,53,Mobile Phone,1,34,E wallet,Male,4,2,Others,3,Married,1,0,5,10,1,0,234
C001769,7,Mobile Phone,3,43,Cash on Delivery,Female,4,6,Fashion,1,Single,4,0,13,3,10,29,322
C001770,10,Mobile Phone,2,24,Debit Card,Female,2,5,Laptop & Accessory,2,Divorced,2,0,24,7,4,0,385
C001771,45,Mobile Phone,3,30,Debit Card,Male,3,6,Grocery,4,Married,6,1,28,2,15,16,239
C001772,17,Computer,2,9,UPI,Male,3,1,Grocery,3,Married,3,0,18,0,4,27,59
C001773,26,Mobile Phone,3,44,E wallet,Female,3,5,Fashion,2,Married,7,0,9,1,15,2,149
C001774,21,Computer,2,46,E wallet,Male,4,1,Others,3,Single,6,0,26,4,2,21,414
C001775,28,Computer,2,10,Credit Card,Male,2,4,Fashion,4,Married,7,0,27,6,13,23,195
C001776,58,Mobile Phone,2,38,Credit Card,Female,2,2,Others,5,Married,1,0,14,5,2,12,123
C001777,46,Mobile Phone,3,9,Cash on Delivery,Female,3,6,Others,3,Married,5,0,6,8,12,15,293
C001778,2,Mobile Phone,2,14,Credit Card,Male,1,3,Laptop & Accessory,4,Single,7,1,7,3,9,21,150
C001779,60,Computer,1,32,Credit Card,Male,3,6,Laptop & Accessory,4,Married,6,0,29,6,6,3,181
C001780,54,Computer,1,7,E wallet,Female,4,5,Grocery,3,Single,1,1,10,3,10,18,301
C001781,43,Mobile Phone,1,17,Debit Card,Female,1,4,Mobile Phone,3,Married,4,0,2,2,13,21,329
C001782,1,Mobile Phone,2,6,E wallet,Male,2,2,Others,3,Single,2,0,10,5,10,8,369
C001783,51,Mobile Phone,1,39,Credit Card,Male,5,4,Grocery,3,Divorced,1,0,30,10,11,29,288
C001784,53,Computer,1,32,Cash on Delivery,Female,1,6,Mobile Phone,5,Single,1,0,20,10,7,19,147
C001785,36,Mobile Phone,2,41,Debit Card,Male,2,6,Grocery,2,Married,3,0,24,4,7,2,381
C001786,51,Mobile Phone,1,27,Credit Card,Female,1,3,Others,1,Single,4,1,14,10,6,15,393
C001787,26,Computer,3,47,Credit Card,Female,3,1,Mobile Phone,5,Single,3,0,10,9,10,20,171
C001788,29,Mobile Phone,2,27,Cash on Delivery,Female,1,1,Fashion,3,Single,6,0,18,10,4,5,347
C001789,21,Mobile Phone,2,39,Cash on Delivery,Male,1,4,Laptop & Accessory,4,Married,7,0,26,7,6,15,204
C001790,11,Mobile Phone,1,45,Credit Card,Female,1,4,Laptop & Accessory,5,Married,7,0,18,9,10,26,234
C001791,40,Mobile Phone,1,43,Credit Card,Female,4,5,Mobile Phone,1,Married,3,0,14,1,10,6,215
C001792,11,Mobile Phone,2,36,E wallet,Male,4,4,Mobile Phone,1,Single,4,0,2,3,9,19,101
C001793,36,Computer,3,6,UPI,Female,3,1,Others,5,Divorced,1,0,9,7,11,12,258
C001794,49,Mobile Phone,3,48,Cash on Delivery,Female,5,6,Mobile Phone,4,Single,2,0,13,0,9,28,419
C001795,59,Mobile Phone,1,20,Cash on Delivery,Male,4,4,Laptop & Accessory,4,Married,2,0,28,9,8,17,65
C001796,39,Mobile Phone,2,20,E wallet,Female,5,2,Others,4,Single,4,1,4,2,4,10,352
C001797,40,Mobile Phone,1,7,Debit Card,Male,4,2,Grocery,2,Married,4,1,18,6,15,29,346
C001798,35,Mobile Phone,3,32,Debit Card,Male,2,1,Laptop & Accessory,4,Married,2,0,13,1,13,23,76
C001799,54,Computer,3,33,Debit Card,Female,2,4,Fashion,1,Married,7,0,30,6,1,26,148
C001800,34,Computer,2,24,Cash on Delivery,Female,1,6,Others,3,Single,2,0,25,5,15,30,482
C001801,55,Mobile Phone,2,40,UPI,Female,5,4,Fashion,3,Married,6,0,27,6,8,5,75
C001802,47,Mobile Phone,3,37,UPI,Female,1,4,Mobile Phone,1,Married,5,1,11,7,6,26,487
C001803,24,Mobile Phone,2,26,E wallet,Female,1,2,Grocery,4,Married,4,0,9,5,8,14,439
C001804,54,Computer,2,12,Debit Card,Male,4,1,Mobile Phone,3,Divorced,6,1,30,5,15,24,414
C001805,22,Mobile Phone,3,28,Debit Card,Male,4,5,Laptop & Accessory,1,Married,3,0,5,10,12,12,159
C001806,5,Computer,2,41,Credit Card,Female,1,6,Grocery,4,Married,1,0,11,6,3,23,434
C001807,56,Mobile Phone,2,24,E wallet,Female,4,2,Laptop & Accessory,2,Married,1,0,20,1,2,6,68
C001808,33,Computer,3,16,E wallet,Male,2,1,Grocery,3,Married,5,0,22,2,1,6,293
C001809,58,Computer,2,24,Cash on Delivery,Female,2,1,Fashion,4,Married,6,1,3,9,2,18,339
C001810,36,Computer,2,24,Cash on Delivery,Female,5,5,Laptop & Accessory,4,Married,4,0,29,0,3,29,183
C001811,47,Mobile Phone,1,8,E wallet,Female,2,3,Laptop & Accessory,3,Married,1,0,18,7,13,19,118
C001812,20,Mobile Phone,1,34,UPI,Male,1,5,Mobile Phone,4,Divorced,1,0,29,2,2,11,216
C001813,19,Mobile Phone,1,35,E wallet,Male,3,5,Others,5,Single,1,1,7,2,6,14,336
C001814,35,Computer,2,26,UPI,Male,4,1,Laptop & Accessory,5,Single,2,0,30,10,13,17,472
C001815,52,Mobile Phone,2,19,Cash on Delivery,Male,1,3,Grocery,2,Single,5,0,0,0,3,28,155
C001816,43,Tablet,3,42,E wallet,Female,4,3,Mobile Phone,1,Married,6,0,15,5,3,24,184
C001817,17,Computer,2,41,UPI,Female,5,4,Others,5,Single,3,0,1,2,13,30,168
C001818,59,Mobile Phone,3,32,Credit Card,Female,1,5,Laptop & Accessory,5,Married,2,0,8,10,1,13,54
C001819,45,Computer,1,15,Credit Card,Male,1,5,Fashion,2,Married,4,0,5,3,11,13,148
C001820,43,Mobile Phone,3,18,E wallet,Female,1,3,Mobile Phone,5,Married,7,1,6,0,11,23,77
C001821,34,Mobile Phone,2,15,Debit Card,Male,5,3,Fashion,5,Married,7,0,1,1,13,17,140
C001822,9,Mobile Phone,2,13,E wallet,Female,1,6,Grocery,3,Married,7,0,25,0,10,26,119
C001823,26,Mobile Phone,1,28,Cash on Delivery,Male,4,3,Mobile Phone,2,Married,5,0,1,5,8,20,89
C001824,2,Computer,2,14,Cash on Delivery,Female,3,1,Mobile Phone,4,Married,2,0,30,8,5,0,67
C001825,53,Mobile Phone,2,42,Credit Card,Female,1,1,Mobile Phone,4,Married,2,0,21,10,4,14,450
C001826,9,Mobile Phone,2,47,UPI,Female,5,1,Others,1,Married,5,0,12,8,2,21,424
C001827,9,Mobile Phone,3,45,Credit Card,Female,5,6,Others,1,Married,6,0,23,6,2,20,306
C001828,40,Computer,3,41,UPI,Female,1,5,Laptop & Accessory,5,Single,4,0,20,9,3,10,324
C001829,17,Mobile Phone,3,46,E wallet,Female,5,6,Fashion,5,Single,5,0,17,9,7,29,182
C001830,1,Computer,2,36,Debit Card,Female,2,6,Laptop & Accessory,4,Single,5,0,26,5,10,17,379
C001831,25,Mobile Phone,3,24,Cash on Delivery,Female,5,3,Fashion,2,Married,4,0,27,0,8,2,379
C001832,43,Mobile Phone,3,18,E wallet,Female,3,1,Laptop & Accessory,3,Single,2,0,7,2,9,19,265
C001833,40,Mobile Phone,1,42,Credit Card,Male,2,4,Mobile Phone,1,Married,4,0,5,6,1,1,493
C001834,42,Mobile Phone,2,8,E wallet,Male,4,3,Mobile Phone,5,Single,7,0,10,4,1,19,179
C001835,25,Computer,1,28,Debit Card,Male,2,6,Fashion,1,Single,3,0,12,8,12,10,444
C001836,39,Mobile Phone,1,36,UPI,Male,3,3,Mobile Phone,4,Married,4,0,21,6,11,1,309
C001837,35,Computer,1,14,Debit Card,Male,2,6,Laptop & Accessory,2,Divorced,3,0,13,2,6,30,136
C001838,3,Mobile Phone,1,47,Credit Card,Male,1,3,Others,4,Single,5,0,9,9,14,2,376
C001839,50,Mobile Phone,2,20,Debit Card,Female,5,1,Grocery,3,Single,7,0,12,0,8,28,256
C001840,37,Tablet,2,43,Cash on Delivery,Female,1,2,Laptop & Accessory,2,Single,1,0,19,6,5,28,328
C001841,44,Computer,1,36,Debit Card,Male,1,4,Fashion,3,Single,5,0,0,10,4,0,84
C001842,44,Mobile Phone,3,22,E wallet,Male,1,4,Mobile Phone,3,Single,3,1,24,7,12,2,216
C001843,51,Mobile Phone,3,29,UPI,Female,2,2,Grocery,2,Single,4,0,2,2,9,27,80
C001844,30,Mobile Phone,3,11,Cash on Delivery,Female,4,4,Grocery,3,Divorced,3,0,23,10,2,23,179
C001845,38,Mobile Phone,2,22,Cash on Delivery,Female,5,1,Mobile Phone,1,Married,1,1,13,7,13,0,187
C001846,34,Computer,2,22,Cash on Delivery,Female,2,3,Laptop & Accessory,5,Single,5,0,6,10,3,25,481
C001847,12,Computer,1,7,Credit Card,Male,1,2,Mobile Phone,2,Single,3,0,1,5,2,11,310
C001848,19,Mobile Phone,1,5,Credit Card,Male,3,3,Others,4,Married,2,0,6,9,7,15,125
C001849,37,Computer,1,37,E wallet,Female,3,6,Fashion,4,Married,5,0,6,10,7,4,259
C001850,44,Mobile Phone,2,11,UPI,Male,1,4,Mobile Phone,5,Single,5,0,4,9,15,13,77
C001851,59,Mobile Phone,3,14,Debit Card,Male,4,5,Laptop & Accessory,4,Single,3,0,26,0,10,13,185
C001852,59,Mobile Phone,1,48,E wallet,Female,5,4,Others,5,Single,3,0,18,0,12,19,373
C001853,49,Mobile Phone,1,12,Credit Card,Female,2,4,Others,1,Single,7,1,18,10,4,11,258
C001854,17,Mobile Phone,1,36,E wallet,Female,4,2,Laptop & Accessory,4,Single,1,1,19,0,9,14,142
C001855,10,Mobile Phone,2,27,UPI,Female,3,3,Fashion,4,Married,7,0,14,2,7,0,442
C001856,57,Mobile Phone,1,21,E wallet,Male,1,2,Grocery,1,Married,6,1,7,1,11,6,63
C001857,55,Mobile Phone,2,18,Cash on Delivery,Female,2,1,Others,4,Single,2,0,7,9,3,10,345
C001858,49,Computer,1,21,Debit Card,Female,4,3,Laptop & Accessory,4,Divorced,3,0,22,0,4,4,174
C001859,47,Mobile Phone,2,29,Credit Card,Male,4,1,Others,1,Married,1,0,21,5,15,25,186
C001860,12,Mobile Phone,1,25,Credit Card,Female,4,1,Grocery,1,Married,3,0,30,3,12,29,407
C001861,16,Computer,2,10,UPI,Female,2,2,Laptop & Accessory,1,Divorced,7,1,18,1,1,17,314
C001862,24,Computer,1,24,UPI,Male,5,4,Others,4,Married,5,0,25,4,10,4,293
C001863,19,Computer,3,24,UPI,Female,2,6,Laptop & Accessory,5,Single,6,0,27,1,13,17,229
C001864,8,Mobile Phone,2,30,Credit Card,Female,1,5,Laptop & Accessory,5,Single,6,0,24,0,15,3,90
C001865,31,Mobile Phone,2,36,Cash on Delivery,Male,2,6,Grocery,2,Single,5,1,24,2,8,22,316
C001866,21,Mobile Phone,2,12,Debit Card,Female,4,4,Laptop & Accessory,2,Married,7,0,0,9,1,9,327
C001867,17,Mobile Phone,1,49,UPI,Female,5,4,Fashion,4,Single,7,1,5,9,11,23,350
C001868,23,Computer,1,48,Credit Card,Male,5,3,Others,4,Single,5,0,30,2,3,27,300
C001869,37,Mobile Phone,2,33,Cash on Delivery,Male,1,2,Mobile Phone,5,Married,6,1,6,7,10,29,76
C001870,54,Mobile Phone,2,21,UPI,Female,1,3,Fashion,3,Married,5,0,25,6,10,13,183
C001871,16,Mobile Phone,2,22,UPI,Female,3,5,Fashion,2,Divorced,4,0,29,10,8,20,402
C001872,6,Mobile Phone,2,44,Debit Card,Female,3,2,Laptop & Accessory,5,Married,5,1,17,2,7,22,302
C001873,8,Computer,3,22,Debit Card,Female,3,6,Fashion,4,Single,2,0,11,2,14,14,327
C001874,25,Mobile Phone,3,15,E wallet,Male,2,6,Fashion,2,Single,5,0,24,6,7,20,331
C001875,18,Mobile Phone,1,49,UPI,Male,5,6,Fashion,2,Single,4,0,23,1,8,29,247
C001876,25,Mobile Phone,2,16,E wallet,Male,1,4,Laptop & Accessory,2,Single,3,0,3,6,13,8,402
C001877,12,Mobile Phone,1,19,Credit Card,Female,3,1,Fashion,4,Divorced,3,0,24,1,8,25,379
C001878,15,Mobile Phone,2,30,Debit Card,Male,1,4,Mobile Phone,5,Single,4,0,24,1,3,29,150
C001879,59,Mobile Phone,1,7,Cash on Delivery,Female,3,4,Fashion,3,Single,5,0,29,2,12,8,370
C001880,26,Mobile Phone,1,7,UPI,Female,2,2,Laptop & Accessory,4,Single,1,0,16,6,12,11,320
C001881,41,Computer,3,42,UPI,Male,2,4,Laptop & Accessory,2,Married,2,0,13,6,1,23,136
C001882,45,Computer,2,39,E wallet,Male,4,5,Grocery,1,Married,5,0,0,1,15,17,125
C001883,26,Computer,1,13,Debit Card,Male,1,4,Grocery,5,Married,4,1,14,1,12,5,259
C001884,47,Computer,1,47,E wallet,Female,4,1,Mobile Phone,4,Single,7,0,3,2,6,14,288
C001885,32,Mobile Phone,2,44,UPI,Male,2,2,Others,2,Married,6,0,13,7,13,24,162
C001886,10,Mobile Phone,3,8,Debit Card,Female,2,6,Grocery,3,Married,5,0,6,1,5,21,321
C001887,16,Mobile Phone,2,24,UPI,Male,1,5,Fashion,2,Single,4,0,9,3,6,12,396
C001888,7,Computer,3,19,Debit Card,Female,4,6,Laptop & Accessory,2,Married,7,1,24,5,3,22,233
C001889,17,Tablet,1,33,UPI,Male,4,2,Grocery,4,Married,5,0,10,10,12,6,353
C001890,23,Computer,2,9,Cash on Delivery,Female,4,1,Laptop & Accessory,3,Single,1,0,20,4,2,11,141
C001891,26,Mobile Phone,3,43,E wallet,Female,1,3,Fashion,1,Single,6,0,15,9,3,3,58
C001892,21,Computer,2,44,Debit Card,Male,1,5,Laptop & Accessory,4,Single,1,0,17,2,1,25,389
C001893,22,Mobile Phone,1,11,E wallet,Female,1,1,Laptop & Accessory,5,Married,2,0,22,9,10,7,234
C001894,58,Mobile Phone,2,12,Debit Card,Male,5,6,Grocery,3,Married,2,1,1,2,4,9,459
C001895,7,Mobile Phone,2,36,Debit Card,Female,2,3,Laptop & Accessory,1,Married,4,0,3,7,15,28,78
C001896,14,Mobile Phone,2,40,Debit Card,Male,5,6,Fashion,1,Single,1,0,4,3,13,10,398
C001897,15,Mobile Phone,3,37,UPI,Male,5,1,Mobile Phone,3,Single,2,0,23,2,4,15,114
C001898,53,Mobile Phone,3,41,Credit Card,Female,2,3,Laptop & Accessory,5,Single,4,0,19,3,5,1,93
C001899,7,Mobile Phone,2,36,UPI,Male,3,3,Laptop & Accessory,2,Married,6,0,17,8,14,29,177
C001900,9,Mobile Phone,1,47,Credit Card,Female,3,2,Fashion,4,Married,2,0,8,2,1,18,194
C001901,51,Computer,2,40,UPI,Female,3,4,Others,5,Married,6,1,29,4,15,9,322
C001902,48,Mobile Phone,3,38,Credit Card,Male,1,4,Fashion,1,Single,1,0,15,9,8,11,470
C001903,8,Mobile Phone,3,29,Debit Card,Male,1,1,Grocery,5,Married,6,0,13,8,3,7,381
C001904,50,Computer,1,48,Debit Card,Female,4,3,Grocery,2,Single,5,0,5,6,6,14,316
C001905,59,Computer,2,36,Credit Card,Female,4,4,Mobile Phone,5,Married,3,0,16,1,12,2,205
C001906,23,Mobile Phone,1,6,Credit Card,Female,5,1,Laptop & Accessory,5,Single,1,0,19,5,10,24,262
C001907,29,Mobile Phone,1,13,E wallet,Female,4,1,Mobile Phone,1,Married,6,1,17,8,4,21,371
C001908,18,Mobile Phone,2,42,Debit Card,Female,1,5,Mobile Phone,5,Married,2,0,25,5,4,9,106
C001909,31,Mobile Phone,2,33,UPI,Male,5,2,Laptop & Accessory,4,Single,7,1,6,2,1,13,453
C001910,30,Mobile Phone,1,42,E wallet,Male,4,2,Laptop & Accessory,3,Divorced,3,0,29,4,5,11,197
C001911,52,Computer,3,22,Credit Card,Female,4,6,Fashion,1,Married,1,0,30,4,8,15,469
C001912,39,Mobile Phone,3,26,UPI,Female,3,3,Mobile Phone,3,Single,7,1,15,10,8,8,176
C001913,35,Computer,3,39,Cash on Delivery,Female,1,4,Mobile Phone,5,Divorced,2,0,25,5,3,17,289
C001914,18,Computer,1,19,Cash on Delivery,Male,5,3,Grocery,2,Single,1,0,10,4,3,17,130
C001915,59,Computer,2,11,Cash on Delivery,Male,2,4,Mobile Phone,1,Married,6,0,29,0,13,26,102
C001916,42,Mobile Phone,2,17,UPI,Male,4,4,Fashion,5,Married,6,1,16,3,10,18,322
C001917,39,Computer,1,46,Credit Card,Female,1,4,Others,5,Married,6,0,11,5,12,26,118
C001918,17,Mobile Phone,2,40,UPI,Male,5,6,Mobile Phone,2,Married,4,0,13,8,1,19,319
C001919,14,Mobile Phone,3,20,E wallet,Male,1,4,Fashion,5,Married,2,1,27,0,10,12,447
C001920,31,Mobile Phone,1,45,E wallet,Male,1,4,Fashion,4,Married,3,0,24,6,9,23,472
C001921,24,Mobile Phone,3,25,Cash on Delivery,Male,5,5,Others,2,Single,1,0,23,1,7,18,385
C001922,35,Computer,3,32,Credit Card,Female,3,5,Fashion,1,Married,2,1,19,1,15,16,418
C001923,44,Mobile Phone,3,14,E wallet,Female,3,4,Grocery,1,Married,6,0,27,10,8,30,309
C001924,60,Mobile Phone,3,23,Debit Card,Male,4,6,Others,3,Single,5,0,11,3,1,7,443
C001925,45,Mobile Phone,1,21,Debit Card,Male,3,1,Grocery,4,Single,2,0,14,6,4,18,484
C001926,34,Mobile Phone,3,5,Cash on Delivery,Female,4,1,Mobile Phone,4,Married,1,1,14,10,14,19,73
C001927,3,Mobile Phone,1,17,Cash on Delivery,Female,4,2,Mobile Phone,1,Divorced,5,0,27,8,6,0,463
C001928,37,Computer,3,40,Cash on Delivery,Male,5,4,Fashion,5,Married,3,0,5,6,4,27,336
C001929,43,Mobile Phone,1,46,E wallet,Male,1,1,Fashion,4,Married,5,0,30,2,3,10,351
C001930,40,Mobile Phone,1,24,Credit Card,Male,2,2,Others,4,Single,1,0,7,8,3,20,302
C001931,26,Mobile Phone,2,45,Cash on Delivery,Female,2,1,Mobile Phone,5,Single,5,1,19,3,4,16,329
C001932,55,Mobile Phone,1,44,UPI,Male,3,2,Laptop & Accessory,2,Married,6,0,1,5,7,25,495
C001933,23,Mobile Phone,2,10,Cash on Delivery,Female,5,3,Fashion,5,Single,1,1,2,3,15,0,268
C001934,44,Mobile Phone,2,27,E wallet,Male,2,1,Others,3,Married,5,1,30,2,1,27,465
C001935,39,Tablet,3,46,Credit Card,Male,1,4,Fashion,3,Single,4,1,12,0,1,26,441
C001936,15,Mobile Phone,2,28,Cash on Delivery,Female,4,4,Others,1,Single,3,0,5,1,11,28,270
C001937,56,Mobile Phone,1,9,Debit Card,Male,4,5,Mobile Phone,2,Single,3,0,5,2,6,8,257
C001938,49,Mobile Phone,1,36,Cash on Delivery,Male,5,3,Fashion,4,Single,3,0,17,7,14,24,246
C001939,4,Computer,2,50,Cash on Delivery,Male,3,3,Fashion,1,Married,4,0,1,9,5,0,197
C001940,29,Mobile Phone,2,21,Credit Card,Male,1,1,Laptop & Accessory,1,Single,3,0,29,10,4,9,256
C001941,22,Mobile Phone,2,15,UPI,Male,3,2,Mobile Phone,4,Single,5,0,9,6,12,2,448
C001942,25,Computer,1,31,Cash on Delivery,Female,3,6,Others,4,Single,6,0,25,7,4,4,364
C001943,13,Mobile Phone,1,8,Cash on Delivery,Male,5,5,Laptop & Accessory,5,Married,2,0,19,0,3,16,261
C001944,18,Mobile Phone,1,27,E wallet,Female,4,3,Others,3,Single,6,0,4,3,7,19,186
C001945,33,Mobile Phone,1,27,Credit Card,Female,3,3,Fashion,4,Married,7,1,28,5,4,13,77
C001946,16,Mobile Phone,1,38,E wallet,Female,3,6,Grocery,5,Single,4,1,6,8,15,19,280
C001947,45,Mobile Phone,3,25,Cash on Delivery,Female,1,4,Fashion,3,Single,7,1,11,1,2,15,483
C001948,42,Mobile Phone,1,26,Cash on Delivery,Male,4,6,Mobile Phone,2,Married,4,0,5,7,6,3,93
C001949,44,Mobile Phone,2,5,Debit Card,Female,3,4,Others,2,Married,1,0,19,4,11,17,120
C001950,2,Mobile Phone,2,36,E wallet,Female,2,2,Laptop & Accessory,2,Single,4,0,20,0,3,12,200
C001951,55,Mobile Phone,1,32,Credit Card,Female,2,1,Fashion,4,Married,3,1,9,2,14,6,329
C001952,35,Computer,2,22,Cash on Delivery,Female,4,2,Others,3,Divorced,4,0,23,4,4,3,193
C001953,42,Computer,2,11,Debit Card,Female,4,1,Laptop & Accessory,3,Single,4,1,14,2,11,25,105
C001954,34,Computer,2,42,Debit Card,Female,5,5,Fashion,2,Single,5,0,11,7,13,12,71
C001955,30,Mobile Phone,3,10,UPI,Female,3,6,Grocery,1,Married,5,0,25,4,1,21,172
C001956,59,Mobile Phone,1,18,Credit Card,Male,2,3,Grocery,3,Married,6,0,1,5,7,24,456
C001957,55,Mobile Phone,3,34,Debit Card,Male,2,2,Fashion,3,Married,4,0,5,10,10,20,324
C001958,13,Mobile Phone,2,48,Credit Card,Male,4,1,Mobile Phone,5,Married,3,0,11,0,5,12,253
C001959,13,Tablet,2,50,Cash on Delivery,Female,4,6,Grocery,2,Married,7,0,27,7,10,20,420
C001960,18,Mobile Phone,3,18,UPI,Male,1,5,Others,1,Divorced,5,0,15,5,10,14,395
C001961,32,Mobile Phone,3,48,Credit Card,Female,1,2,Mobile Phone,5,Married,2,1,29,5,4,30,290
C001962,32,Mobile Phone,2,45,UPI,Male,4,3,Mobile Phone,1,Single,5,0,12,1,11,4,297
C001963,35,Mobile Phone,3,13,Credit Card,Male,1,5,Fashion,1,Married,1,1,27,3,2,20,338
C001964,59,Mobile Phone,2,35,Credit Card,Male,4,4,Others,1,Married,1,0,16,3,6,20,428
C001965,39,Mobile Phone,2,6,E wallet,Male,4,3,Others,4,Married,7,0,5,6,5,8,108
C001966,46,Mobile Phone,1,22,UPI,Female,5,4,Laptop & Accessory,3,Divorced,4,0,9,2,8,27,346
C001967,52,Computer,1,9,Credit Card,Male,1,5,Grocery,3,Single,4,0,1,4,10,17,88
C001968,29,Mobile Phone,3,30,E wallet,Female,3,5,Grocery,5,Married,7,0,13,2,11,12,179
C001969,49,Computer,1,27,E wallet,Male,3,4,Mobile Phone,1,Married,3,1,26,6,2,8,229
C001970,29,Computer,1,16,UPI,Male,5,1,Mobile Phone,1,Single,6,0,25,0,7,30,234
C001971,53,Mobile Phone,3,18,Cash on Delivery,Female,3,6,Fashion,3,Married,7,0,23,3,1,8,298
C001972,44,Computer,1,17,UPI,Female,3,5,Others,1,Married,6,1,0,9,14,8,66
C001973,57,Mobile Phone,1,39,Credit Card,Female,5,2,Grocery,1,Single,2,0,1,1,2,13,236
C001974,16,Tablet,2,19,Cash on Delivery,Female,2,6,Laptop & Accessory,1,Single,3,0,29,2,14,25,60
C001975,56,Mobile Phone,2,39,UPI,Female,5,2,Grocery,2,Single,3,0,6,5,1,21,175
C001976,44,Mobile Phone,3,23,UPI,Male,5,5,Grocery,2,Single,6,0,9,2,10,23,182
C001977,47,Mobile Phone,2,19,UPI,Female,1,6,Grocery,2,Married,7,0,23,10,5,25,474
C001978,57,Mobile Phone,2,12,UPI,Female,3,4,Mobile Phone,5,Divorced,1,1,15,5,10,3,121
C001979,10,Tablet,2,27,Cash on Delivery,Female,3,4,Others,1,Single,6,0,18,7,1,10,428
C001980,30,Mobile Phone,2,17,Credit Card,Female,2,3,Others,2,Single,7,1,25,10,15,29,113
C001981,25,Mobile Phone,2,27,E wallet,Female,5,4,Grocery,2,Single,6,0,15,1,1,11,346
C001982,39,Mobile Phone,3,35,UPI,Female,4,1,Others,4,Divorced,2,0,24,10,12,4,133
C001983,20,Computer,2,34,E wallet,Male,2,1,Fashion,5,Married,7,0,11,5,13,28,268
C001984,5,Mobile Phone,1,46,E wallet,Female,2,2,Mobile Phone,2,Single,7,1,14,1,7,15,362
C001985,1,Mobile Phone,1,6,E wallet,Female,3,5,Mobile Phone,2,Married,6,0,3,10,15,14,240
C001986,30,Mobile Phone,2,15,UPI,Male,3,2,Others,2,Divorced,7,0,7,6,8,7,204
C001987,49,Computer,1,29,UPI,Male,3,5,Grocery,4,Single,7,0,9,7,3,9,104
C001988,3,Mobile Phone,2,33,UPI,Male,3,2,Grocery,4,Single,2,1,5,8,1,14,79
C001989,45,Mobile Phone,3,26,UPI,Male,2,5,Grocery,5,Single,5,0,27,5,8,27,211
C001990,14,Mobile Phone,2,23,Debit Card,Male,5,5,Others,1,Single,4,0,20,1,13,13,91
C001991,56,Computer,1,13,Credit Card,Male,3,2,Grocery,1,Single,7,0,28,6,7,0,329
C001992,30,Mobile Phone,3,45,Debit Card,Female,1,3,Others,5,Single,4,1,24,5,14,7,445
C001993,50,Mobile Phone,1,42,Cash on Delivery,Male,2,1,Laptop & Accessory,1,Married,1,0,1,1,12,8,334
C001994,4,Mobile Phone,2,33,Debit Card,Female,4,4,Others,3,Single,1,1,27,5,9,27,109
C001995,18,Computer,2,14,Debit Card,Male,4,1,Fashion,1,Single,5,0,15,10,5,12,361
C001996,37,Computer,1,26,Debit Card,Male,5,4,Grocery,4,Single,5,0,11,4,5,24,95
C001997,25,Mobile Phone,3,28,Credit Card,Male,2,5,Grocery,4,Single,3,0,24,8,8,20,250
C001998,48,Mobile Phone,1,12,E wallet,Female,2,6,Mobile Phone,2,Married,4,1,20,0,8,19,235
C001999,1,Mobile Phone,3,10,Cash on Delivery,Male,2,2,Others,4,Single,5,0,22,3,2,8,447
C002000,53,Mobile Phone,1,11,Cash on Delivery,Male,1,2,Laptop & Accessory,3,Divorced,2,0,22,4,4,12,324
C002001,46,Mobile Phone,1,24,Credit Card,Male,1,4,Grocery,3,Single,3,0,17,6,4,26,346
C002002,15,Mobile Phone,1,21,Debit Card,Male,3,2,Mobile Phone,3,Single,3,0,12,9,2,0,287
C002003,9,Mobile Phone,1,40,E wallet,Male,4,2,Others,2,Married,4,0,7,10,13,21,295
C002004,15,Computer,2,12,UPI,Male,1,2,Mobile Phone,1,Divorced,4,0,8,9,8,9,234
C002005,49,Mobile Phone,2,17,Credit Card,Female,4,1,Laptop & Accessory,2,Divorced,4,0,25,7,10,14,463
C002006,57,Mobile Phone,3,28,E wallet,Male,2,2,Others,4,Married,1,0,8,2,2,21,124
C002007,24,Mobile Phone,1,50,Credit Card,Male,1,3,Grocery,3,Divorced,7,0,8,6,13,18,199
C002008,4,Mobile Phone,2,35,Credit Card,Male,4,4,Others,2,Married,4,0,6,6,14,13,157
C002009,12,Mobile Phone,2,27,UPI,Male,1,1,Grocery,2,Single,1,0,19,4,3,11,273
C002010,59,Mobile Phone,2,21,E wallet,Male,2,1,Fashion,3,Married,5,0,4,3,9,15,149
C002011,58,Mobile Phone,2,50,Debit Card,Female,2,5,Grocery,5,Married,7,0,24,10,13,20,214
C002012,37,Computer,2,28,E wallet,Male,2,5,Mobile Phone,3,Married,2,0,13,9,10,24,182
C002013,37,Computer,1,47,E wallet,Female,3,2,Laptop & Accessory,5,Single,7,0,24,9,14,25,324
C002014,43,Mobile Phone,3,14,Debit Card,Female,4,1,Others,3,Married,7,0,29,8,4,24,223
C002015,60,Mobile Phone,2,35,UPI,Male,3,6,Fashion,1,Married,7,0,17,5,13,26,456
C002016,6,Mobile Phone,2,49,E wallet,Male,5,1,Fashion,5,Married,2,0,25,0,4,6,210
C002017,39,Mobile Phone,1,24,Debit Card,Male,5,2,Fashion,5,Single,3,0,20,4,11,28,244
C002018,56,Mobile Phone,1,20,Credit Card,Female,1,4,Mobile Phone,2,Single,7,0,12,4,11,29,349
C002019,46,Computer,1,18,Credit Card,Female,1,1,Grocery,5,Single,3,0,13,5,14,20,453
C002020,24,Tablet,1,7,Debit Card,Male,1,5,Fashion,4,Single,7,1,14,9,3,22,405
C002021,11,Computer,1,34,Credit Card,Male,3,2,Laptop & Accessory,2,Married,3,1,28,4,15,9,391
C002022,13,Mobile Phone,3,22,E wallet,Female,2,1,Laptop & Accessory,2,Single,2,0,22,5,7,28,322
C002023,34,Computer,2,10,Debit Card,Female,1,6,Others,1,Single,3,0,5,6,9,30,224
C002024,25,Computer,2,24,E wallet,Female,1,6,Laptop & Accessory,2,Single,7,0,14,3,15,1,472
C002025,7,Mobile Phone,1,39,Cash on Delivery,Male,5,5,Grocery,2,Married,1,0,5,8,3,10,450
C002026,52,Mobile Phone,3,23,UPI,Male,2,3,Grocery,4,Single,3,1,11,7,10,7,490
C002027,4,Computer,1,30,UPI,Male,3,1,Fashion,2,Single,5,0,27,7,8,6,119
C002028,59,Mobile Phone,3,39,UPI,Female,2,6,Grocery,5,Single,7,0,16,8,8,23,163
C002029,8,Mobile Phone,3,16,Debit Card,Male,5,2,Grocery,1,Divorced,3,0,1,2,11,17,385
C002030,20,Mobile Phone,2,12,Cash on Delivery,Male,3,5,Fashion,4,Divorced,7,0,22,10,8,5,115
C002031,29,Mobile Phone,3,41,UPI,Female,4,1,Others,3,Married,1,0,3,8,1,27,128
C002032,54,Mobile Phone,2,14,E wallet,Male,1,5,Grocery,3,Married,6,0,26,1,11,11,154
C002033,53,Computer,1,25,UPI,Female,3,2,Grocery,3,Single,2,0,23,9,5,28,243
C002034,51,Mobile Phone,1,45,Cash on Delivery,Male,5,1,Mobile Phone,4,Single,6,0,28,0,12,1,165
C002035,45,Mobile Phone,1,49,E wallet,Male,2,6,Others,3,Married,7,0,17,7,10,15,368
C002036,46,Mobile Phone,1,46,E wallet,Male,3,2,Fashion,5,Married,2,1,7,7,10,23,308
C002037,10,Mobile Phone,2,33,Debit Card,Male,5,4,Mobile Phone,3,Single,2,0,13,9,3,17,54
C002038,43,Mobile Phone,1,35,Debit Card,Male,3,1,Mobile Phone,3,Married,1,0,8,6,9,0,267
C002039,34,Mobile Phone,3,44,Credit Card,Male,1,1,Others,1,Single,2,0,25,0,7,9,391
C002040,57,Mobile Phone,1,11,Cash on Delivery,Male,2,6,Grocery,3,Married,7,1,25,7,4,8,406
C002041,26,Mobile Phone,2,38,E wallet,Female,2,5,Fashion,3,Married,7,0,16,8,1,5,443
C002042,41,Mobile Phone,3,38,Cash on Delivery,Female,3,1,Others,2,Married,4,0,15,0,11,5,393
C002043,49,Mobile Phone,1,34,UPI,Male,5,4,Mobile Phone,5,Married,3,1,15,0,6,26,407
C002044,58,Mobile Phone,2,8,UPI,Female,1,5,Laptop & Accessory,4,Single,1,0,11,0,14,21,384
C002045,3,Mobile Phone,3,45,Credit Card,Female,1,5,Fashion,1,Married,3,0,26,10,1,16,279
C002046,56,Tablet,1,34,E wallet,Male,3,3,Laptop & Accessory,4,Single,5,0,21,3,4,23,446
C002047,6,Mobile Phone,2,29,E wallet,Female,4,1,Grocery,3,Married,7,0,19,4,4,12,401
C002048,5,Mobile Phone,1,18,Credit Card,Male,3,3,Others,2,Single,3,1,21,7,8,15,283
C002049,5,Mobile Phone,3,28,UPI,Male,1,6,Grocery,3,Married,1,0,23,7,9,3,438
C002050,54,Mobile Phone,2,47,E wallet,Female,2,4,Others,3,Married,4,0,28,5,7,28,157
C002051,47,Tablet,2,35,Cash on Delivery,Male,3,1,Mobile Phone,1,Single,4,0,7,6,15,16,382
C002052,23,Mobile Phone,3,43,E wallet,Female,3,3,Grocery,1,Divorced,2,0,29,0,3,30,188
C002053,49,Mobile Phone,1,32,UPI,Female,2,3,Laptop & Accessory,4,Married,4,0,23,7,12,16,83
C002054,9,Mobile Phone,3,29,E wallet,Female,3,5,Mobile Phone,3,Single,5,0,10,5,1,0,339
C002055,35,Mobile Phone,3,23,E wallet,Female,5,3,Others,4,Single,5,0,2,0,9,6,232
C002056,20,Computer,3,8,Debit Card,Female,2,3,Mobile Phone,3,Married,3,0,19,9,10,21,291
C002057,58,Mobile Phone,3,38,E wallet,Female,2,6,Laptop & Accessory,1,Single,5,0,11,4,12,29,122
C002058,49,Mobile Phone,2,36,Credit Card,Female,2,1,Fashion,2,Single,1,0,12,8,2,22,76
C002059,59,Mobile Phone,3,29,Credit Card,Female,1,1,Others,4,Married,7,0,4,0,12,22,335
C002060,42,Mobile Phone,1,26,Cash on Delivery,Male,3,5,Fashion,4,Single,7,0,5,9,11,20,212
C002061,35,Computer,2,32,E wallet,Male,4,1,Mobile Phone,5,Single,2,0,17,2,7,14,180
C002062,50,Mobile Phone,1,22,Cash on Delivery,Female,3,4,Grocery,5,Married,5,0,24,5,7,14,201
C002063,18,Mobile Phone,3,11,UPI,Female,3,5,Others,2,Single,2,0,11,1,8,22,298
C002064,17,Mobile Phone,2,15,UPI,Female,1,4,Mobile Phone,5,Single,6,1,15,9,2,1,89
C002065,24,Mobile Phone,3,46,Debit Card,Male,5,1,Others,2,Single,2,0,29,9,15,26,334
C002066,3,Mobile Phone,1,15,Debit Card,Female,5,1,Laptop & Accessory,3,Married,3,0,0,4,2,28,381
C002067,32,Mobile Phone,3,13,E wallet,Female,1,5,Mobile Phone,5,Single,1,0,11,8,3,0,470
C002068,35,Mobile Phone,3,39,E wallet,Female,1,3,Grocery,5,Divorced,6,0,30,4,5,9,69
C002069,38,Mobile Phone,2,41,Cash on Delivery,Female,1,2,Others,4,Married,7,0,23,2,10,28,307
C002070,13,Mobile Phone,1,27,Cash on Delivery,Female,3,2,Grocery,2,Single,3,0,14,4,11,28,249
C002071,56,Tablet,2,37,E wallet,Female,1,1,Grocery,4,Single,5,0,18,5,6,20,193
C002072,47,Mobile Phone,1,5,E wallet,Female,4,4,Laptop & Accessory,5,Married,6,1,13,8,3,16,173
C002073,25,Mobile Phone,2,24,Debit Card,Male,2,5,Fashion,3,Single,7,0,4,5,3,22,76
C002074,9,Mobile Phone,1,9,Debit Card,Female,5,3,Mobile Phone,1,Married,6,0,15,1,6,17,210
C002075,4,Mobile Phone,1,33,Debit Card,Male,4,6,Fashion,2,Married,5,0,10,4,12,15,137
C002076,14,Mobile Phone,1,30,E wallet,Female,5,1,Fashion,2,Single,2,0,11,8,11,4,91
C002077,37,Computer,1,42,Cash on Delivery,Male,3,4,Laptop & Accessory,3,Married,7,1,5,9,11,11,382
C002078,34,Mobile Phone,1,7,Credit Card,Female,3,1,Grocery,3,Married,6,1,28,10,1,15,264
C002079,11,Mobile Phone,3,25,Credit Card,Male,1,6,Grocery,2,Married,4,0,9,10,13,18,269
C002080,41,Mobile Phone,2,17,Cash on Delivery,Male,5,2,Mobile Phone,2,Single,7,0,15,0,2,12,317
C002081,56,Mobile Phone,1,35,Cash on Delivery,Female,3,1,Laptop & Accessory,3,Single,2,0,22,7,3,16,51
C002082,3,Mobile Phone,2,21,Cash on Delivery,Male,3,4,Others,3,Single,1,0,20,4,7,9,420
C002083,59,Computer,2,39,Debit Card,Female,5,2,Grocery,3,Single,4,0,4,6,1,18,319
C002084,28,Mobile Phone,3,27,UPI,Female,3,6,Mobile Phone,5,Single,4,0,21,10,7,19,224
C002085,29,Mobile Phone,1,7,E wallet,Female,1,6,Others,2,Single,4,0,11,3,3,30,220
C002086,9,Mobile Phone,1,49,Debit Card,Male,3,1,Fashion,2,Married,5,0,0,3,6,24,203
C002087,3,Mobile Phone,3,6,Credit Card,Male,4,2,Laptop & Accessory,3,Single,7,0,4,7,13,19,71
C002088,25,Mobile Phone,1,7,E wallet,Male,4,6,Others,4,Married,1,1,11,8,13,22,275
C002089,34,Mobile Phone,1,24,Cash on Delivery,Female,1,5,Grocery,1,Divorced,5,1,15,9,2,5,370
C002090,12,Mobile Phone,1,48,Credit Card,Female,4,4,Mobile Phone,2,Single,2,0,5,0,11,26,285
C002091,42,Mobile Phone,1,13,Cash on Delivery,Male,3,4,Mobile Phone,5,Single,6,0,4,5,2,0,257
C002092,9,Mobile Phone,3,8,Cash on Delivery,Female,4,5,Laptop & Accessory,1,Married,2,0,19,1,8,4,122
C002093,15,Mobile Phone,1,29,Cash on Delivery,Female,4,6,Fashion,4,Married,2,0,18,9,2,20,485
C002094,40,Mobile Phone,3,5,E wallet,Male,3,6,Grocery,5,Single,2,0,7,2,1,9,215
C002095,25,Mobile Phone,3,43,Credit Card,Female,5,4,Fashion,3,Single,5,0,7,8,11,30,160
C002096,5,Mobile Phone,2,16,Credit Card,Female,1,4,Laptop & Accessory,4,Single,4,1,6,6,4,19,221
C002097,11,Mobile Phone,1,44,Cash on Delivery,Male,5,1,Laptop & Accessory,3,Married,1,0,29,2,4,17,80
C002098,59,Mobile Phone,1,44,Debit Card,Male,5,3,Fashion,5,Single,3,0,30,9,13,24,106
C002099,34,Computer,2,28,UPI,Male,4,1,Others,5,Married,6,0,11,10,6,0,455
C002100,24,Mobile Phone,2,13,Debit Card,Female,2,5,Others,3,Single,3,0,18,4,6,13,435
C002101,60,Mobile Phone,2,50,E wallet,Female,5,5,Laptop & Accessory,1,Married,2,0,18,5,12,30,183
C002102,15,Mobile Phone,2,24,UPI,Female,3,3,Others,2,Married,6,0,24,5,10,29,192
C002103,38,Mobile Phone,3,9,Debit Card,Male,3,1,Others,2,Married,5,0,14,8,10,23,231
C002104,8,Mobile Phone,2,24,Credit Card,Female,3,1,Mobile Phone,5,Single,2,1,18,0,15,5,451
C002105,59,Mobile Phone,2,25,Debit Card,Male,2,1,Fashion,4,Divorced,6,0,27,1,8,11,293
C002106,5,Mobile Phone,3,6,Cash on Delivery,Female,2,2,Mobile Phone,3,Married,5,1,16,10,1,24,441
C002107,48,Mobile Phone,1,25,E wallet,Female,1,6,Mobile Phone,4,Married,6,1,22,6,5,19,205
C002108,26,Mobile Phone,1,46,Debit Card,Female,2,2,Laptop & Accessory,3,Married,4,0,0,10,14,12,76
C002109,18,Computer,1,28,Debit Card,Female,1,1,Laptop & Accessory,4,Married,1,0,24,3,8,24,102
C002110,6,Mobile Phone,1,13,UPI,Female,3,2,Laptop & Accessory,3,Married,2,0,22,5,15,2,396
C002111,37,Mobile Phone,2,43,Cash on Delivery,Female,2,1,Mobile Phone,5,Single,1,0,2,8,13,27,76
C002112,60,Mobile Phone,1,34,UPI,Female,4,5,Grocery,1,Single,4,0,27,8,14,3,379
C002113,48,Mobile Phone,2,22,E wallet,Male,4,1,Mobile Phone,2,Single,3,0,20,3,8,24,157
C002114,13,Mobile Phone,3,48,E wallet,Female,4,2,Mobile Phone,4,Married,6,0,22,6,13,27,147
C002115,28,Mobile Phone,1,47,Cash on Delivery,Male,2,3,Mobile Phone,2,Divorced,7,0,28,2,15,17,145
C002116,5,Mobile Phone,2,14,UPI,Female,2,5,Others,4,Married,2,0,0,2,15,10,445
C002117,13,Mobile Phone,1,49,Cash on Delivery,Male,2,4,Others,5,Divorced,6,0,25,3,6,17,267
C002118,17,Computer,1,45,UPI,Male,4,3,Laptop & Accessory,5,Divorced,7,1,22,4,6,26,290
C002119,50,Tablet,2,25,Credit Card,Male,3,3,Mobile Phone,4,Married,3,0,13,8,4,28,204
C002120,40,Mobile Phone,3,26,Cash on Delivery,Female,5,6,Mobile Phone,4,Single,1,0,21,1,1,6,253
C002121,45,Mobile Phone,1,21,E wallet,Male,3,4,Laptop & Accessory,4,Married,6,0,12,0,6,4,464
C002122,32,Mobile Phone,1,9,UPI,Male,2,5,Fashion,5,Single,7,0,3,10,9,16,466
C002123,29,Mobile Phone,1,10,Credit Card,Male,5,6,Grocery,1,Single,6,0,0,0,8,3,178
C002124,51,Mobile Phone,1,14,E wallet,Female,5,4,Grocery,1,Married,1,0,9,0,1,2,446
C002125,58,Mobile Phone,1,47,UPI,Male,3,5,Fashion,4,Single,3,0,6,8,7,28,143
C002126,3,Computer,2,6,Credit Card,Male,4,5,Laptop & Accessory,3,Single,4,0,19,6,9,16,289
C002127,56,Mobile Phone,1,11,E wallet,Male,1,6,Fashion,1,Married,1,0,5,1,7,20,363
C002128,40,Mobile Phone,2,50,E wallet,Male,4,5,Grocery,5,Single,6,0,17,5,1,2,71
C002129,34,Mobile Phone,2,8,Credit Card,Female,4,3,Fashion,5,Single,5,0,30,5,11,3,192
C002130,40,Computer,2,41,E wallet,Male,5,5,Mobile Phone,5,Single,1,0,12,3,10,18,161
C002131,27,Mobile Phone,1,23,UPI,Male,2,6,Others,2,Married,1,1,1,0,3,17,56
C002132,13,Mobile Phone,3,32,UPI,Male,2,4,Mobile Phone,2,Single,5,0,10,4,2,4,307
C002133,45,Mobile Phone,1,24,E wallet,Male,5,3,Grocery,5,Married,6,1,26,7,8,12,371
C002134,33,Computer,3,34,Debit Card,Male,4,5,Others,1,Divorced,1,0,6,0,8,2,184
C002135,6,Mobile Phone,1,46,Credit Card,Female,3,2,Others,2,Married,4,0,16,0,10,6,369
C002136,24,Computer,2,42,Debit Card,Male,1,2,Fashion,3,Divorced,5,0,14,1,7,18,142
C002137,19,Mobile Phone,1,6,UPI,Female,4,5,Mobile Phone,4,Divorced,1,1,29,6,11,4,246
C002138,16,Mobile Phone,1,7,E wallet,Male,4,2,Fashion,2,Single,5,0,22,7,2,14,489
C002139,40,Mobile Phone,1,46,Cash on Delivery,Male,1,1,Grocery,2,Married,1,0,10,10,3,16,181
C002140,28,Mobile Phone,1,43,Cash on Delivery,Female,3,6,Others,1,Married,1,1,1,6,9,30,217
C002141,33,Mobile Phone,3,29,Debit Card,Female,1,3,Fashion,1,Single,2,0,10,3,1,18,383
C002142,59,Computer,2,6,Debit Card,Female,5,1,Others,3,Married,1,1,13,0,3,30,158
C002143,59,Mobile Phone,1,43,Debit Card,Male,1,3,Mobile Phone,3,Single,2,0,8,8,5,14,370
C002144,48,Mobile Phone,2,19,UPI,Female,1,4,Grocery,3,Single,1,0,12,8,9,10,193
C002145,41,Mobile Phone,3,7,UPI,Female,4,2,Mobile Phone,3,Married,6,1,22,5,2,15,329
C002146,13,Mobile Phone,2,9,E wallet,Male,4,2,Fashion,2,Single,7,0,8,0,9,16,137
C002147,43,Mobile Phone,1,44,UPI,Male,2,6,Fashion,3,Single,6,0,24,7,11,21,307
C002148,45,Mobile Phone,3,40,E wallet,Male,1,2,Laptop & Accessory,3,Married,4,0,23,4,2,22,127
C002149,25,Mobile Phone,1,44,E wallet,Male,5,5,Mobile Phone,5,Single,7,0,14,6,14,25,128
C002150,53,Mobile Phone,2,42,Debit Card,Female,2,3,Grocery,2,Married,3,0,1,10,4,16,243
C002151,42,Tablet,2,41,Cash on Delivery,Female,1,5,Others,2,Single,2,0,21,8,6,21,484
C002152,36,Mobile Phone,3,31,Debit Card,Female,4,2,Laptop & Accessory,2,Married,3,0,29,4,4,23,266
C002153,27,Computer,3,9,UPI,Male,5,4,Grocery,4,Single,3,0,9,5,8,14,427
C002154,38,Mobile Phone,3,21,Credit Card,Male,3,2,Mobile Phone,3,Single,4,0,3,4,12,30,341
C002155,60,Mobile Phone,1,42,UPI,Male,2,6,Others,3,Single,4,0,5,1,2,2,418
C002156,7,Mobile Phone,3,49,Cash on Delivery,Male,4,5,Grocery,3,Married,4,0,26,0,14,11,146
C002157,5,Mobile Phone,1,45,UPI,Female,3,2,Laptop & Accessory,1,Single,3,0,12,6,2,12,243
C002158,43,Computer,1,16,Cash on Delivery,Female,1,1,Others,1,Married,1,0,3,2,3,30,332
C002159,45,Mobile Phone,2,46,Credit Card,Male,5,1,Mobile Phone,1,Single,5,0,1,7,1,18,488
C002160,58,Mobile Phone,2,35,Credit Card,Male,4,5,Others,4,Married,4,0,12,2,9,18,314
C002161,57,Computer,2,37,E wallet,Male,4,1,Mobile Phone,3,Single,6,0,9,7,9,19,498
C002162,51,Mobile Phone,2,47,UPI,Male,5,3,Fashion,2,Single,2,0,6,0,8,19,422
C002163,31,Mobile Phone,3,33,E wallet,Female,4,6,Fashion,2,Married,1,0,26,4,10,25,109
C002164,23,Mobile Phone,1,42,Debit Card,Male,4,3,Mobile Phone,5,Married,4,1,24,1,8,8,171
C002165,42,Computer,1,7,Debit Card,Female,1,6,Grocery,1,Married,6,0,28,4,7,20,123
C002166,10,Mobile Phone,3,42,Debit Card,Male,2,6,Laptop & Accessory,4,Single,4,0,4,3,2,3,320
C002167,32,Mobile Phone,1,45,Debit Card,Male,3,5,Fashion,5,Married,6,0,3,5,15,14,152
C002168,43,Mobile Phone,2,44,Debit Card,Male,5,1,Grocery,4,Single,4,0,28,4,5,8,56
C002169,53,Computer,2,34,UPI,Male,3,3,Others,2,Divorced,5,0,6,1,9,9,350
C002170,30,Mobile Phone,2,26,E wallet,Male,5,1,Fashion,3,Married,1,1,20,1,7,15,370
C002171,39,Mobile Phone,2,42,E wallet,Male,5,2,Grocery,2,Single,4,0,9,5,14,30,128
C002172,31,Mobile Phone,1,36,Cash on Delivery,Male,4,6,Laptop & Accessory,2,Married,1,0,10,2,6,3,306
C002173,18,Computer,3,47,Debit Card,Male,1,1,Others,1,Single,1,1,11,5,4,0,247
C002174,36,Computer,1,14,Credit Card,Female,5,1,Fashion,2,Divorced,3,0,23,0,9,22,139
C002175,2,Tablet,2,36,Cash on Delivery,Male,3,5,Fashion,4,Married,1,0,17,3,15,9,376
C002176,14,Mobile Phone,1,47,Cash on Delivery,Male,2,2,Laptop & Accessory,3,Married,5,0,19,10,5,12,161
C002177,13,Mobile Phone,2,8,UPI,Male,3,3,Mobile Phone,1,Single,5,0,3,7,7,24,239
C002178,29,Mobile Phone,2,33,Cash on Delivery,Female,1,6,Fashion,5,Married,5,0,26,3,7,23,399
C002179,12,Computer,3,49,Credit Card,Female,2,6,Mobile Phone,2,Single,5,0,26,8,2,24,146
C002180,39,Mobile Phone,2,12,E wallet,Male,4,6,Laptop & Accessory,1,Married,7,0,29,2,8,3,450
C002181,2,Mobile Phone,2,24,Cash on Delivery,Male,3,3,Laptop & Accessory,1,Single,4,0,22,8,4,25,239
C002182,32,Computer,3,11,UPI,Female,3,6,Grocery,1,Single,1,0,0,10,13,26,484
C002183,13,Mobile Phone,2,5,Debit Card,Female,5,1,Fashion,4,Married,7,1,25,2,13,3,88
C002184,46,Mobile Phone,2,29,Credit Card,Female,5,4,Others,5,Married,3,0,2,6,15,26,278
C002185,27,Mobile Phone,2,30,Debit Card,Male,2,4,Others,1,Married,4,1,27,5,6,13,280
C002186,49,Mobile Phone,2,13,Cash on Delivery,Male,4,6,Laptop & Accessory,4,Married,7,0,7,7,9,13,413
C002187,41,Computer,3,27,E wallet,Female,5,3,Others,5,Single,2,1,27,10,5,16,378
C002188,17,Mobile Phone,1,44,UPI,Female,3,1,Others,3,Single,4,0,3,0,13,14,476
C002189,40,Mobile Phone,2,6,Credit Card,Male,2,1,Others,4,Single,4,1,30,8,8,29,309
C002190,31,Mobile Phone,2,30,E wallet,Male,5,2,Grocery,1,Single,4,1,25,6,5,5,413
C002191,34,Mobile Phone,3,18,Credit Card,Male,5,5,Grocery,2,Married,4,0,29,8,7,1,258
C002192,60,Mobile Phone,3,48,UPI,Male,1,4,Laptop & Accessory,4,Single,3,0,28,10,1,26,349
C002193,24,Mobile Phone,2,35,UPI,Female,2,6,Others,3,Single,5,1,24,0,8,24,289
C002194,45,Mobile Phone,2,30,Cash on Delivery,Male,2,1,Laptop & Accessory,5,Married,1,0,11,9,9,29,107
C002195,35,Mobile Phone,1,23,Credit Card,Male,4,3,Laptop & Accessory,3,Divorced,6,0,16,5,4,0,410
C002196,48,Mobile Phone,2,42,Cash on Delivery,Female,5,4,Laptop & Accessory,5,Married,5,0,4,9,11,22,114
C002197,6,Mobile Phone,3,9,Credit Card,Male,2,5,Grocery,4,Single,7,1,16,3,14,10,352
C002198,19,Computer,3,10,Credit Card,Female,4,1,Grocery,5,Single,3,1,17,10,1,25,315
C002199,30,Computer,3,39,Debit Card,Female,5,4,Fashion,1,Single,3,0,1,9,9,7,288
C002200,7,Computer,1,20,Cash on Delivery,Male,3,1,Others,4,Married,4,0,21,5,11,4,70
C002201,10,Mobile Phone,3,35,Credit Card,Male,1,6,Mobile Phone,2,Single,7,0,21,2,12,13,361
C002202,41,Mobile Phone,3,22,Credit Card,Female,4,5,Grocery,3,Single,6,0,15,6,14,0,169
C002203,32,Mobile Phone,1,18,UPI,Female,1,2,Mobile Phone,3,Single,7,0,11,8,5,28,273
C002204,34,Mobile Phone,2,29,Debit Card,Male,3,4,Others,4,Married,4,0,8,2,10,16,271
C002205,28,Mobile Phone,3,19,UPI,Male,2,5,Others,2,Single,1,0,2,8,13,20,316
C002206,60,Mobile Phone,2,30,Cash on Delivery,Male,5,2,Grocery,4,Single,4,0,12,2,14,0,424
C002207,15,Tablet,3,40,Cash on Delivery,Female,2,2,Mobile Phone,1,Married,1,0,25,6,11,28,162
C002208,30,Mobile Phone,2,15,Credit Card,Male,1,5,Laptop & Accessory,1,Single,3,1,1,8,14,8,197
C002209,37,Mobile Phone,2,41,E wallet,Female,2,3,Laptop & Accessory,2,Single,6,0,12,0,3,9,473
C002210,29,Computer,3,45,UPI,Male,2,5,Grocery,4,Single,6,0,15,10,12,26,169
C002211,22,Mobile Phone,2,41,Cash on Delivery,Female,4,1,Mobile Phone,2,Married,7,0,2,1,14,29,418
C002212,4,Computer,3,11,Credit Card,Female,4,3,Grocery,2,Married,7,0,26,7,1,8,333
C002213,20,Computer,2,22,Credit Card,Female,3,2,Laptop & Accessory,1,Married,7,0,3,6,11,8,314
C002214,32,Computer,2,24,UPI,Male,4,4,Others,1,Married,1,0,28,6,2,22,351
C002215,36,Mobile Phone,1,6,Credit Card,Male,4,2,Grocery,2,Divorced,1,0,5,6,8,9,102
C002216,50,Mobile Phone,1,30,Debit Card,Female,4,4,Laptop & Accessory,2,Single,2,0,15,8,6,28,428
C002217,4,Mobile Phone,2,27,E wallet,Male,4,4,Others,5,Married,4,0,26,7,9,29,494
C002218,27,Mobile Phone,3,36,UPI,Female,3,5,Grocery,1,Married,5,0,23,6,4,24,103
C002219,17,Mobile Phone,1,17,UPI,Female,4,5,Grocery,2,Single,2,0,2,0,4,22,325
C002220,12,Mobile Phone,1,17,UPI,Female,4,2,Laptop & Accessory,5,Single,2,0,9,3,3,27,183
C002221,22,Mobile Phone,1,21,Credit Card,Female,1,5,Laptop & Accessory,2,Divorced,2,0,24,4,10,28,356
C002222,17,Mobile Phone,2,29,Credit Card,Male,4,2,Others,5,Married,5,0,4,8,7,10,304
C002223,10,Computer,3,26,UPI,Male,3,5,Fashion,2,Single,5,0,23,10,11,10,394
C002224,54,Computer,2,31,UPI,Male,3,5,Others,4,Married,2,1,4,1,1,16,86
C002225,1,Mobile Phone,2,21,Debit Card,Male,2,4,Grocery,1,Married,6,0,23,10,1,25,313
C002226,22,Mobile Phone,2,30,Cash on Delivery,Female,4,3,Grocery,2,Divorced,3,0,17,8,14,20,469
C002227,26,Computer,1,42,Debit Card,Female,5,5,Grocery,3,Married,2,0,22,2,10,18,56
C002228,56,Mobile Phone,2,18,UPI,Female,2,6,Laptop & Accessory,3,Married,6,1,11,9,4,26,374
C002229,59,Computer,2,18,Credit Card,Male,3,6,Grocery,5,Divorced,7,0,1,2,15,0,233
C002230,18,Computer,2,16,Credit Card,Male,2,6,Grocery,1,Married,6,0,6,4,12,8,470
C002231,50,Mobile Phone,3,9,UPI,Male,5,5,Others,5,Divorced,1,0,27,4,3,18,357
C002232,14,Computer,3,41,Cash on Delivery,Female,1,2,Laptop & Accessory,1,Married,1,1,30,2,1,22,114
C002233,47,Mobile Phone,3,8,E wallet,Male,5,4,Others,3,Married,6,0,8,3,8,3,120
C002234,29,Mobile Phone,3,33,E wallet,Male,2,6,Fashion,3,Married,7,0,9,8,4,30,392
C002235,12,Mobile Phone,3,29,Debit Card,Male,4,4,Others,5,Married,7,1,4,4,3,27,470
C002236,36,Mobile Phone,2,49,Cash on Delivery,Male,1,3,Others,4,Single,5,1,14,0,1,9,141
C002237,59,Computer,1,8,E wallet,Female,5,3,Fashion,3,Divorced,1,1,2,1,15,22,278
C002238,35,Mobile Phone,2,20,Cash on Delivery,Male,4,3,Others,1,Single,7,0,24,10,3,7,417
C002239,52,Mobile Phone,3,6,Credit Card,Female,5,5,Grocery,2,Single,4,0,17,6,3,1,311
C002240,12,Mobile Phone,1,27,Credit Card,Female,3,2,Grocery,2,Married,4,0,5,2,2,17,426
C002241,7,Computer,1,8,Cash on Delivery,Female,4,6,Mobile Phone,2,Married,2,1,5,9,1,0,348
C002242,29,Computer,1,24,UPI,Male,3,1,Laptop & Accessory,3,Single,6,0,4,9,13,22,313
C002243,11,Computer,2,21,E wallet,Female,1,6,Grocery,4,Married,4,0,12,0,5,17,105
C002244,33,Mobile Phone,2,10,E wallet,Female,1,6,Laptop & Accessory,3,Single,4,0,30,6,1,29,105
C002245,6,Mobile Phone,1,22,Credit Card,Male,1,2,Others,1,Single,6,0,23,5,3,2,275
C002246,47,Mobile Phone,1,24,Debit Card,Female,1,4,Mobile Phone,3,Single,2,0,21,10,12,21,86
C002247,15,Mobile Phone,2,43,E wallet,Female,3,3,Grocery,3,Divorced,4,0,28,6,5,17,459
C002248,32,Mobile Phone,1,49,Credit Card,Male,3,1,Others,3,Single,7,0,2,2,1,26,374
C002249,51,Mobile Phone,1,45,Credit Card,Male,2,4,Mobile Phone,3,Single,3,0,4,7,8,15,160
C002250,11,Mobile Phone,2,38,Cash on Delivery,Male,2,3,Others,1,Married,7,0,2,0,15,8,197
C002251,58,Computer,2,44,Cash on Delivery,Male,3,6,Laptop & Accessory,3,Married,6,1,1,7,13,0,245
C002252,23,Mobile Phone,1,50,Cash on Delivery,Male,1,1,Others,4,Divorced,6,0,14,1,1,15,68
C002253,26,Mobile Phone,2,28,Debit Card,Male,2,2,Others,5,Married,4,0,11,5,14,27,297
C002254,34,Mobile Phone,1,22,E wallet,Male,4,6,Others,1,Single,5,0,0,5,13,6,214
C002255,46,Computer,3,34,Debit Card,Female,3,4,Mobile Phone,4,Married,3,0,24,0,13,29,114
C002256,34,Computer,1,5,Debit Card,Male,4,5,Others,2,Single,7,0,9,2,9,18,187
C002257,29,Computer,1,27,Cash on Delivery,Male,1,6,Mobile Phone,2,Single,2,0,23,7,15,29,185
C002258,4,Mobile Phone,3,33,Credit Card,Female,3,1,Mobile Phone,1,Single,6,0,1,5,8,3,483
C002259,17,Tablet,2,45,UPI,Female,2,1,Fashion,5,Married,6,1,7,6,5,30,233
C002260,35,Mobile Phone,1,45,Credit Card,Male,2,6,Others,3,Married,2,0,4,1,13,4,188
C002261,13,Mobile Phone,1,36,Credit Card,Female,4,6,Grocery,1,Married,3,0,28,4,2,28,438
C002262,41,Tablet,3,6,Credit Card,Male,3,2,Mobile Phone,3,Single,2,0,17,3,10,26,359
C002263,39,Mobile Phone,3,40,Credit Card,Female,1,2,Others,3,Single,5,0,24,1,9,19,386
C002264,15,Mobile Phone,1,49,Debit Card,Male,5,4,Grocery,2,Married,6,1,1,4,13,0,329
C002265,55,Mobile Phone,2,21,Cash on Delivery,Female,5,5,Laptop & Accessory,5,Single,1,0,30,0,6,8,177
C002266,29,Mobile Phone,1,47,Cash on Delivery,Male,1,3,Grocery,3,Married,1,0,20,2,3,26,413
C002267,29,Computer,2,6,Credit Card,Female,2,6,Mobile Phone,1,Married,2,0,17,5,3,14,283
C002268,11,Mobile Phone,1,8,UPI,Female,5,1,Mobile Phone,2,Single,6,0,12,3,1,24,157
C002269,52,Mobile Phone,1,48,E wallet,Female,1,1,Mobile Phone,3,Married,5,0,8,9,3,30,483
C002270,32,Mobile Phone,1,38,Credit Card,Female,4,4,Fashion,2,Married,2,0,22,10,9,27,176
C002271,2,Mobile Phone,2,5,Credit Card,Male,2,3,Grocery,2,Married,1,1,5,3,6,11,183
C002272,47,Mobile Phone,2,27,UPI,Male,1,3,Others,1,Single,5,1,22,8,3,17,395
C002273,14,Mobile Phone,2,10,Debit Card,Female,4,6,Others,1,Married,2,1,22,3,14,9,244
C002274,20,Mobile Phone,1,20,Credit Card,Female,3,3,Mobile Phone,4,Married,4,0,15,3,1,30,348
C002275,22,Mobile Phone,1,6,UPI,Female,5,4,Grocery,3,Married,1,0,23,2,1,15,85
C002276,11,Computer,3,50,Debit Card,Female,5,1,Laptop & Accessory,2,Married,1,0,14,1,6,8,104
C002277,27,Mobile Phone,1,16,Debit Card,Male,5,2,Grocery,4,Married,5,0,23,7,14,5,297
C002278,3,Mobile Phone,2,31,Credit Card,Male,1,1,Others,1,Divorced,4,0,19,10,12,17,441
C002279,17,Mobile Phone,1,23,Debit Card,Male,3,2,Mobile Phone,5,Single,4,1,14,2,15,29,186
C002280,44,Mobile Phone,2,32,Credit Card,Male,1,2,Grocery,2,Married,7,1,8,10,11,7,169
C002281,56,Computer,2,39,Credit Card,Male,1,4,Fashion,5,Married,6,0,5,5,10,9,232
C002282,28,Tablet,3,47,Cash on Delivery,Male,3,6,Mobile Phone,5,Married,6,0,15,1,8,26,221
C002283,29,Mobile Phone,1,8,E wallet,Female,4,3,Fashion,2,Single,3,0,10,7,12,12,261
C002284,21,Computer,1,11,E wallet,Female,2,6,Mobile Phone,4,Married,1,1,20,8,10,0,406
C002285,47,Mobile Phone,2,41,Cash on Delivery,Female,5,4,Others,4,Divorced,3,0,25,4,6,15,192
C002286,16,Mobile Phone,3,29,Credit Card,Male,3,6,Laptop & Accessory,2,Married,4,0,25,8,1,9,447
C002287,37,Mobile Phone,3,45,UPI,Male,4,6,Grocery,3,Married,5,0,12,0,2,12,455
C002288,59,Mobile Phone,2,21,Debit Card,Male,3,2,Grocery,5,Single,2,0,2,7,2,2,412
C002289,20,Mobile Phone,2,45,Cash on Delivery,Male,2,1,Mobile Phone,4,Single,6,0,12,1,7,20,192
C002290,6,Computer,2,18,Cash on Delivery,Female,3,2,Laptop & Accessory,2,Married,2,0,25,9,12,0,417
C002291,19,Mobile Phone,2,41,Cash on Delivery,Female,3,4,Laptop & Accessory,1,Married,1,0,15,7,11,21,150
C002292,57,Computer,2,6,Cash on Delivery,Male,4,6,Others,1,Single,7,1,3,0,11,13,97
C002293,5,Computer,3,28,E wallet,Male,5,6,Fashion,2,Single,4,0,2,0,6,30,445
C002294,3,Mobile Phone,2,19,Credit Card,Male,5,1,Grocery,3,Single,3,0,25,10,4,17,134
C002295,59,Mobile Phone,2,37,Cash on Delivery,Male,4,3,Mobile Phone,1,Married,7,0,15,8,2,14,281
C002296,1,Mobile Phone,2,16,Cash on Delivery,Female,4,4,Laptop & Accessory,3,Single,5,0,6,9,10,25,249
C002297,58,Tablet,2,23,Cash on Delivery,Female,1,6,Grocery,2,Single,2,0,22,2,2,5,327
C002298,60,Mobile Phone,2,9,UPI,Male,1,6,Grocery,2,Single,2,1,8,0,2,14,352
C002299,38,Mobile Phone,2,5,UPI,Female,2,5,Grocery,5,Married,2,0,22,10,6,13,440
C002300,15,Mobile Phone,1,47,Debit Card,Male,1,6,Laptop & Accessory,2,Single,6,1,18,7,6,7,302
C002301,34,Mobile Phone,1,13,Credit Card,Male,1,2,Others,3,Married,3,0,12,3,7,10,279
C002302,35,Mobile Phone,2,43,Cash on Delivery,Female,3,3,Grocery,4,Single,6,0,22,0,2,30,486
C002303,49,Mobile Phone,3,38,Debit Card,Female,3,3,Laptop & Accessory,1,Married,6,0,0,8,11,13,437
C002304,25,Mobile Phone,1,33,Debit Card,Female,4,6,Laptop & Accessory,1,Married,6,0,5,1,9,20,490
C002305,24,Mobile Phone,2,50,Credit Card,Female,5,1,Mobile Phone,5,Married,6,0,7,10,3,6,55
C002306,12,Mobile Phone,1,6,UPI,Female,2,4,Others,4,Single,1,0,5,10,11,22,100
C002307,18,Mobile Phone,1,23,Credit Card,Male,1,6,Others,3,Married,1,1,27,0,11,3,207
C002308,15,Mobile Phone,3,32,Debit Card,Male,3,6,Others,3,Single,7,1,27,0,9,14,50
C002309,44,Mobile Phone,3,39,Credit Card,Male,5,2,Laptop & Accessory,5,Single,6,0,15,1,11,6,81
C002310,16,Mobile Phone,1,44,UPI,Male,1,6,Laptop & Accessory,2,Married,5,0,20,8,6,25,391
C002311,27,Mobile Phone,2,26,Debit Card,Male,5,5,Others,4,Married,3,0,22,7,7,3,297
C002312,8,Mobile Phone,1,8,Credit Card,Female,3,2,Laptop & Accessory,1,Single,1,0,29,3,9,14,177
C002313,60,Mobile Phone,3,12,Cash on Delivery,Male,4,6,Others,4,Married,7,0,5,1,2,3,290
C002314,46,Mobile Phone,1,5,Cash on Delivery,Female,1,6,Mobile Phone,5,Divorced,4,0,6,10,10,9,105
C002315,25,Mobile Phone,1,40,Credit Card,Female,1,4,Fashion,2,Single,3,1,6,8,8,27,126
C002316,17,Mobile Phone,2,11,Credit Card,Male,2,3,Fashion,4,Divorced,6,0,28,7,3,28,288
C002317,29,Computer,3,29,UPI,Male,1,5,Fashion,2,Married,7,0,8,10,2,25,349
C002318,53,Computer,1,33,Debit Card,Male,3,1,Fashion,4,Married,6,0,25,4,12,11,214
C002319,8,Computer,2,5,Credit Card,Female,5,4,Mobile Phone,1,Divorced,2,0,14,9,14,0,461
C002320,15,Computer,1,22,Debit Card,Male,5,2,Laptop & Accessory,3,Single,2,0,18,9,8,14,308
C002321,27,Mobile Phone,3,8,Cash on Delivery,Female,4,4,Mobile Phone,4,Single,3,1,26,9,11,15,119
C002322,46,Mobile Phone,1,24,Debit Card,Male,4,1,Grocery,3,Single,3,0,8,10,1,0,51
C002323,50,Mobile Phone,3,50,E wallet,Male,3,2,Laptop & Accessory,3,Married,3,0,12,1,12,0,468
C002324,52,Mobile Phone,2,12,UPI,Male,5,5,Others,3,Single,2,0,20,9,2,12,70
C002325,7,Mobile Phone,2,31,UPI,Female,4,2,Grocery,5,Single,7,0,9,2,4,29,300
C002326,3,Computer,3,43,Debit Card,Female,4,2,Grocery,1,Married,5,0,27,7,8,20,390
C002327,29,Mobile Phone,3,39,UPI,Female,2,1,Mobile Phone,3,Single,6,0,30,7,5,14,224
C002328,44,Mobile Phone,2,29,Debit Card,Male,2,2,Grocery,1,Single,1,1,3,6,1,27,80
C002329,53,Mobile Phone,1,18,Debit Card,Male,3,4,Mobile Phone,4,Single,3,0,7,8,12,19,447
C002330,24,Mobile Phone,2,48,Cash on Delivery,Female,3,3,Grocery,1,Married,1,0,0,6,10,2,185
C002331,60,Mobile Phone,2,44,Debit Card,Male,3,1,Mobile Phone,2,Divorced,4,1,14,9,12,5,269
C002332,58,Computer,2,35,UPI,Female,3,1,Laptop & Accessory,3,Married,1,1,24,2,9,6,91
C002333,3,Mobile Phone,2,9,E wallet,Male,5,1,Grocery,4,Single,1,1,19,0,6,27,209
C002334,20,Computer,1,21,Credit Card,Female,1,4,Mobile Phone,3,Single,4,1,6,2,15,17,65
C002335,46,Mobile Phone,2,14,UPI,Male,3,4,Fashion,3,Single,4,0,5,1,14,17,214
C002336,15,Computer,2,47,E wallet,Female,2,4,Fashion,4,Married,6,0,17,5,2,23,272
C002337,25,Mobile Phone,1,20,UPI,Male,1,6,Grocery,4,Married,3,0,15,4,7,4,87
C002338,30,Mobile Phone,2,8,E wallet,Female,1,4,Mobile Phone,5,Single,6,0,1,9,1,4,60
C002339,14,Mobile Phone,2,9,UPI,Female,5,2,Laptop & Accessory,5,Single,4,0,24,10,14,28,159
C002340,7,Computer,2,46,Credit Card,Female,4,1,Grocery,5,Married,4,0,18,8,1,30,434
C002341,17,Tablet,1,50,Cash on Delivery,Male,1,6,Laptop & Accessory,1,Married,7,1,18,7,9,6,370
C002342,44,Mobile Phone,2,45,Cash on Delivery,Female,5,1,Mobile Phone,2,Divorced,2,0,19,4,3,20,102
C002343,20,Mobile Phone,1,24,Credit Card,Male,5,5,Fashion,2,Single,1,1,4,1,8,5,408
C002344,36,Computer,2,10,UPI,Female,5,3,Mobile Phone,1,Married,5,1,30,9,5,8,231
C002345,9,Mobile Phone,3,15,E wallet,Female,3,2,Laptop & Accessory,5,Single,6,0,4,5,2,8,418
C002346,38,Mobile Phone,2,21,Debit Card,Female,4,3,Fashion,2,Single,1,0,26,9,2,14,332
C002347,48,Mobile Phone,1,45,UPI,Female,3,2,Grocery,5,Single,5,1,25,4,5,27,194
C002348,57,Mobile Phone,2,7,Credit Card,Male,2,2,Fashion,4,Single,7,1,19,3,12,8,128
C002349,60,Computer,3,20,Cash on Delivery,Male,4,2,Grocery,1,Single,4,0,23,7,2,5,448
C002350,22,Computer,1,40,Cash on Delivery,Female,3,1,Grocery,5,Single,7,0,22,7,3,26,51
C002351,54,Mobile Phone,3,30,UPI,Male,4,3,Fashion,1,Married,6,0,22,7,10,24,63
C002352,53,Mobile Phone,2,28,E wallet,Male,2,3,Fashion,3,Single,7,0,14,4,9,12,174
C002353,53,Computer,3,38,Credit Card,Female,3,4,Laptop & Accessory,1,Married,6,0,8,5,6,11,87
C002354,2,Mobile Phone,1,24,Credit Card,Male,4,3,Fashion,1,Married,2,0,6,2,14,25,169
C002355,24,Computer,1,21,E wallet,Male,2,4,Others,5,Divorced,7,1,4,5,15,14,305
C002356,8,Mobile Phone,3,24,E wallet,Male,5,5,Fashion,1,Single,6,0,2,2,12,18,300
C002357,11,Mobile Phone,1,20,UPI,Male,4,4,Laptop & Accessory,3,Single,1,0,30,7,9,21,214
C002358,13,Computer,1,8,UPI,Male,2,6,Others,4,Divorced,1,0,23,8,7,10,393
C002359,17,Mobile Phone,2,22,Cash on Delivery,Female,5,2,Others,2,Married,5,1,20,10,13,23,145
C002360,8,Mobile Phone,1,40,Cash on Delivery,Male,2,1,Mobile Phone,4,Single,6,0,29,4,1,13,239
C002361,21,Mobile Phone,3,39,E wallet,Male,1,6,Others,1,Single,3,0,17,8,12,1,71
C002362,18,Mobile Phone,2,34,Debit Card,Female,2,2,Grocery,3,Single,6,0,25,7,2,30,189
C002363,30,Mobile Phone,3,22,Debit Card,Female,3,5,Laptop & Accessory,3,Married,1,0,15,10,9,17,252
C002364,18,Tablet,3,25,Debit Card,Female,3,6,Mobile Phone,4,Married,4,0,12,7,13,12,418
C002365,46,Computer,1,36,Credit Card,Male,3,1,Fashion,5,Married,5,1,17,10,15,23,142
C002366,47,Mobile Phone,1,9,UPI,Female,3,5,Others,2,Married,1,0,16,1,12,16,180
C002367,31,Mobile Phone,3,45,E wallet,Male,1,6,Mobile Phone,1,Married,3,0,16,7,14,24,117
C002368,38,Mobile Phone,2,27,Cash on Delivery,Female,1,2,Grocery,1,Single,1,0,26,4,3,2,324
C002369,32,Mobile Phone,3,34,Debit Card,Female,1,1,Mobile Phone,4,Single,6,0,11,10,14,16,84
C002370,11,Mobile Phone,2,31,Cash on Delivery,Male,5,5,Grocery,3,Single,5,0,9,5,8,0,445
C002371,45,Computer,1,19,UPI,Female,4,6,Mobile Phone,3,Single,3,1,29,8,7,22,379
C002372,25,Mobile Phone,3,45,E wallet,Female,3,4,Mobile Phone,5,Divorced,2,0,19,1,11,1,59
C002373,33,Computer,1,18,Debit Card,Female,4,3,Fashion,2,Single,1,0,14,9,6,17,443
C002374,60,Mobile Phone,1,25,Debit Card,Male,3,2,Fashion,1,Married,3,0,20,0,10,1,258
C002375,38,Mobile Phone,2,38,E wallet,Female,3,4,Fashion,4,Single,7,0,14,1,8,1,264
C002376,41,Mobile Phone,3,30,Cash on Delivery,Male,3,5,Mobile Phone,5,Single,4,0,10,1,8,24,448
C002377,8,Mobile Phone,2,29,UPI,Male,1,5,Others,2,Married,5,0,9,7,10,5,62
C002378,11,Mobile Phone,1,49,UPI,Female,5,6,Mobile Phone,1,Married,3,0,13,10,8,21,64
C002379,22,Tablet,1,35,UPI,Female,3,6,Fashion,2,Single,5,1,24,6,15,9,185
C002380,51,Mobile Phone,1,10,Cash on Delivery,Female,3,1,Mobile Phone,1,Married,6,0,12,1,1,17,248
C002381,24,Computer,1,8,Cash on Delivery,Female,3,4,Others,2,Married,6,0,22,1,13,29,202
C002382,41,Mobile Phone,1,28,Debit Card,Female,2,5,Grocery,2,Single,7,0,15,8,7,3,424
C002383,17,Tablet,2,46,Cash on Delivery,Female,3,1,Laptop & Accessory,4,Married,2,0,30,1,11,29,370
C002384,12,Mobile Phone,3,35,Credit Card,Male,1,3,Fashion,5,Single,5,0,15,8,8,5,109
C002385,57,Computer,1,23,E wallet,Female,1,3,Mobile Phone,3,Married,2,1,8,5,14,28,111
C002386,46,Mobile Phone,1,15,Cash on Delivery,Female,4,1,Others,2,Married,6,1,12,10,2,21,90
C002387,32,Computer,3,33,UPI,Male,1,4,Fashion,4,Married,1,1,13,0,4,30,206
C002388,15,Computer,2,9,Cash on Delivery,Female,4,1,Fashion,3,Single,1,0,29,9,12,21,308
C002389,16,Mobile Phone,3,22,Debit Card,Male,5,6,Grocery,5,Married,7,0,14,5,12,19,205
C002390,54,Mobile Phone,1,7,E wallet,Male,2,1,Laptop & Accessory,5,Married,1,0,16,0,6,24,392
C002391,22,Mobile Phone,1,44,E wallet,Male,1,4,Mobile Phone,2,Married,4,0,21,10,4,9,384
C002392,28,Computer,2,15,UPI,Female,3,3,Mobile Phone,1,Divorced,1,0,0,5,11,22,99
C002393,20,Mobile Phone,2,25,E wallet,Male,5,5,Fashion,5,Married,4,1,15,0,2,16,465
C002394,33,Mobile Phone,2,34,Credit Card,Female,3,3,Others,4,Single,4,0,18,5,13,15,458
C002395,10,Mobile Phone,2,23,E wallet,Male,4,6,Fashion,2,Married,2,1,18,9,2,23,453
C002396,40,Mobile Phone,1,29,UPI,Male,4,4,Grocery,5,Married,1,0,1,2,2,2,121
C002397,32,Computer,2,39,E wallet,Male,2,2,Laptop & Accessory,2,Married,4,0,24,5,2,0,71
C002398,50,Mobile Phone,2,16,Cash on Delivery,Female,5,4,Grocery,1,Married,5,0,3,2,7,19,202
C002399,60,Mobile Phone,2,30,Debit Card,Female,4,3,Others,5,Single,2,1,4,9,9,19,214
C002400,33,Computer,2,9,Cash on Delivery,Male,3,3,Mobile Phone,2,Married,7,0,5,5,14,28,59
C002401,2,Mobile Phone,2,23,Credit Card,Female,1,4,Others,4,Married,1,0,7,10,10,14,257
C002402,33,Mobile Phone,1,31,Credit Card,Male,1,4,Grocery,5,Married,6,0,25,5,12,17,500
C002403,33,Mobile Phone,1,42,Debit Card,Male,5,4,Mobile Phone,1,Married,7,0,7,6,9,27,95
C002404,41,Mobile Phone,2,33,Debit Card,Female,5,3,Laptop & Accessory,3,Married,4,1,23,5,6,15,204
C002405,13,Mobile Phone,1,16,Debit Card,Male,4,6,Fashion,3,Single,7,0,30,5,10,15,464
C002406,30,Computer,2,23,Debit Card,Male,1,1,Laptop & Accessory,2,Married,4,0,26,5,3,27,195
C002407,33,Mobile Phone,3,13,E wallet,Female,2,2,Fashion,5,Divorced,7,0,28,8,11,24,324
C002408,13,Mobile Phone,1,22,Cash on Delivery,Male,2,1,Laptop & Accessory,5,Married,7,0,20,6,11,10,115
C002409,52,Mobile Phone,1,33,Credit Card,Male,2,6,Mobile Phone,1,Married,2,0,13,7,12,14,320
C002410,26,Mobile Phone,3,7,E wallet,Female,2,3,Mobile Phone,3,Divorced,7,0,6,1,7,17,350
C002411,22,Computer,1,27,Debit Card,Male,4,1,Mobile Phone,4,Single,2,1,2,2,15,20,368
C002412,39,Mobile Phone,1,34,UPI,Male,3,4,Fashion,3,Single,7,0,25,1,11,15,440
C002413,2,Mobile Phone,1,50,UPI,Female,2,5,Mobile Phone,5,Divorced,2,0,27,10,8,13,157
C002414,38,Mobile Phone,2,28,Cash on Delivery,Male,4,4,Others,4,Married,7,0,11,4,12,30,466
C002415,39,Mobile Phone,1,41,Credit Card,Female,2,2,Fashion,4,Single,6,0,18,7,9,4,340
C002416,26,Mobile Phone,2,41,Credit Card,Female,2,4,Mobile Phone,1,Single,1,0,12,4,14,26,87
C002417,46,Mobile Phone,2,8,Cash on Delivery,Female,3,5,Mobile Phone,2,Married,4,0,26,1,4,13,188
C002418,58,Mobile Phone,1,32,Debit Card,Female,2,3,Laptop & Accessory,2,Married,5,0,20,1,13,5,50
C002419,50,Computer,1,20,Debit Card,Male,4,1,Others,1,Single,6,0,0,9,5,18,105
C002420,15,Mobile Phone,2,17,Credit Card,Female,4,4,Others,5,Married,7,0,6,1,1,22,326
C002421,34,Computer,2,12,Credit Card,Male,1,6,Fashion,5,Married,5,0,5,3,5,15,295
C002422,42,Computer,1,29,Credit Card,Male,5,1,Others,2,Divorced,5,0,28,9,15,4,76
C002423,55,Mobile Phone,1,6,Debit Card,Female,2,2,Mobile Phone,3,Married,2,0,8,4,10,13,387
C002424,44,Mobile Phone,2,34,UPI,Female,2,6,Fashion,1,Married,2,0,20,5,7,29,274
C002425,49,Mobile Phone,3,44,Cash on Delivery,Female,4,6,Grocery,3,Married,6,0,0,6,11,5,434
C002426,40,Mobile Phone,1,7,Cash on Delivery,Male,2,1,Laptop & Accessory,1,Married,6,0,7,7,12,14,133
C002427,11,Computer,2,27,E wallet,Male,4,2,Laptop & Accessory,1,Single,2,0,21,4,2,26,206
C002428,3,Mobile Phone,1,33,E wallet,Male,1,2,Grocery,2,Single,1,0,25,2,11,11,62
C002429,59,Mobile Phone,1,45,UPI,Female,2,6,Fashion,2,Married,6,0,30,4,5,5,156
C002430,6,Mobile Phone,1,34,Credit Card,Male,1,4,Grocery,3,Single,7,0,27,0,9,6,231
C002431,9,Mobile Phone,3,15,UPI,Female,1,6,Others,5,Single,6,0,16,6,12,6,226
C002432,6,Mobile Phone,2,25,E wallet,Female,5,6,Mobile Phone,4,Divorced,4,0,28,7,3,19,216
C002433,9,Computer,3,31,E wallet,Male,4,6,Grocery,3,Single,7,0,24,5,2,30,152
C002434,39,Mobile Phone,2,28,Cash on Delivery,Female,1,5,Grocery,1,Single,5,0,20,5,5,16,275
C002435,31,Computer,3,35,UPI,Male,4,1,Others,4,Married,4,0,27,8,11,16,392
C002436,32,Mobile Phone,1,34,Debit Card,Male,5,2,Fashion,4,Single,5,0,17,6,9,0,417
C002437,41,Mobile Phone,1,5,E wallet,Male,4,2,Mobile Phone,4,Married,4,0,0,7,10,18,254
C002438,50,Mobile Phone,3,5,Cash on Delivery,Male,5,2,Mobile Phone,4,Single,2,0,28,5,4,12,433
C002439,12,Mobile Phone,2,12,Credit Card,Female,2,3,Laptop & Accessory,4,Married,1,1,30,4,1,1,371
C002440,8,Mobile Phone,3,46,UPI,Male,5,6,Mobile Phone,3,Married,5,0,11,6,6,14,461
C002441,8,Computer,1,38,E wallet,Female,5,1,Mobile Phone,2,Married,3,1,21,3,9,11,117
C002442,50,Computer,1,20,Debit Card,Male,5,1,Mobile Phone,2,Single,5,0,26,9,4,12,227
C002443,28,Mobile Phone,2,31,E wallet,Male,3,2,Mobile Phone,1,Married,6,0,13,4,13,4,280
C002444,20,Mobile Phone,1,8,Debit Card,Female,1,1,Others,5,Single,1,0,18,5,9,20,465
C002445,47,Mobile Phone,2,23,UPI,Male,4,1,Laptop & Accessory,3,Married,4,1,0,8,15,4,155
C002446,59,Computer,2,33,Debit Card,Male,4,3,Grocery,4,Married,5,1,21,1,11,2,481
C002447,7,Mobile Phone,1,45,Debit Card,Male,3,2,Laptop & Accessory,2,Married,7,0,29,6,7,3,380
C002448,11,Computer,1,7,Cash on Delivery,Female,2,1,Fashion,1,Married,7,0,5,4,1,12,273
C002449,20,Mobile Phone,1,15,UPI,Male,1,5,Grocery,4,Single,4,0,19,9,6,9,482
C002450,16,Mobile Phone,1,12,E wallet,Male,1,2,Laptop & Accessory,1,Married,2,0,21,1,2,20,330
C002451,4,Computer,2,43,Credit Card,Male,1,1,Laptop & Accessory,4,Married,1,0,0,1,8,14,429
C002452,6,Mobile Phone,1,37,UPI,Female,1,3,Laptop & Accessory,4,Married,1,0,28,1,7,18,102
C002453,58,Mobile Phone,1,12,UPI,Female,3,6,Laptop & Accessory,2,Single,7,0,20,7,7,21,374
C002454,22,Mobile Phone,3,29,Credit Card,Female,4,5,Laptop & Accessory,2,Married,5,1,26,2,13,7,428
C002455,26,Mobile Phone,2,28,E wallet,Female,2,4,Laptop & Accessory,4,Single,4,0,20,5,4,21,192
C002456,3,Mobile Phone,1,30,Cash on Delivery,Male,2,4,Others,2,Married,3,1,21,6,1,22,433
C002457,41,Mobile Phone,2,30,E wallet,Female,2,6,Others,3,Single,4,0,20,5,14,13,295
C002458,60,Computer,3,21,Credit Card,Female,3,5,Grocery,4,Married,4,0,16,6,7,2,335
C002459,42,Mobile Phone,1,31,E wallet,Female,3,4,Mobile Phone,2,Married,6,1,2,3,5,17,437
C002460,14,Computer,2,33,UPI,Female,5,5,Laptop & Accessory,1,Married,7,0,25,7,5,1,245
C002461,11,Mobile Phone,2,47,Cash on Delivery,Male,3,6,Mobile Phone,1,Married,4,0,22,4,9,0,121
C002462,18,Mobile Phone,1,43,Debit Card,Male,1,6,Others,1,Married,4,0,4,0,3,6,297
C002463,54,Mobile Phone,3,13,E wallet,Female,4,1,Fashion,5,Married,4,0,26,10,5,0,447
C002464,12,Mobile Phone,3,18,Debit Card,Female,2,4,Laptop & Accessory,1,Married,6,1,15,3,10,0,322
C002465,23,Mobile Phone,3,9,Cash on Delivery,Female,3,4,Grocery,1,Married,5,0,15,0,11,27,124
C002466,12,Tablet,1,34,Debit Card,Female,4,5,Mobile Phone,3,Single,5,0,22,5,2,16,311
C002467,13,Mobile Phone,1,32,E wallet,Male,1,1,Grocery,3,Single,3,1,5,5,11,12,272
C002468,25,Mobile Phone,3,49,Credit Card,Male,3,1,Laptop & Accessory,5,Divorced,6,1,17,2,5,0,61
C002469,45,Mobile Phone,2,41,UPI,Female,3,2,Mobile Phone,3,Married,7,0,17,9,5,26,420
C002470,51,Computer,1,12,UPI,Female,4,2,Mobile Phone,2,Married,1,0,29,5,2,25,215
C002471,58,Computer,2,19,Debit Card,Female,1,1,Laptop & Accessory,1,Single,7,0,18,10,9,30,396
C002472,19,Mobile Phone,1,32,UPI,Female,3,6,Fashion,2,Married,1,0,16,6,3,5,299
C002473,55,Mobile Phone,1,40,UPI,Female,4,6,Laptop & Accessory,5,Married,3,0,10,3,12,30,54
C002474,46,Mobile Phone,3,37,Credit Card,Female,1,6,Grocery,2,Divorced,6,0,9,6,13,18,142
C002475,36,Mobile Phone,1,10,Debit Card,Female,3,5,Others,2,Single,6,0,17,9,1,17,418
C002476,45,Mobile Phone,1,16,Credit Card,Male,3,3,Others,2,Single,4,0,17,9,11,2,399
C002477,8,Mobile Phone,1,11,Credit Card,Male,2,3,Others,3,Married,2,1,29,0,4,28,431
C002478,29,Mobile Phone,2,49,Cash on Delivery,Male,5,2,Mobile Phone,1,Married,7,1,18,8,4,23,382
C002479,55,Mobile Phone,1,32,Debit Card,Female,1,4,Mobile Phone,2,Divorced,5,0,22,9,5,10,190
C002480,53,Mobile Phone,2,11,Credit Card,Male,4,3,Laptop & Accessory,4,Single,3,1,12,2,3,25,301
C002481,55,Computer,2,45,E wallet,Female,2,4,Mobile Phone,1,Single,1,0,9,5,8,3,106
C002482,32,Computer,3,5,UPI,Female,3,4,Grocery,1,Single,4,0,10,8,7,6,233
C002483,51,Mobile Phone,1,28,Debit Card,Female,4,6,Laptop & Accessory,4,Married,4,0,0,1,1,17,426
C002484,44,Mobile Phone,3,49,Cash on Delivery,Male,2,6,Grocery,5,Married,6,1,12,2,1,30,334
C002485,18,Mobile Phone,1,23,Credit Card,Male,2,6,Others,5,Married,4,0,3,6,8,25,478
C002486,6,Mobile Phone,2,36,E wallet,Female,5,1,Grocery,1,Single,2,0,16,9,5,1,374
C002487,18,Computer,2,34,UPI,Male,2,3,Others,3,Single,3,0,4,6,2,6,383
C002488,19,Mobile Phone,1,5,UPI,Male,1,3,Mobile Phone,5,Married,5,0,5,6,12,1,391
C002489,22,Computer,2,36,E wallet,Male,5,4,Laptop & Accessory,5,Single,5,1,7,8,8,2,356
C002490,37,Computer,1,24,Debit Card,Male,5,4,Fashion,2,Married,5,0,16,4,8,16,450
C002491,32,Mobile Phone,1,25,UPI,Female,3,6,Grocery,2,Divorced,7,1,11,9,7,3,260
C002492,56,Mobile Phone,1,23,UPI,Female,3,1,Laptop & Accessory,5,Married,4,0,17,10,7,8,479
C002493,41,Mobile Phone,2,34,UPI,Male,1,6,Fashion,3,Married,1,0,8,6,10,26,294
C002494,59,Mobile Phone,1,32,Credit Card,Male,4,5,Laptop & Accessory,2,Single,4,0,24,6,2,11,222
C002495,3,Mobile Phone,1,36,Credit Card,Male,1,3,Fashion,3,Married,4,0,30,9,10,25,282
C002496,28,Mobile Phone,1,34,UPI,Female,5,6,Laptop & Accessory,1,Married,7,0,5,8,4,5,295
C002497,10,Computer,2,27,Cash on Delivery,Male,3,6,Others,3,Single,6,0,21,6,9,7,417
C002498,51,Mobile Phone,2,31,UPI,Female,1,3,Fashion,2,Single,6,0,20,3,11,15,445
C002499,35,Mobile Phone,1,41,Debit Card,Male,3,1,Laptop & Accessory,4,Married,2,0,21,5,11,6,266
C002500,29,Mobile Phone,1,30,Cash on Delivery,Male,1,1,Fashion,3,Single,4,0,18,5,9,7,296
C002501,54,Mobile Phone,2,7,Debit Card,Female,1,5,Others,5,Single,4,0,12,1,2,26,200
C002502,15,Mobile Phone,3,35,E wallet,Female,2,4,Fashion,3,Single,2,0,2,3,10,0,258
C002503,33,Computer,2,6,E wallet,Female,1,3,Fashion,3,Married,4,0,27,7,2,16,344
C002504,7,Mobile Phone,3,14,Credit Card,Female,3,4,Laptop & Accessory,3,Married,3,0,28,0,14,27,137
C002505,12,Mobile Phone,1,42,Credit Card,Male,1,3,Grocery,5,Married,3,1,23,7,2,7,303
C002506,49,Mobile Phone,3,23,Credit Card,Female,4,1,Others,3,Single,3,1,29,6,5,21,471
C002507,30,Mobile Phone,1,35,E wallet,Female,2,6,Laptop & Accessory,4,Single,2,1,16,6,14,9,153
C002508,21,Computer,3,33,Debit Card,Female,1,1,Mobile Phone,5,Single,6,0,3,5,13,21,168
C002509,31,Mobile Phone,1,29,Cash on Delivery,Male,4,1,Fashion,4,Married,5,0,12,4,8,7,107
C002510,58,Computer,2,36,Credit Card,Female,3,5,Mobile Phone,4,Married,3,0,17,5,3,27,92
C002511,24,Mobile Phone,1,21,E wallet,Male,4,3,Laptop & Accessory,4,Single,1,1,27,0,9,19,87
C002512,20,Mobile Phone,1,49,Credit Card,Male,2,1,Grocery,5,Married,6,1,22,0,1,0,171
C002513,37,Mobile Phone,3,27,UPI,Female,3,6,Others,2,Single,1,0,9,10,5,6,127
C002514,4,Mobile Phone,2,22,Cash on Delivery,Male,1,5,Laptop & Accessory,5,Single,4,0,20,2,8,17,255
C002515,28,Mobile Phone,3,15,Debit Card,Female,1,4,Grocery,3,Married,6,1,28,4,14,22,416
C002516,44,Computer,2,24,Credit Card,Male,4,5,Laptop & Accessory,4,Married,5,0,4,8,2,7,370
C002517,20,Mobile Phone,2,17,UPI,Male,1,5,Grocery,3,Single,4,1,26,4,6,28,141
C002518,60,Mobile Phone,1,28,UPI,Female,3,2,Mobile Phone,4,Divorced,7,0,19,2,3,21,120
C002519,24,Mobile Phone,3,47,Cash on Delivery,Female,3,4,Grocery,4,Single,6,0,11,4,9,13,302
C002520,50,Mobile Phone,2,24,E wallet,Male,1,2,Others,3,Divorced,3,1,5,10,7,9,273
C002521,49,Mobile Phone,2,46,E wallet,Female,4,6,Mobile Phone,1,Married,7,0,25,1,11,17,156
C002522,51,Mobile Phone,2,32,Credit Card,Female,1,3,Fashion,4,Married,1,0,5,5,9,22,252
C002523,32,Mobile Phone,2,39,Credit Card,Male,5,5,Mobile Phone,1,Married,2,0,21,10,6,13,314
C002524,41,Mobile Phone,3,25,E wallet,Male,1,5,Mobile Phone,5,Divorced,5,0,25,10,13,24,457
C002525,36,Mobile Phone,1,10,Debit Card,Male,2,5,Fashion,4,Single,4,0,23,9,9,9,130
C002526,58,Mobile Phone,1,11,Debit Card,Female,1,5,Mobile Phone,4,Married,7,0,13,6,2,16,369
C002527,53,Mobile Phone,1,33,UPI,Male,5,2,Mobile Phone,5,Single,6,0,1,10,15,5,492
C002528,34,Mobile Phone,3,27,Cash on Delivery,Female,2,3,Fashion,3,Divorced,1,0,3,0,14,6,454
C002529,36,Tablet,1,9,Debit Card,Male,4,2,Fashion,3,Single,3,0,29,6,10,19,330
C002530,2,Mobile Phone,1,26,Credit Card,Female,2,5,Others,1,Married,3,0,1,10,2,22,146
C002531,15,Mobile Phone,1,13,Debit Card,Female,3,3,Mobile Phone,5,Single,5,1,24,7,4,18,436
C002532,34,Mobile Phone,2,36,Cash on Delivery,Male,5,4,Mobile Phone,4,Married,7,1,29,1,5,9,181
C002533,36,Mobile Phone,2,14,Credit Card,Male,3,2,Mobile Phone,1,Single,4,0,28,2,10,13,359
C002534,6,Computer,1,50,Cash on Delivery,Female,3,1,Others,3,Single,3,0,5,2,15,28,429
C002535,39,Mobile Phone,3,47,E wallet,Male,2,4,Mobile Phone,4,Single,1,1,25,0,9,8,334
C002536,42,Computer,3,32,Cash on Delivery,Male,2,4,Fashion,3,Divorced,4,0,0,8,2,16,420
C002537,51,Computer,1,15,Cash on Delivery,Female,3,5,Fashion,1,Single,1,1,9,7,8,12,213
C002538,51,Mobile Phone,2,11,Cash on Delivery,Female,4,5,Fashion,3,Divorced,3,1,22,2,5,3,183
C002539,58,Mobile Phone,2,34,Credit Card,Male,1,4,Fashion,3,Single,1,0,21,4,9,7,242
C002540,54,Mobile Phone,1,47,Cash on Delivery,Male,1,2,Grocery,5,Single,3,0,28,3,5,29,120
C002541,12,Mobile Phone,1,49,Cash on Delivery,Male,5,3,Fashion,1,Single,2,0,24,10,13,18,497
C002542,3,Mobile Phone,2,42,UPI,Male,2,2,Others,4,Married,4,0,20,8,12,21,481
C002543,45,Mobile Phone,2,38,Credit Card,Male,1,2,Grocery,3,Married,7,0,7,4,2,18,87
C002544,18,Mobile Phone,1,50,Cash on Delivery,Female,4,4,Mobile Phone,3,Married,1,0,29,10,8,1,218
C002545,40,Mobile Phone,3,32,Debit Card,Male,5,2,Fashion,2,Single,4,0,22,1,1,11,413
C002546,21,Mobile Phone,2,36,Cash on Delivery,Female,2,3,Mobile Phone,1,Single,1,0,10,10,3,23,495
C002547,15,Computer,2,20,Debit Card,Male,1,4,Fashion,1,Single,7,0,23,1,4,19,197
C002548,33,Mobile Phone,1,43,E wallet,Male,3,2,Fashion,4,Married,3,1,21,0,14,24,432
C002549,35,Computer,2,5,E wallet,Male,4,5,Grocery,5,Single,3,0,12,4,10,22,140
C002550,26,Mobile Phone,1,38,Credit Card,Female,4,6,Fashion,4,Married,2,0,11,4,7,22,199
C002551,8,Mobile Phone,2,45,Credit Card,Male,2,2,Fashion,1,Single,1,0,4,2,12,25,422
C002552,36,Mobile Phone,3,27,E wallet,Female,4,6,Laptop & Accessory,3,Married,2,0,18,4,3,22,320
C002553,48,Mobile Phone,3,24,Credit Card,Female,2,6,Others,5,Single,1,0,17,7,14,15,367
C002554,30,Mobile Phone,1,22,Debit Card,Male,4,6,Others,5,Divorced,2,0,14,2,1,12,500
C002555,23,Mobile Phone,2,22,Debit Card,Male,1,4,Mobile Phone,1,Married,4,1,11,3,4,19,99
C002556,42,Computer,3,46,UPI,Male,2,4,Mobile Phone,1,Single,7,0,13,2,8,26,62
C002557,44,Mobile Phone,2,44,Credit Card,Male,4,6,Grocery,4,Married,6,0,10,5,13,27,165
C002558,14,Mobile Phone,1,25,Credit Card,Female,1,5,Mobile Phone,2,Married,3,1,4,6,15,0,167
C002559,14,Computer,2,12,UPI,Female,1,4,Laptop & Accessory,1,Married,1,0,18,6,2,27,80
C002560,2,Computer,1,38,Cash on Delivery,Male,1,6,Mobile Phone,1,Single,7,1,1,1,15,12,316
C002561,55,Mobile Phone,3,15,Debit Card,Female,2,6,Fashion,4,Divorced,5,0,3,6,7,14,169
C002562,37,Mobile Phone,2,47,Cash on Delivery,Male,2,1,Mobile Phone,1,Single,5,1,8,0,2,2,174
C002563,5,Computer,1,47,UPI,Female,4,4,Mobile Phone,4,Single,3,0,26,9,1,25,400
C002564,38,Mobile Phone,1,14,Credit Card,Male,3,2,Fashion,1,Single,5,1,7,9,15,25,148
C002565,45,Mobile Phone,1,12,Cash on Delivery,Male,3,3,Laptop & Accessory,3,Single,5,0,30,1,14,3,207
C002566,41,Mobile Phone,3,12,Credit Card,Female,5,2,Others,1,Single,5,0,14,10,9,15,110
C002567,54,Computer,1,23,UPI,Female,3,4,Laptop & Accessory,2,Married,2,1,29,1,10,24,469
C002568,60,Mobile Phone,2,5,E wallet,Female,3,6,Laptop & Accessory,5,Single,2,0,23,7,3,17,200
C002569,47,Tablet,3,7,Credit Card,Male,4,1,Grocery,4,Married,1,0,13,2,12,10,64
C002570,14,Mobile Phone,1,48,Cash on Delivery,Female,2,2,Grocery,2,Single,6,0,26,4,6,7,355
C002571,56,Computer,2,36,Cash on Delivery,Male,3,3,Fashion,4,Single,2,0,22,3,2,7,302
C002572,39,Mobile Phone,2,20,UPI,Male,5,6,Grocery,2,Single,4,0,6,4,9,16,343
C002573,25,Mobile Phone,2,34,Cash on Delivery,Male,4,2,Others,4,Married,7,0,20,6,2,16,343
C002574,20,Computer,1,32,Debit Card,Male,1,5,Fashion,4,Married,7,0,7,8,5,3,116
C002575,2,Mobile Phone,1,32,Credit Card,Female,1,1,Grocery,5,Married,1,0,3,1,5,6,366
C002576,39,Mobile Phone,2,20,Debit Card,Male,5,4,Mobile Phone,1,Divorced,7,0,7,7,10,16,72
C002577,6,Mobile Phone,3,45,UPI,Male,2,2,Grocery,4,Single,5,0,8,9,6,13,169
C002578,17,Mobile Phone,1,37,Debit Card,Male,1,2,Others,4,Single,5,0,10,5,14,20,198
C002579,59,Mobile Phone,1,29,Debit Card,Female,2,2,Grocery,5,Single,3,0,23,7,12,7,232
C002580,25,Mobile Phone,1,22,Credit Card,Female,3,2,Fashion,4,Married,7,0,8,7,5,30,108
C002581,57,Mobile Phone,3,30,Credit Card,Female,3,3,Mobile Phone,4,Single,7,0,16,8,8,4,310
C002582,28,Mobile Phone,1,10,E wallet,Male,3,5,Fashion,3,Married,1,0,17,5,15,21,202
C002583,2,Mobile Phone,3,42,Debit Card,Female,1,6,Mobile Phone,3,Married,5,1,20,6,11,16,315
C002584,35,Mobile Phone,1,48,Credit Card,Female,1,5,Mobile Phone,3,Married,2,1,30,1,11,19,417
C002585,37,Computer,3,7,Debit Card,Male,2,1,Others,5,Married,5,1,8,0,9,7,253
C002586,5,Mobile Phone,2,47,Debit Card,Male,2,1,Laptop & Accessory,4,Married,7,0,12,3,9,5,401
C002587,1,Mobile Phone,2,10,UPI,Female,5,3,Others,5,Married,5,0,1,0,7,2,327
C002588,40,Computer,1,18,UPI,Female,3,5,Laptop & Accessory,5,Divorced,3,0,16,8,2,28,107
C002589,12,Mobile Phone,3,22,Debit Card,Male,4,1,Laptop & Accessory,2,Married,7,1,20,3,13,17,422
C002590,56,Computer,1,20,UPI,Female,4,4,Others,1,Married,5,0,22,0,3,2,208
C002591,36,Computer,1,28,Credit Card,Male,3,5,Grocery,2,Married,4,0,11,0,5,8,366
C002592,45,Computer,1,17,Debit Card,Male,5,2,Others,1,Married,7,0,28,10,2,24,467
C002593,23,Mobile Phone,3,5,UPI,Male,2,5,Fashion,2,Single,4,0,3,3,14,12,207
C002594,47,Computer,3,42,Credit Card,Male,1,4,Fashion,4,Divorced,5,1,1,2,13,19,295
C002595,31,Computer,2,18,Debit Card,Female,5,2,Fashion,5,Married,7,0,9,0,8,14,131
C002596,11,Mobile Phone,2,21,Debit Card,Male,5,5,Fashion,2,Married,5,0,29,2,4,19,252
C002597,10,Mobile Phone,1,17,UPI,Male,3,2,Laptop & Accessory,2,Single,4,0,3,7,7,10,340
C002598,3,Mobile Phone,3,17,Credit Card,Female,2,2,Laptop & Accessory,4,Single,2,0,26,1,5,28,269
C002599,54,Mobile Phone,3,13,Debit Card,Female,4,3,Others,5,Single,1,0,23,5,9,1,498
C002600,14,Mobile Phone,2,10,Debit Card,Female,4,4,Mobile Phone,1,Married,7,0,0,3,14,29,235
C002601,16,Mobile Phone,2,10,E wallet,Male,4,3,Mobile Phone,2,Married,4,0,16,1,10,15,467
C002602,10,Mobile Phone,3,34,Debit Card,Male,5,5,Laptop & Accessory,1,Single,3,0,11,1,3,22,243
C002603,29,Mobile Phone,3,41,E wallet,Male,1,6,Grocery,3,Married,4,1,8,10,4,16,488
C002604,10,Mobile Phone,2,50,E wallet,Female,2,2,Laptop & Accessory,2,Married,1,0,17,7,6,20,438
C002605,12,Mobile Phone,1,18,Credit Card,Female,1,5,Grocery,5,Married,4,1,21,9,11,17,184
C002606,30,Computer,2,8,Cash on Delivery,Male,4,5,Mobile Phone,3,Single,7,0,29,0,7,24,427
C002607,41,Mobile Phone,2,38,E wallet,Male,1,6,Laptop & Accessory,3,Single,6,0,10,9,8,22,387
C002608,1,Mobile Phone,1,6,Credit Card,Male,5,3,Others,2,Single,1,0,23,10,8,11,391
C002609,5,Mobile Phone,1,21,UPI,Female,3,5,Fashion,2,Single,2,0,27,7,1,10,480
C002610,20,Mobile Phone,2,46,E wallet,Female,1,4,Mobile Phone,3,Divorced,2,1,9,1,6,25,269
C002611,8,Computer,2,18,Cash on Delivery,Male,1,2,Laptop & Accessory,2,Married,5,0,9,4,12,28,425
C002612,43,Computer,2,21,UPI,Female,1,1,Laptop & Accessory,5,Married,2,0,6,1,1,3,390
C002613,12,Mobile Phone,1,34,E wallet,Female,4,6,Fashion,5,Divorced,4,1,14,0,1,12,383
C002614,1,Tablet,3,47,E wallet,Female,1,4,Mobile Phone,3,Single,3,0,15,3,13,10,202
C002615,57,Mobile Phone,2,33,Cash on Delivery,Female,2,1,Others,2,Married,4,0,3,1,12,13,50
C002616,54,Mobile Phone,1,11,Debit Card,Male,5,6,Others,3,Single,2,0,11,7,14,18,70
C002617,20,Mobile Phone,1,13,Cash on Delivery,Male,2,1,Others,5,Single,3,0,14,0,4,21,337
C002618,28,Computer,3,50,Credit Card,Female,2,3,Mobile Phone,2,Married,2,0,20,8,11,23,143
C002619,57,Mobile Phone,3,27,Credit Card,Female,4,1,Others,5,Divorced,1,0,25,5,15,21,412
C002620,43,Mobile Phone,1,40,Cash on Delivery,Male,1,2,Grocery,2,Married,4,0,16,2,9,25,100
C002621,37,Computer,3,18,Cash on Delivery,Female,5,3,Laptop & Accessory,4,Single,3,0,5,7,10,18,313
C002622,47,Mobile Phone,1,24,Cash on Delivery,Female,5,4,Grocery,5,Single,6,0,2,7,12,29,95
C002623,37,Mobile Phone,3,21,Cash on Delivery,Male,5,4,Mobile Phone,1,Married,7,0,12,2,2,18,471
C002624,12,Computer,1,36,Cash on Delivery,Female,1,4,Others,2,Single,5,0,1,7,4,20,277
C002625,37,Mobile Phone,1,29,E wallet,Male,5,6,Others,4,Single,7,0,22,0,6,9,437
C002626,49,Mobile Phone,2,34,UPI,Female,5,5,Others,4,Married,3,0,3,8,11,2,137
C002627,49,Mobile Phone,1,31,Credit Card,Female,3,3,Fashion,4,Married,3,0,5,2,8,16,378
C002628,56,Mobile Phone,2,31,Credit Card,Female,3,3,Fashion,5,Married,6,0,10,9,2,30,434
C002629,44,Mobile Phone,3,50,UPI,Female,5,3,Others,1,Divorced,6,0,2,9,12,19,274
C002630,56,Mobile Phone,3,35,Cash on Delivery,Female,2,2,Laptop & Accessory,4,Married,3,0,9,6,1,18,110
C002631,28,Mobile Phone,2,49,UPI,Female,1,3,Fashion,3,Single,5,0,8,7,3,26,270
C002632,47,Mobile Phone,2,30,Cash on Delivery,Female,2,2,Mobile Phone,2,Divorced,3,0,18,2,15,10,106
C002633,15,Computer,1,18,Credit Card,Female,2,6,Others,2,Married,4,1,1,1,1,21,176
C002634,6,Tablet,1,25,Debit Card,Male,1,4,Laptop & Accessory,1,Married,3,1,22,4,10,27,113
C002635,44,Mobile Phone,2,32,Credit Card,Male,1,5,Fashion,1,Single,2,0,18,7,11,4,149
C002636,59,Mobile Phone,1,19,Credit Card,Male,4,1,Mobile Phone,5,Married,3,0,0,1,1,1,411
C002637,20,Computer,2,34,Debit Card,Male,4,5,Fashion,3,Single,3,0,20,4,5,17,96
C002638,50,Mobile Phone,2,29,UPI,Female,4,5,Mobile Phone,2,Divorced,5,0,6,1,10,9,423
C002639,14,Mobile Phone,1,15,E wallet,Male,5,6,Others,4,Married,1,0,9,7,15,1,310
C002640,2,Computer,2,48,Cash on Delivery,Male,5,5,Laptop & Accessory,4,Single,7,1,17,1,9,23,270
C002641,9,Computer,1,15,Cash on Delivery,Female,5,1,Grocery,2,Single,7,0,4,6,7,17,378
C002642,37,Computer,2,32,Credit Card,Female,4,2,Fashion,3,Single,5,0,7,9,5,16,276
C002643,20,Computer,3,9,Debit Card,Female,1,4,Laptop & Accessory,3,Married,5,0,6,2,4,5,182
C002644,26,Mobile Phone,2,32,Credit Card,Female,5,6,Grocery,4,Single,7,0,21,9,15,28,175
C002645,29,Mobile Phone,1,12,Credit Card,Female,1,1,Others,2,Single,7,0,5,4,5,20,497
C002646,1,Mobile Phone,2,30,UPI,Male,4,4,Mobile Phone,4,Married,3,0,19,4,5,18,85
C002647,55,Mobile Phone,1,10,Cash on Delivery,Female,1,2,Others,5,Single,6,0,9,3,5,3,84
C002648,35,Mobile Phone,2,36,E wallet,Female,5,4,Laptop & Accessory,2,Single,1,0,23,5,2,25,160
C002649,6,Computer,2,36,Debit Card,Female,1,2,Laptop & Accessory,3,Married,5,0,5,0,7,23,51
C002650,37,Computer,2,16,E wallet,Male,4,1,Fashion,4,Married,2,1,11,10,8,1,120
C002651,53,Mobile Phone,3,10,Debit Card,Female,5,1,Grocery,1,Married,1,0,9,10,11,4,320
C002652,59,Computer,2,17,Cash on Delivery,Female,5,4,Grocery,1,Single,6,0,6,7,15,20,381
C002653,5,Computer,1,43,UPI,Male,4,6,Fashion,5,Married,5,0,6,0,5,11,416
C002654,33,Mobile Phone,1,44,E wallet,Male,2,4,Others,1,Married,3,0,22,0,2,29,281
C002655,49,Mobile Phone,3,48,Debit Card,Female,3,5,Grocery,5,Single,6,0,29,6,8,19,186
C002656,51,Mobile Phone,1,38,Credit Card,Male,4,5,Others,5,Married,2,0,15,5,7,27,455
C002657,14,Mobile Phone,2,27,Cash on Delivery,Male,1,4,Mobile Phone,3,Married,7,0,26,5,4,17,303
C002658,12,Mobile Phone,2,45,UPI,Female,2,5,Laptop & Accessory,3,Married,6,0,0,7,8,4,271
C002659,42,Mobile Phone,2,49,Credit Card,Male,4,4,Mobile Phone,2,Divorced,1,0,2,2,15,29,156
C002660,20,Mobile Phone,3,21,UPI,Male,3,3,Fashion,4,Single,6,0,25,4,7,0,471
C002661,53,Mobile Phone,2,49,Debit Card,Female,5,5,Grocery,1,Married,7,0,6,7,10,21,302
C002662,50,Computer,2,5,Credit Card,Male,3,4,Mobile Phone,4,Married,2,0,3,3,7,3,457
C002663,24,Mobile Phone,3,11,UPI,Male,3,3,Laptop & Accessory,4,Married,4,0,27,6,11,30,141
C002664,59,Computer,2,17,Cash on Delivery,Female,4,5,Grocery,5,Married,5,0,4,3,5,15,430
C002665,43,Mobile Phone,2,18,E wallet,Female,5,1,Others,1,Single,3,0,4,8,13,5,65
C002666,34,Mobile Phone,2,21,E wallet,Male,5,4,Grocery,3,Married,6,0,5,0,14,23,450
C002667,25,Computer,2,34,Credit Card,Male,3,1,Laptop & Accessory,4,Divorced,6,0,30,6,7,5,256
C002668,50,Mobile Phone,3,38,Cash on Delivery,Male,4,6,Grocery,5,Single,4,0,7,9,6,21,146
C002669,29,Mobile Phone,1,31,Cash on Delivery,Male,5,5,Mobile Phone,3,Single,7,0,12,8,8,11,159
C002670,57,Computer,1,29,UPI,Male,5,6,Fashion,5,Married,3,1,21,4,1,12,461
C002671,39,Mobile Phone,3,48,Credit Card,Female,1,3,Mobile Phone,4,Married,5,0,8,9,9,6,437
C002672,31,Mobile Phone,2,39,Cash on Delivery,Male,3,4,Grocery,4,Single,6,0,7,3,10,15,390
C002673,56,Mobile Phone,1,13,UPI,Male,2,3,Others,4,Married,4,0,15,8,13,0,95
C002674,47,Computer,2,10,Cash on Delivery,Female,3,1,Grocery,1,Married,7,0,13,6,7,9,198
C002675,43,Mobile Phone,3,30,Credit Card,Female,4,4,Laptop & Accessory,1,Divorced,1,0,15,1,12,9,438
C002676,50,Mobile Phone,3,42,Cash on Delivery,Male,5,6,Mobile Phone,4,Single,4,0,12,8,4,22,104
C002677,23,Mobile Phone,2,43,Cash on Delivery,Male,5,1,Mobile Phone,1,Single,7,0,3,4,2,23,317
C002678,44,Mobile Phone,1,31,Cash on Delivery,Female,1,1,Grocery,5,Single,6,0,5,2,15,5,286
C002679,38,Computer,3,44,E wallet,Male,5,3,Fashion,5,Single,6,1,14,6,7,8,293
C002680,20,Mobile Phone,2,35,Debit Card,Female,5,6,Grocery,2,Single,1,0,10,1,8,1,249
C002681,23,Mobile Phone,3,7,Credit Card,Female,2,5,Fashion,3,Married,1,0,25,8,6,6,125
C002682,45,Mobile Phone,1,28,E wallet,Female,3,6,Grocery,5,Single,3,0,20,9,5,1,400
C002683,52,Computer,1,19,Debit Card,Female,5,1,Mobile Phone,3,Married,2,0,16,10,3,23,190
C002684,16,Mobile Phone,2,10,Cash on Delivery,Male,4,1,Fashion,2,Married,2,0,26,0,1,11,273
C002685,50,Computer,1,15,Cash on Delivery,Female,2,2,Laptop & Accessory,2,Married,6,0,30,9,3,10,106
C002686,42,Computer,2,34,E wallet,Male,2,3,Fashion,3,Married,1,1,13,4,14,22,107
C002687,60,Mobile Phone,3,39,UPI,Female,1,1,Others,4,Married,5,1,19,8,4,12,430
C002688,55,Mobile Phone,2,42,Credit Card,Male,4,6,Laptop & Accessory,3,Single,2,0,0,4,8,19,143
C002689,8,Mobile Phone,3,47,Debit Card,Male,2,2,Grocery,5,Single,2,0,1,6,11,15,249
C002690,50,Computer,2,44,Cash on Delivery,Female,3,3,Others,3,Married,7,0,22,1,8,12,320
C002691,21,Mobile Phone,3,33,Credit Card,Male,4,4,Laptop & Accessory,5,Married,5,0,29,5,9,10,173
C002692,1,Mobile Phone,3,27,Cash on Delivery,Male,3,5,Grocery,5,Single,3,0,5,0,2,7,144
C002693,55,Computer,2,46,Cash on Delivery,Male,1,3,Fashion,5,Single,1,1,21,0,1,4,447
C002694,8,Mobile Phone,2,46,Cash on Delivery,Female,1,1,Grocery,4,Married,7,0,4,7,15,16,122
C002695,29,Mobile Phone,2,7,Credit Card,Male,5,2,Mobile Phone,4,Single,7,0,25,0,11,19,205
C002696,32,Mobile Phone,2,30,E wallet,Male,3,2,Laptop & Accessory,2,Divorced,7,0,1,4,13,19,111
C002697,38,Mobile Phone,1,18,Credit Card,Female,3,4,Fashion,1,Single,6,0,3,2,4,10,68
C002698,5,Computer,3,23,Credit Card,Female,1,2,Grocery,4,Single,4,0,26,4,7,14,225
C002699,47,Mobile Phone,3,25,UPI,Male,3,1,Fashion,4,Single,4,0,12,2,13,13,122
C002700,22,Mobile Phone,2,25,UPI,Female,4,3,Fashion,2,Married,7,0,3,5,3,16,104
C002701,47,Computer,2,13,E wallet,Female,5,4,Laptop & Accessory,2,Married,1,0,23,0,9,9,106
C002702,34,Mobile Phone,2,17,UPI,Female,5,5,Fashion,2,Married,3,0,18,7,5,18,340
C002703,1,Tablet,2,45,E wallet,Male,4,5,Laptop & Accessory,3,Married,6,0,23,0,2,12,269
C002704,55,Tablet,2,48,Cash on Delivery,Female,2,1,Fashion,5,Single,4,0,10,6,3,10,92
C002705,55,Mobile Phone,3,50,Cash on Delivery,Female,3,4,Fashion,4,Single,6,1,7,2,12,13,219
C002706,26,Mobile Phone,2,41,Credit Card,Female,2,4,Grocery,5,Married,6,0,16,7,6,21,326
C002707,43,Computer,1,42,Cash on Delivery,Male,2,1,Others,1,Single,2,0,6,6,15,8,500
C002708,10,Mobile Phone,3,49,UPI,Female,3,6,Laptop & Accessory,2,Single,7,0,22,10,11,27,242
C002709,30,Mobile Phone,2,49,Debit Card,Male,1,4,Mobile Phone,1,Single,3,1,6,4,11,21,365
C002710,50,Computer,3,28,Credit Card,Female,3,2,Laptop & Accessory,2,Single,5,0,3,0,7,12,378
C002711,18,Mobile Phone,1,42,E wallet,Male,1,2,Fashion,2,Single,1,0,3,8,14,1,208
C002712,17,Computer,1,50,Cash on Delivery,Female,4,1,Others,1,Married,4,0,10,2,10,17,83
C002713,26,Mobile Phone,3,15,Credit Card,Female,1,1,Laptop & Accessory,5,Married,7,0,4,6,9,25,332
C002714,8,Mobile Phone,1,33,Credit Card,Male,2,2,Fashion,1,Divorced,1,0,24,10,11,16,161
C002715,47,Mobile Phone,3,49,Credit Card,Male,2,3,Mobile Phone,3,Married,5,0,29,4,5,3,464
C002716,40,Tablet,3,48,Cash on Delivery,Female,2,1,Grocery,4,Married,4,0,6,1,5,27,213
C002717,49,Mobile Phone,2,42,E wallet,Female,1,2,Grocery,4,Single,1,1,29,6,6,10,339
C002718,12,Computer,1,45,Credit Card,Female,2,3,Laptop & Accessory,5,Married,5,1,13,9,5,16,350
C002719,27,Mobile Phone,2,21,Credit Card,Male,5,3,Laptop & Accessory,5,Married,2,0,22,6,13,6,92
C002720,8,Mobile Phone,3,30,Credit Card,Female,3,6,Mobile Phone,5,Single,5,0,28,8,9,24,392
C002721,25,Mobile Phone,2,30,Cash on Delivery,Female,2,2,Grocery,1,Single,3,0,1,2,9,7,391
C002722,46,Mobile Phone,2,16,UPI,Female,1,6,Fashion,1,Single,3,0,7,2,5,12,357
C002723,4,Mobile Phone,2,22,E wallet,Male,2,2,Laptop & Accessory,1,Single,5,0,26,5,12,22,181
C002724,33,Mobile Phone,1,13,Credit Card,Female,1,4,Others,2,Married,6,1,21,6,1,17,180
C002725,1,Mobile Phone,3,7,Credit Card,Male,3,3,Grocery,1,Married,6,0,29,2,7,17,338
C002726,19,Computer,3,14,Credit Card,Male,1,5,Fashion,4,Married,2,0,9,6,15,2,364
C002727,31,Mobile Phone,3,47,Cash on Delivery,Female,3,4,Grocery,4,Married,1,0,28,3,11,29,313
C002728,16,Tablet,2,6,UPI,Male,2,4,Mobile Phone,2,Married,7,0,13,9,9,23,173
C002729,14,Mobile Phone,3,12,Credit Card,Male,5,3,Others,1,Single,1,0,14,2,14,13,255
C002730,53,Mobile Phone,1,47,Credit Card,Female,2,3,Fashion,1,Married,7,0,24,9,4,17,149
C002731,48,Mobile Phone,2,22,Cash on Delivery,Female,3,3,Fashion,3,Married,7,0,10,5,1,9,215
C002732,5,Mobile Phone,2,43,E wallet,Female,4,1,Laptop & Accessory,3,Single,2,0,6,3,1,17,240
C002733,41,Mobile Phone,3,35,E wallet,Male,4,2,Mobile Phone,4,Married,4,0,18,3,8,3,191
C002734,26,Mobile Phone,3,18,UPI,Male,4,6,Mobile Phone,5,Married,5,1,29,8,3,5,277
C002735,28,Mobile Phone,3,43,E wallet,Male,2,2,Fashion,4,Married,3,0,24,2,2,10,269
C002736,2,Computer,3,37,Credit Card,Female,1,2,Grocery,2,Single,7,0,5,0,6,1,223
C002737,50,Mobile Phone,3,33,Cash on Delivery,Male,5,3,Fashion,1,Married,7,0,6,9,2,24,272
C002738,6,Computer,1,48,Credit Card,Female,5,4,Fashion,3,Single,3,0,21,4,4,29,476
C002739,9,Mobile Phone,3,37,Credit Card,Female,2,3,Fashion,4,Married,3,0,3,0,10,24,306
C002740,33,Mobile Phone,2,39,UPI,Male,3,3,Fashion,2,Single,6,0,13,7,12,0,225
C002741,41,Mobile Phone,1,6,E wallet,Male,2,4,Fashion,5,Married,6,0,23,10,1,12,464
C002742,25,Mobile Phone,1,39,E wallet,Male,4,5,Fashion,4,Single,7,1,4,7,8,0,381
C002743,48,Mobile Phone,2,36,E wallet,Female,3,6,Grocery,1,Single,1,0,10,6,8,25,406
C002744,13,Mobile Phone,1,40,Credit Card,Male,5,1,Others,1,Married,7,0,15,0,9,24,375
C002745,9,Mobile Phone,2,50,Cash on Delivery,Female,2,5,Others,3,Divorced,1,1,6,8,11,15,493
C002746,53,Mobile Phone,2,27,Cash on Delivery,Male,1,3,Laptop & Accessory,2,Married,7,0,26,3,4,16,207
C002747,13,Mobile Phone,3,9,Credit Card,Female,1,2,Others,5,Divorced,2,0,25,5,1,22,299
C002748,31,Mobile Phone,3,20,Debit Card,Male,5,2,Grocery,5,Married,4,0,15,0,6,26,66
C002749,41,Mobile Phone,2,44,Credit Card,Male,3,4,Fashion,2,Married,6,1,17,10,10,4,488
C002750,11,Tablet,1,28,E wallet,Female,4,3,Mobile Phone,3,Single,5,0,24,9,4,25,126
C002751,4,Computer,1,44,Credit Card,Male,1,4,Grocery,1,Single,7,0,8,1,1,5,299
C002752,34,Mobile Phone,1,32,Debit Card,Male,1,4,Mobile Phone,5,Single,3,1,7,1,5,19,481
C002753,38,Computer,1,29,Credit Card,Female,2,1,Laptop & Accessory,2,Single,2,1,30,5,10,1,215
C002754,46,Computer,3,11,E wallet,Male,5,4,Grocery,3,Single,4,0,13,0,4,2,97
C002755,4,Mobile Phone,2,42,UPI,Male,1,3,Fashion,1,Married,1,0,27,3,1,9,362
C002756,38,Mobile Phone,1,11,Cash on Delivery,Female,2,1,Fashion,2,Married,3,0,7,0,7,23,205
C002757,19,Tablet,1,26,Debit Card,Male,3,2,Grocery,3,Married,5,0,5,9,10,1,381
C002758,6,Mobile Phone,2,26,UPI,Male,1,1,Grocery,4,Single,6,1,10,1,2,22,469
C002759,34,Computer,2,31,Cash on Delivery,Female,5,3,Fashion,2,Single,3,1,28,3,6,11,61
C002760,18,Mobile Phone,1,37,UPI,Male,2,6,Mobile Phone,5,Divorced,3,0,19,8,2,18,498
C002761,13,Mobile Phone,3,49,Credit Card,Male,3,5,Grocery,2,Divorced,5,0,12,0,5,10,324
C002762,41,Mobile Phone,1,36,Credit Card,Female,2,1,Fashion,1,Single,6,0,20,8,2,30,247
C002763,23,Mobile Phone,1,43,Cash on Delivery,Male,4,6,Others,2,Married,2,0,21,7,9,1,311
C002764,19,Computer,1,36,Cash on Delivery,Male,5,5,Grocery,1,Single,5,0,21,10,1,25,259
C002765,45,Tablet,2,5,Credit Card,Male,5,1,Laptop & Accessory,3,Single,6,0,26,3,2,28,177
C002766,11,Mobile Phone,1,14,Credit Card,Female,1,1,Laptop & Accessory,4,Married,6,0,0,10,8,29,97
C002767,1,Mobile Phone,1,49,Cash on Delivery,Male,2,4,Grocery,1,Married,5,1,0,0,15,19,77
C002768,24,Computer,1,8,Cash on Delivery,Male,3,5,Fashion,3,Single,1,0,8,3,13,24,125
C002769,54,Mobile Phone,2,33,Cash on Delivery,Female,1,6,Mobile Phone,3,Single,7,0,4,4,9,6,208
C002770,7,Mobile Phone,1,11,E wallet,Female,5,5,Grocery,4,Single,2,0,30,7,1,24,140
C002771,25,Mobile Phone,1,42,E wallet,Male,2,1,Laptop & Accessory,5,Married,2,0,6,8,10,20,159
C002772,21,Computer,2,10,Credit Card,Male,3,3,Mobile Phone,5,Married,7,0,14,9,12,16,226
C002773,15,Computer,1,15,E wallet,Female,5,3,Others,2,Married,4,0,5,6,12,2,249
C002774,1,Mobile Phone,2,13,Debit Card,Female,3,5,Mobile Phone,5,Married,4,0,19,4,3,1,60
C002775,12,Mobile Phone,1,34,Credit Card,Female,2,4,Others,2,Single,1,0,0,9,4,24,312
C002776,58,Tablet,1,26,Debit Card,Male,3,4,Laptop & Accessory,1,Married,6,0,5,5,5,17,301
C002777,7,Mobile Phone,2,43,UPI,Female,1,3,Others,1,Married,1,0,10,7,1,6,391
C002778,15,Mobile Phone,1,13,Debit Card,Male,1,4,Mobile Phone,2,Married,4,0,14,10,13,27,325
C002779,21,Mobile Phone,1,42,UPI,Male,2,1,Laptop & Accessory,4,Single,4,1,21,1,11,13,196
C002780,19,Computer,2,50,Debit Card,Male,5,1,Mobile Phone,4,Married,2,0,17,8,13,4,51
C002781,60,Mobile Phone,3,37,UPI,Female,4,5,Grocery,5,Single,4,0,21,4,11,1,76
C002782,29,Mobile Phone,2,30,UPI,Female,4,6,Mobile Phone,1,Single,5,0,9,9,5,26,169
C002783,25,Mobile Phone,3,20,Credit Card,Female,4,2,Grocery,1,Married,7,0,23,6,11,18,458
C002784,33,Mobile Phone,3,13,Cash on Delivery,Female,5,3,Grocery,4,Married,6,0,30,1,7,27,351
C002785,49,Mobile Phone,3,27,Cash on Delivery,Male,1,3,Others,3,Married,3,0,27,9,1,23,380
C002786,32,Mobile Phone,3,19,Credit Card,Male,1,2,Grocery,4,Single,5,0,9,7,3,1,58
C002787,49,Mobile Phone,2,23,UPI,Female,1,4,Others,4,Married,6,0,25,9,8,4,139
C002788,35,Mobile Phone,1,46,Cash on Delivery,Male,2,1,Grocery,3,Married,4,0,25,9,4,4,272
C002789,44,Mobile Phone,1,20,Cash on Delivery,Female,1,1,Laptop & Accessory,5,Married,3,0,17,1,2,29,226
C002790,38,Mobile Phone,2,29,Debit Card,Male,1,3,Others,2,Single,1,0,7,4,3,23,290
C002791,26,Computer,3,39,E wallet,Male,1,3,Mobile Phone,5,Married,7,1,5,3,11,4,361
C002792,11,Computer,2,17,Credit Card,Female,4,4,Others,3,Single,4,1,22,5,7,18,61
C002793,35,Mobile Phone,2,50,E wallet,Male,3,4,Laptop & Accessory,3,Married,4,0,25,8,15,18,494
C002794,8,Computer,2,11,UPI,Male,1,3,Grocery,5,Divorced,1,0,14,10,7,19,495
C002795,46,Mobile Phone,2,38,Debit Card,Male,3,4,Laptop & Accessory,2,Single,4,0,30,6,8,18,92
C002796,14,Tablet,2,18,Cash on Delivery,Female,1,2,Fashion,5,Divorced,3,0,0,3,7,16,443
C002797,10,Mobile Phone,2,27,Debit Card,Male,4,1,Laptop & Accessory,1,Divorced,1,0,28,7,3,24,459
C002798,2,Mobile Phone,1,27,Credit Card,Male,4,3,Laptop & Accessory,1,Married,1,0,18,8,2,12,58
C002799,46,Mobile Phone,2,21,UPI,Male,3,2,Laptop & Accessory,1,Single,2,1,26,4,12,27,323
C002800,9,Mobile Phone,3,17,Debit Card,Female,4,2,Mobile Phone,2,Single,7,1,26,8,8,28,330
C002801,3,Tablet,3,31,Debit Card,Male,2,6,Mobile Phone,2,Single,4,1,17,6,4,7,284
C002802,21,Mobile Phone,1,6,Debit Card,Female,5,5,Laptop & Accessory,3,Single,2,1,3,7,8,28,162
C002803,26,Mobile Phone,3,41,Cash on Delivery,Female,5,3,Fashion,4,Married,3,0,22,4,2,30,301
C002804,8,Mobile Phone,1,34,UPI,Male,1,5,Fashion,2,Married,6,0,7,0,12,18,157
C002805,48,Computer,1,8,Cash on Delivery,Male,4,2,Others,4,Married,3,0,7,1,8,16,295
C002806,2,Mobile Phone,2,34,Debit Card,Male,5,3,Laptop & Accessory,1,Single,1,0,23,7,8,23,238
C002807,6,Mobile Phone,1,7,Cash on Delivery,Male,3,5,Others,1,Single,2,0,4,1,15,15,319
C002808,28,Tablet,1,18,Cash on Delivery,Male,3,1,Grocery,4,Divorced,4,0,15,10,10,11,460
C002809,53,Mobile Phone,1,15,Credit Card,Male,3,3,Fashion,5,Married,7,1,10,5,6,16,135
C002810,29,Mobile Phone,2,44,E wallet,Female,1,5,Grocery,3,Married,3,0,10,0,15,29,364
C002811,26,Computer,1,27,E wallet,Male,5,4,Grocery,3,Single,2,0,24,4,7,2,469
C002812,25,Mobile Phone,2,45,Credit Card,Male,5,3,Laptop & Accessory,5,Married,1,0,13,8,7,26,66
C002813,12,Mobile Phone,2,36,Credit Card,Female,5,6,Fashion,4,Married,7,0,10,0,3,17,317
C002814,5,Mobile Phone,2,7,Cash on Delivery,Male,3,4,Others,4,Single,7,0,12,9,1,29,191
C002815,34,Computer,3,46,Cash on Delivery,Male,3,3,Grocery,2,Married,5,1,21,4,8,13,375
C002816,48,Mobile Phone,2,5,UPI,Female,1,5,Laptop & Accessory,1,Divorced,1,0,7,0,13,10,433
C002817,37,Computer,1,13,E wallet,Female,2,5,Mobile Phone,1,Single,6,0,13,10,6,30,59
C002818,15,Computer,1,13,Cash on Delivery,Male,5,6,Fashion,4,Married,1,1,19,3,13,2,92
C002819,44,Mobile Phone,2,16,UPI,Female,1,3,Mobile Phone,2,Divorced,2,0,0,3,6,24,286
C002820,36,Computer,2,5,E wallet,Female,3,2,Others,2,Married,5,1,20,9,7,11,255
C002821,15,Mobile Phone,1,20,UPI,Female,2,5,Others,3,Married,4,0,18,3,11,6,135
C002822,43,Mobile Phone,1,34,UPI,Female,4,6,Others,3,Single,7,0,24,6,10,6,177
C002823,48,Computer,3,12,Credit Card,Male,2,3,Fashion,4,Single,1,0,27,8,9,24,286
C002824,23,Tablet,2,50,Debit Card,Female,1,3,Grocery,3,Married,1,0,4,7,11,24,305
C002825,6,Mobile Phone,2,50,Debit Card,Male,2,1,Laptop & Accessory,2,Single,5,0,23,4,7,17,500
C002826,46,Mobile Phone,3,14,Debit Card,Male,3,4,Grocery,5,Divorced,4,0,3,8,11,16,313
C002827,50,Mobile Phone,3,37,UPI,Female,2,1,Fashion,1,Married,1,0,3,10,11,11,151
C002828,44,Mobile Phone,2,42,Cash on Delivery,Male,3,4,Mobile Phone,4,Single,1,0,1,8,13,22,294
C002829,59,Mobile Phone,2,45,Debit Card,Female,2,4,Laptop & Accessory,3,Married,2,0,7,10,3,6,213
C002830,43,Mobile Phone,3,26,Cash on Delivery,Female,1,1,Others,3,Single,6,0,28,5,14,27,339
C002831,45,Mobile Phone,2,20,E wallet,Female,4,6,Mobile Phone,2,Married,2,0,15,4,15,23,370
C002832,21,Mobile Phone,1,23,Debit Card,Female,5,2,Grocery,3,Single,3,0,13,1,8,1,310
C002833,23,Mobile Phone,1,15,UPI,Male,2,3,Laptop & Accessory,1,Single,2,0,15,8,15,16,126
C002834,43,Computer,2,15,Credit Card,Male,4,5,Others,4,Married,7,0,26,9,7,18,203
C002835,55,Computer,3,18,UPI,Female,2,3,Laptop & Accessory,3,Single,7,1,8,0,5,26,95
C002836,16,Mobile Phone,1,43,Cash on Delivery,Female,4,6,Grocery,5,Married,4,1,23,7,15,26,91
C002837,47,Mobile Phone,1,30,E wallet,Male,3,6,Fashion,5,Single,3,0,7,2,12,27,211
C002838,53,Mobile Phone,3,48,UPI,Male,4,1,Grocery,4,Divorced,2,1,12,4,11,2,284
C002839,60,Mobile Phone,3,24,Credit Card,Female,5,2,Fashion,5,Single,5,0,30,4,15,15,144
C002840,15,Mobile Phone,1,24,Credit Card,Female,4,5,Others,5,Single,2,0,4,6,14,27,484
C002841,25,Computer,1,9,E wallet,Female,5,5,Grocery,3,Married,6,0,24,3,7,28,343
C002842,36,Mobile Phone,2,5,Debit Card,Male,5,6,Grocery,5,Single,2,0,12,0,15,25,199
C002843,11,Mobile Phone,1,15,UPI,Female,4,2,Grocery,3,Single,6,0,12,0,9,4,461
C002844,51,Mobile Phone,3,14,UPI,Female,5,5,Grocery,1,Married,2,0,24,10,7,7,104
C002845,15,Mobile Phone,1,32,Credit Card,Male,5,5,Fashion,2,Single,6,0,4,3,13,13,123
C002846,4,Mobile Phone,1,49,Cash on Delivery,Female,3,2,Fashion,3,Single,1,1,13,1,10,13,389
C002847,21,Tablet,1,38,UPI,Female,1,1,Mobile Phone,2,Single,6,1,8,10,12,16,160
C002848,13,Mobile Phone,1,17,Credit Card,Male,3,1,Others,3,Single,5,0,16,1,11,2,189
C002849,22,Mobile Phone,1,48,Cash on Delivery,Male,1,6,Others,3,Married,3,0,18,1,5,14,259
C002850,19,Mobile Phone,1,29,Debit Card,Male,1,5,Fashion,4,Married,7,1,4,3,10,21,366
C002851,34,Computer,3,27,Debit Card,Male,3,1,Mobile Phone,3,Single,1,0,7,0,6,11,150
C002852,14,Mobile Phone,1,40,Credit Card,Female,5,1,Mobile Phone,5,Single,5,0,18,4,15,3,378
C002853,4,Mobile Phone,3,16,Credit Card,Male,3,5,Grocery,5,Single,3,1,2,7,11,11,140
C002854,48,Computer,1,49,Debit Card,Male,5,5,Mobile Phone,3,Single,6,0,22,1,14,25,423
C002855,53,Mobile Phone,2,6,Credit Card,Female,3,6,Others,1,Single,2,0,10,0,7,24,349
C002856,52,Mobile Phone,1,24,E wallet,Male,3,6,Laptop & Accessory,5,Single,1,0,9,4,13,1,413
C002857,46,Mobile Phone,1,20,UPI,Male,2,1,Fashion,2,Single,3,0,19,1,3,2,243
C002858,27,Mobile Phone,2,18,E wallet,Male,4,6,Grocery,1,Married,2,0,5,3,5,29,242
C002859,29,Mobile Phone,2,6,Cash on Delivery,Female,3,4,Mobile Phone,2,Divorced,1,0,20,3,9,28,91
C002860,47,Mobile Phone,3,20,Credit Card,Male,4,2,Fashion,3,Married,3,0,18,2,1,30,94
C002861,28,Mobile Phone,3,8,Credit Card,Female,5,1,Fashion,3,Single,3,0,13,5,6,1,192
C002862,35,Mobile Phone,2,47,Cash on Delivery,Male,2,1,Fashion,3,Single,1,0,1,1,8,1,317
C002863,8,Mobile Phone,2,17,UPI,Female,2,4,Others,5,Single,1,0,25,10,4,26,137
C002864,16,Mobile Phone,3,42,Debit Card,Female,1,3,Grocery,1,Single,7,1,4,10,1,12,274
C002865,42,Mobile Phone,2,5,E wallet,Male,4,6,Laptop & Accessory,2,Married,6,0,12,0,15,12,233
C002866,36,Computer,3,13,UPI,Female,2,3,Grocery,4,Divorced,7,0,11,0,1,9,491
C002867,30,Mobile Phone,3,25,Debit Card,Male,5,6,Mobile Phone,1,Married,6,1,7,6,3,19,85
C002868,18,Mobile Phone,1,22,Debit Card,Male,1,2,Grocery,2,Married,3,0,27,10,10,11,144
C002869,2,Mobile Phone,1,47,Credit Card,Female,2,5,Others,4,Single,4,0,23,9,14,2,133
C002870,49,Mobile Phone,2,36,Cash on Delivery,Female,5,1,Laptop & Accessory,1,Single,2,0,17,4,5,23,407
C002871,13,Mobile Phone,2,50,Credit Card,Female,4,4,Grocery,1,Single,3,0,16,4,15,21,461
C002872,4,Mobile Phone,2,38,Cash on Delivery,Female,5,5,Mobile Phone,3,Married,1,1,10,8,13,16,140
C002873,26,Mobile Phone,3,24,Credit Card,Female,5,5,Grocery,1,Married,3,1,28,6,4,15,377
C002874,25,Mobile Phone,1,47,E wallet,Female,5,3,Others,2,Married,1,0,14,8,9,5,382
C002875,30,Computer,1,6,Credit Card,Female,3,1,Fashion,3,Married,2,0,4,4,4,18,134
C002876,11,Mobile Phone,1,8,E wallet,Female,2,2,Others,1,Married,6,0,19,8,3,2,436
C002877,7,Mobile Phone,2,49,UPI,Male,5,4,Others,3,Married,7,1,18,5,12,3,359
C002878,31,Mobile Phone,2,42,UPI,Male,1,1,Others,4,Single,1,1,12,0,10,7,214
C002879,44,Mobile Phone,1,11,Credit Card,Female,3,5,Laptop & Accessory,2,Single,1,0,19,7,8,6,101
C002880,10,Mobile Phone,2,26,UPI,Female,5,5,Grocery,4,Single,4,1,16,7,9,28,354
C002881,39,Mobile Phone,1,24,Debit Card,Male,5,2,Mobile Phone,2,Single,6,0,26,6,13,2,220
C002882,13,Mobile Phone,1,39,E wallet,Female,2,3,Fashion,5,Married,7,0,18,4,13,0,120
C002883,31,Computer,2,8,Cash on Delivery,Female,3,2,Fashion,4,Married,1,0,3,5,13,21,384
C002884,7,Computer,1,24,E wallet,Female,5,2,Laptop & Accessory,5,Married,5,0,30,4,12,15,438
C002885,56,Mobile Phone,2,39,Credit Card,Male,5,1,Mobile Phone,3,Married,7,0,27,0,13,13,103
C002886,49,Mobile Phone,3,37,UPI,Male,4,6,Fashion,4,Single,5,0,25,1,14,0,339
C002887,42,Computer,3,25,UPI,Male,1,3,Mobile Phone,1,Married,4,0,4,5,9,15,452
C002888,42,Mobile Phone,1,49,Debit Card,Male,1,5,Mobile Phone,2,Married,2,0,0,6,11,4,466
C002889,56,Mobile Phone,2,18,UPI,Female,2,3,Grocery,1,Single,2,0,11,0,7,28,372
C002890,36,Mobile Phone,2,35,Credit Card,Female,3,1,Laptop & Accessory,1,Single,7,1,9,9,4,15,351
C002891,20,Mobile Phone,3,26,Credit Card,Male,5,1,Others,3,Married,1,0,12,7,15,3,182
C002892,4,Mobile Phone,3,34,Cash on Delivery,Male,3,6,Others,3,Divorced,4,0,18,5,12,5,388
C002893,54,Mobile Phone,1,33,E wallet,Male,2,2,Fashion,1,Single,6,0,15,4,9,29,283
C002894,7,Mobile Phone,1,40,E wallet,Female,4,6,Fashion,1,Divorced,4,1,26,9,2,17,435
C002895,54,Mobile Phone,2,46,E wallet,Male,2,1,Laptop & Accessory,1,Married,4,0,1,2,6,17,247
C002896,1,Computer,2,33,Cash on Delivery,Male,1,3,Grocery,2,Married,5,1,23,4,10,27,304
C002897,44,Mobile Phone,1,11,Cash on Delivery,Female,4,2,Fashion,3,Married,6,0,8,4,11,4,427
C002898,56,Mobile Phone,1,36,Cash on Delivery,Female,5,2,Fashion,4,Single,2,1,23,8,15,0,152
C002899,45,Mobile Phone,2,17,Debit Card,Male,2,2,Mobile Phone,3,Single,6,0,4,10,1,11,437
C002900,42,Computer,1,17,Cash on Delivery,Male,3,3,Laptop & Accessory,1,Single,5,0,25,8,3,18,325
C002901,47,Computer,1,18,UPI,Female,3,2,Others,4,Single,2,0,10,7,7,13,50
C002902,59,Mobile Phone,1,10,Debit Card,Female,1,4,Laptop & Accessory,4,Divorced,3,0,3,6,8,25,83
C002903,13,Mobile Phone,1,20,UPI,Male,1,4,Others,4,Single,7,0,18,10,7,28,462
C002904,55,Computer,2,45,E wallet,Female,1,3,Mobile Phone,3,Divorced,1,0,24,6,10,5,408
C002905,22,Mobile Phone,1,25,Credit Card,Male,1,5,Grocery,1,Married,6,0,7,5,13,14,429
C002906,54,Mobile Phone,1,48,E wallet,Male,5,6,Others,1,Single,3,0,26,4,12,15,222
C002907,21,Mobile Phone,1,20,Cash on Delivery,Female,4,5,Mobile Phone,5,Single,7,1,15,2,5,0,485
C002908,22,Mobile Phone,1,9,Credit Card,Male,1,2,Grocery,2,Married,6,0,16,3,10,26,166
C002909,28,Mobile Phone,2,28,E wallet,Female,2,3,Mobile Phone,3,Married,1,0,10,5,11,10,463
C002910,9,Mobile Phone,1,47,Debit Card,Female,5,2,Grocery,5,Single,1,0,26,6,2,17,357
C002911,26,Mobile Phone,2,5,Cash on Delivery,Male,4,2,Fashion,5,Divorced,4,0,8,1,5,17,60
C002912,9,Computer,1,14,E wallet,Female,5,4,Grocery,5,Single,5,0,8,2,7,13,417
C002913,15,Computer,1,47,Credit Card,Female,3,1,Others,3,Married,5,1,23,6,6,25,389
C002914,10,Computer,1,39,UPI,Male,5,3,Grocery,2,Married,2,0,6,9,1,8,470
C002915,24,Tablet,1,35,E wallet,Male,5,1,Laptop & Accessory,4,Married,4,0,0,6,9,28,493
C002916,58,Mobile Phone,2,19,Debit Card,Female,3,4,Grocery,2,Single,5,1,2,7,6,22,134
C002917,57,Mobile Phone,2,15,Credit Card,Male,3,1,Mobile Phone,2,Single,2,0,8,8,3,1,202
C002918,42,Mobile Phone,3,13,E wallet,Male,3,6,Others,1,Single,2,1,15,8,3,28,341
C002919,8,Computer,1,6,UPI,Female,5,4,Fashion,5,Single,2,1,13,10,6,16,437
C002920,24,Mobile Phone,1,48,Cash on Delivery,Female,3,6,Fashion,5,Married,5,0,20,0,7,28,456
C002921,16,Tablet,1,34,Cash on Delivery,Male,1,5,Mobile Phone,4,Single,1,0,14,0,4,16,183
C002922,49,Mobile Phone,3,20,Cash on Delivery,Female,2,4,Fashion,1,Married,4,1,3,5,13,26,395
C002923,26,Computer,1,5,Credit Card,Male,2,3,Others,4,Married,4,0,14,0,7,24,333
C002924,27,Mobile Phone,2,10,UPI,Male,3,5,Mobile Phone,3,Single,2,0,30,8,3,29,369
C002925,37,Mobile Phone,1,50,UPI,Male,4,2,Others,1,Married,2,0,25,0,3,30,265
C002926,4,Computer,1,15,E wallet,Male,5,3,Fashion,5,Married,2,0,10,4,13,20,107
C002927,50,Mobile Phone,3,37,Cash on Delivery,Female,2,3,Fashion,4,Single,2,1,16,0,4,7,153
C002928,24,Computer,2,21,Credit Card,Female,1,6,Laptop & Accessory,1,Single,2,0,8,10,12,20,418
C002929,19,Mobile Phone,3,38,Cash on Delivery,Female,4,3,Mobile Phone,1,Single,7,1,22,4,2,1,82
C002930,36,Mobile Phone,2,50,Cash on Delivery,Female,4,1,Grocery,2,Married,2,0,12,3,7,10,459
C002931,60,Mobile Phone,2,44,E wallet,Female,1,1,Mobile Phone,1,Single,6,0,2,5,5,27,202
C002932,39,Mobile Phone,1,29,E wallet,Male,5,2,Others,1,Married,7,0,1,7,9,0,463
C002933,10,Mobile Phone,2,26,E wallet,Male,5,1,Fashion,5,Married,7,0,2,8,9,15,151
C002934,25,Mobile Phone,1,30,Debit Card,Male,3,3,Laptop & Accessory,3,Single,4,0,15,4,1,27,469
C002935,18,Mobile Phone,2,31,Debit Card,Female,1,6,Mobile Phone,4,Married,6,1,13,7,13,22,197
C002936,19,Mobile Phone,2,42,Credit Card,Male,1,4,Others,3,Married,2,0,3,5,13,6,230
C002937,36,Mobile Phone,3,13,Credit Card,Female,1,2,Laptop & Accessory,1,Single,1,0,2,7,12,29,405
C002938,10,Mobile Phone,2,41,E wallet,Female,3,2,Laptop & Accessory,5,Single,3,0,15,4,10,30,246
C002939,33,Computer,2,9,UPI,Male,2,3,Laptop & Accessory,5,Single,6,0,17,7,2,24,81
C002940,55,Mobile Phone,1,22,Credit Card,Male,5,5,Fashion,5,Single,7,0,27,5,4,21,347
C002941,50,Mobile Phone,1,26,Debit Card,Female,3,1,Others,5,Married,6,1,5,8,5,21,140
C002942,5,Mobile Phone,1,50,Debit Card,Female,3,5,Laptop & Accessory,2,Married,5,0,15,3,7,16,293
C002943,47,Mobile Phone,2,16,Cash on Delivery,Male,3,3,Fashion,1,Married,7,1,19,0,5,10,134
C002944,49,Mobile Phone,3,48,E wallet,Female,1,5,Fashion,2,Single,5,1,7,0,13,1,114
C002945,35,Tablet,1,26,UPI,Male,3,3,Fashion,2,Single,6,0,1,2,1,2,129
C002946,44,Computer,1,10,E wallet,Male,2,1,Mobile Phone,1,Married,7,0,28,4,4,11,191
C002947,34,Mobile Phone,2,40,Debit Card,Female,4,1,Fashion,5,Married,4,0,0,9,5,11,111
C002948,33,Mobile Phone,3,31,UPI,Male,3,2,Others,4,Married,5,0,12,3,15,16,123
C002949,55,Computer,2,19,Credit Card,Female,2,5,Grocery,5,Single,2,0,27,9,12,9,141
C002950,21,Mobile Phone,1,21,Cash on Delivery,Female,1,5,Mobile Phone,5,Single,1,0,17,9,2,4,469
C002951,17,Mobile Phone,3,7,Debit Card,Male,4,5,Laptop & Accessory,2,Single,4,0,20,7,1,12,260
C002952,22,Mobile Phone,3,14,Cash on Delivery,Male,5,5,Fashion,3,Single,4,0,4,7,14,9,381
C002953,48,Mobile Phone,1,29,E wallet,Female,5,6,Mobile Phone,5,Divorced,1,0,23,1,14,7,295
C002954,37,Tablet,3,25,UPI,Male,1,4,Mobile Phone,1,Single,6,0,0,4,2,21,384
C002955,15,Mobile Phone,2,44,E wallet,Female,1,2,Others,1,Married,2,0,15,5,4,7,452
C002956,35,Mobile Phone,1,13,Cash on Delivery,Female,5,2,Laptop & Accessory,1,Married,4,0,28,8,10,7,409
C002957,28,Mobile Phone,2,28,Debit Card,Male,1,4,Grocery,2,Single,7,0,26,1,3,24,131
C002958,7,Computer,3,36,Cash on Delivery,Male,5,6,Grocery,4,Single,1,1,13,8,14,13,236
C002959,32,Computer,2,7,Debit Card,Male,1,5,Mobile Phone,4,Married,7,0,23,3,12,7,494
C002960,11,Mobile Phone,1,37,Cash on Delivery,Male,5,4,Mobile Phone,4,Single,2,1,14,6,8,20,66
C002961,10,Mobile Phone,3,47,E wallet,Male,2,6,Laptop & Accessory,5,Single,6,0,9,10,4,5,484
C002962,9,Mobile Phone,1,49,Cash on Delivery,Male,1,5,Mobile Phone,5,Single,1,0,23,9,4,5,494
C002963,14,Computer,2,16,Credit Card,Female,5,4,Fashion,3,Married,2,0,15,7,5,8,134
C002964,13,Computer,2,33,E wallet,Female,1,2,Grocery,3,Married,5,0,30,8,1,30,141
C002965,57,Mobile Phone,1,25,Cash on Delivery,Female,5,4,Fashion,3,Married,7,0,28,1,14,21,193
C002966,25,Computer,1,43,Cash on Delivery,Male,5,6,Others,2,Divorced,1,0,8,6,1,2,331
C002967,2,Mobile Phone,3,38,UPI,Male,4,3,Mobile Phone,4,Married,2,0,3,4,13,19,132
C002968,35,Mobile Phone,2,37,E wallet,Male,1,5,Laptop & Accessory,5,Married,3,0,10,0,10,25,306
C002969,7,Mobile Phone,2,36,UPI,Female,2,4,Others,3,Married,7,0,18,0,14,18,462
C002970,21,Mobile Phone,2,24,E wallet,Male,3,5,Others,2,Single,5,0,15,7,15,7,455
C002971,18,Mobile Phone,2,7,Debit Card,Male,3,1,Laptop & Accessory,3,Married,7,0,8,4,5,6,209
C002972,3,Mobile Phone,2,8,E wallet,Male,1,5,Others,5,Married,4,0,11,9,6,12,413
C002973,42,Mobile Phone,1,21,E wallet,Female,5,4,Fashion,3,Married,1,0,20,8,15,23,131
C002974,54,Mobile Phone,1,21,Cash on Delivery,Female,5,5,Others,2,Married,7,0,26,1,3,21,277
C002975,39,Mobile Phone,3,23,Credit Card,Female,2,6,Laptop & Accessory,2,Divorced,2,0,1,3,4,10,312
C002976,41,Mobile Phone,2,8,E wallet,Male,1,3,Grocery,3,Single,4,0,10,9,15,14,366
C002977,49,Mobile Phone,1,33,UPI,Male,3,3,Mobile Phone,5,Married,4,0,18,5,8,18,485
C002978,11,Mobile Phone,3,21,Credit Card,Female,2,4,Laptop & Accessory,2,Married,6,0,7,5,5,20,377
C002979,39,Mobile Phone,3,26,E wallet,Female,1,4,Fashion,4,Married,4,1,10,5,9,2,157
C002980,24,Computer,1,6,Credit Card,Female,1,5,Fashion,2,Single,4,0,26,4,2,9,190
C002981,60,Computer,3,46,Debit Card,Male,1,2,Grocery,1,Married,2,0,15,6,6,12,63
C002982,46,Computer,2,16,Credit Card,Male,4,3,Fashion,3,Married,7,0,22,10,14,4,473
C002983,19,Mobile Phone,1,49,Debit Card,Female,2,3,Laptop & Accessory,4,Single,6,1,19,6,9,24,114
C002984,4,Mobile Phone,1,15,Credit Card,Female,1,1,Fashion,5,Married,2,0,8,4,14,13,325
C002985,26,Mobile Phone,2,44,Credit Card,Male,2,1,Grocery,4,Married,6,1,10,9,5,4,418
C002986,38,Mobile Phone,3,33,UPI,Female,3,2,Grocery,2,Single,3,0,12,2,13,5,260
C002987,42,Mobile Phone,1,24,UPI,Female,1,3,Others,2,Divorced,3,0,16,8,5,22,369
C002988,32,Mobile Phone,1,9,Cash on Delivery,Female,5,4,Others,1,Married,2,0,10,6,13,28,136
C002989,39,Computer,1,29,Credit Card,Female,1,3,Fashion,4,Married,6,0,10,1,11,11,184
C002990,45,Mobile Phone,2,38,Debit Card,Male,1,4,Fashion,2,Single,2,0,22,2,5,0,200
C002991,46,Computer,1,16,Credit Card,Male,2,4,Fashion,5,Divorced,3,0,21,10,14,7,138
C002992,36,Computer,1,32,E wallet,Male,2,2,Fashion,5,Single,2,0,17,8,11,1,162
C002993,40,Mobile Phone,2,38,Debit Card,Female,4,3,Others,4,Single,1,0,11,3,15,7,344
C002994,37,Computer,3,10,E wallet,Female,1,5,Laptop & Accessory,4,Single,6,0,8,4,6,10,312
C002995,33,Mobile Phone,2,23,Cash on Delivery,Male,3,3,Laptop & Accessory,1,Single,1,0,26,0,14,3,146
C002996,36,Computer,1,16,E wallet,Female,2,3,Laptop & Accessory,4,Single,7,0,24,3,8,29,125
C002997,3,Mobile Phone,2,29,Cash on Delivery,Male,4,6,Others,5,Single,7,0,22,8,8,16,67
C002998,9,Computer,1,17,Cash on Delivery,Female,5,1,Laptop & Accessory,4,Single,1,0,22,8,1,12,146
C002999,8,Mobile Phone,3,21,Cash on Delivery,Female,5,2,Laptop & Accessory,2,Married,7,0,19,1,4,22,426
C003000,33,Computer,3,16,E wallet,Female,4,5,Others,2,Married,1,0,6,1,9,28,160
C003001,59,Mobile Phone,1,7,Cash on Delivery,Male,5,5,Mobile Phone,4,Married,4,0,8,8,14,8,284
C003002,6,Mobile Phone,1,28,Cash on Delivery,Male,1,5,Fashion,3,Married,1,0,9,1,12,8,94
C003003,41,Computer,2,12,UPI,Female,2,4,Fashion,4,Single,6,0,24,5,6,3,53
C003004,39,Computer,2,40,Credit Card,Female,3,2,Mobile Phone,1,Single,6,1,24,4,5,14,153
C003005,4,Mobile Phone,2,30,Cash on Delivery,Male,5,1,Grocery,5,Single,3,0,9,10,5,27,287
C003006,13,Mobile Phone,3,49,Debit Card,Male,1,4,Laptop & Accessory,5,Married,6,0,27,1,14,7,340
C003007,49,Mobile Phone,3,12,Debit Card,Male,2,5,Mobile Phone,4,Single,7,0,14,6,14,6,283
C003008,60,Tablet,2,36,UPI,Female,1,4,Laptop & Accessory,3,Married,4,0,4,8,4,19,420
C003009,2,Computer,3,36,E wallet,Male,1,4,Mobile Phone,5,Married,7,0,11,1,5,23,365
C003010,60,Computer,3,5,E wallet,Female,2,6,Fashion,3,Married,7,0,18,1,14,16,230
C003011,5,Mobile Phone,3,7,E wallet,Male,5,5,Laptop & Accessory,5,Divorced,3,0,2,4,2,24,72
C003012,44,Mobile Phone,3,5,Cash on Delivery,Female,5,5,Others,2,Married,5,1,23,6,9,30,106
C003013,27,Mobile Phone,1,19,E wallet,Male,1,1,Fashion,1,Married,5,1,23,0,3,27,397
C003014,32,Computer,1,24,E wallet,Male,4,2,Fashion,5,Single,2,0,25,3,14,19,148
C003015,21,Mobile Phone,3,7,Credit Card,Male,5,3,Fashion,4,Single,4,0,8,8,1,16,149
C003016,8,Computer,3,19,Cash on Delivery,Male,1,3,Laptop & Accessory,2,Married,7,0,17,0,13,12,441
C003017,38,Mobile Phone,3,41,Cash on Delivery,Male,3,6,Grocery,3,Single,1,0,0,6,13,11,375
C003018,8,Mobile Phone,1,25,Debit Card,Male,3,3,Mobile Phone,1,Single,5,0,13,4,2,11,89
C003019,50,Mobile Phone,2,46,Debit Card,Male,4,1,Mobile Phone,3,Married,4,1,2,2,5,24,115
C003020,3,Mobile Phone,1,43,Credit Card,Female,1,4,Others,3,Single,1,0,23,4,12,1,125
C003021,54,Mobile Phone,2,27,UPI,Female,3,5,Grocery,5,Married,7,1,5,4,10,17,334
C003022,44,Mobile Phone,1,44,Cash on Delivery,Female,5,2,Fashion,2,Married,5,0,15,2,5,11,380
C003023,58,Mobile Phone,1,39,Debit Card,Male,1,3,Mobile Phone,1,Married,2,0,2,10,11,29,295
C003024,3,Computer,1,22,E wallet,Female,4,6,Laptop & Accessory,2,Married,3,0,16,8,3,26,357
C003025,22,Mobile Phone,2,21,Cash on Delivery,Female,4,2,Fashion,2,Single,2,0,4,9,6,17,324
C003026,6,Mobile Phone,1,35,Cash on Delivery,Female,5,2,Fashion,5,Divorced,5,0,29,1,4,23,298
C003027,2,Mobile Phone,1,30,Cash on Delivery,Male,3,5,Grocery,3,Single,3,0,21,10,2,21,414
C003028,23,Mobile Phone,1,26,Debit Card,Male,3,6,Grocery,2,Married,5,0,15,0,4,7,424
C003029,44,Computer,1,49,Credit Card,Male,4,1,Mobile Phone,3,Divorced,5,0,22,7,5,27,500
C003030,2,Mobile Phone,3,40,Debit Card,Male,2,5,Mobile Phone,2,Single,1,0,12,10,6,2,354
C003031,38,Computer,1,39,E wallet,Male,4,6,Fashion,1,Married,4,0,10,2,1,24,159
C003032,17,Mobile Phone,1,15,E wallet,Female,4,1,Others,4,Married,6,0,11,1,13,13,390
C003033,35,Mobile Phone,3,31,UPI,Female,1,6,Fashion,4,Divorced,7,0,9,9,7,2,203
C003034,34,Mobile Phone,2,38,Debit Card,Male,5,4,Laptop & Accessory,4,Single,3,1,9,0,15,3,108
C003035,23,Mobile Phone,2,22,Debit Card,Female,1,2,Others,5,Married,7,0,19,6,1,1,398
C003036,30,Mobile Phone,2,31,UPI,Female,4,3,Mobile Phone,5,Married,7,0,15,6,14,13,63
C003037,52,Computer,3,8,UPI,Female,1,2,Others,3,Single,6,0,25,3,4,17,242
C003038,8,Mobile Phone,1,21,Cash on Delivery,Female,3,5,Others,5,Married,7,0,13,4,13,8,483
C003039,22,Mobile Phone,3,10,Cash on Delivery,Male,4,6,Mobile Phone,4,Single,2,1,0,9,10,1,260
C003040,44,Mobile Phone,3,46,E wallet,Male,3,6,Laptop & Accessory,5,Married,3,0,6,0,4,21,85
C003041,58,Mobile Phone,2,15,Credit Card,Female,3,1,Laptop & Accessory,4,Single,4,1,8,2,1,4,439
C003042,36,Mobile Phone,2,9,E wallet,Male,5,4,Grocery,2,Single,6,0,12,0,9,25,427
C003043,5,Mobile Phone,2,22,Debit Card,Female,3,4,Grocery,4,Married,4,0,8,8,9,29,293
C003044,13,Mobile Phone,1,29,Credit Card,Male,1,1,Laptop & Accessory,4,Single,4,0,27,9,3,2,382
C003045,29,Mobile Phone,1,14,Cash on Delivery,Female,1,1,Laptop & Accessory,1,Divorced,1,1,21,0,11,25,452
C003046,31,Mobile Phone,3,45,UPI,Male,2,1,Grocery,1,Married,5,1,17,6,15,14,298
C003047,47,Computer,2,20,UPI,Female,5,4,Grocery,1,Married,2,0,14,4,4,5,348
C003048,57,Mobile Phone,1,14,E wallet,Male,2,2,Laptop & Accessory,1,Married,6,0,16,3,1,30,245
C003049,55,Mobile Phone,3,14,Debit Card,Female,3,2,Mobile Phone,4,Married,2,0,1,3,1,15,483
C003050,16,Tablet,2,40,Debit Card,Female,4,6,Laptop & Accessory,3,Married,2,1,8,3,3,2,137
C003051,42,Mobile Phone,1,25,UPI,Female,1,6,Mobile Phone,1,Single,7,1,12,8,5,28,150
C003052,30,Mobile Phone,2,18,E wallet,Female,4,4,Mobile Phone,5,Married,3,0,20,5,14,8,410
C003053,57,Mobile Phone,2,12,E wallet,Female,2,3,Mobile Phone,5,Married,1,0,13,9,9,21,337
C003054,55,Mobile Phone,1,5,Cash on Delivery,Male,2,5,Grocery,5,Married,1,0,8,9,15,20,229
C003055,16,Mobile Phone,3,20,Cash on Delivery,Male,1,4,Fashion,4,Married,7,0,14,10,13,6,327
C003056,12,Tablet,1,30,Cash on Delivery,Female,2,3,Laptop & Accessory,2,Married,2,0,1,5,9,21,401
C003057,17,Computer,2,46,Credit Card,Female,4,5,Others,2,Single,2,0,26,0,2,27,258
C003058,16,Computer,1,10,E wallet,Male,2,2,Others,1,Single,6,0,1,6,13,10,215
C003059,12,Computer,2,43,E wallet,Female,4,1,Laptop & Accessory,5,Divorced,4,0,20,7,14,24,491
C003060,8,Mobile Phone,1,6,Cash on Delivery,Male,3,6,Mobile Phone,1,Married,3,1,4,1,11,12,127
C003061,20,Mobile Phone,1,13,UPI,Female,5,5,Grocery,4,Single,7,1,15,3,10,6,294
C003062,3,Computer,3,9,Cash on Delivery,Male,1,6,Grocery,5,Married,4,0,12,4,5,16,382
C003063,16,Tablet,1,44,Credit Card,Female,2,1,Mobile Phone,1,Single,5,0,9,6,10,27,264
C003064,30,Mobile Phone,3,9,UPI,Female,1,3,Laptop & Accessory,3,Married,4,0,6,2,15,3,134
C003065,45,Computer,2,12,E wallet,Female,2,6,Others,4,Married,5,0,2,7,3,20,204
C003066,23,Mobile Phone,3,9,Credit Card,Female,3,4,Grocery,4,Single,5,0,23,1,6,10,311
C003067,28,Mobile Phone,2,9,Credit Card,Female,4,4,Mobile Phone,4,Married,4,0,28,8,3,28,61
C003068,51,Mobile Phone,1,21,UPI,Female,1,1,Grocery,3,Single,7,0,18,10,2,17,354
C003069,40,Mobile Phone,1,13,Cash on Delivery,Male,3,5,Mobile Phone,2,Single,7,0,22,4,10,19,123
C003070,54,Mobile Phone,3,38,Cash on Delivery,Female,3,5,Grocery,2,Single,7,0,14,3,3,16,239
C003071,5,Mobile Phone,3,37,Debit Card,Male,5,6,Others,3,Married,2,0,0,4,2,29,61
C003072,20,Mobile Phone,1,26,UPI,Female,3,3,Grocery,2,Married,4,1,9,9,1,8,150
C003073,40,Mobile Phone,2,25,Cash on Delivery,Male,5,4,Laptop & Accessory,3,Married,5,0,20,3,14,19,410
C003074,56,Mobile Phone,2,47,Credit Card,Female,3,1,Fashion,1,Married,1,0,8,5,7,8,358
C003075,44,Tablet,3,19,Cash on Delivery,Male,4,2,Mobile Phone,3,Single,5,1,19,9,6,18,316
C003076,1,Mobile Phone,3,5,Cash on Delivery,Male,3,6,Fashion,2,Married,6,1,18,4,4,20,253
C003077,57,Mobile Phone,3,11,Credit Card,Female,4,4,Others,3,Single,3,0,20,10,13,5,226
C003078,30,Mobile Phone,3,27,UPI,Female,2,4,Others,3,Single,1,1,26,3,3,20,301
C003079,21,Mobile Phone,3,10,Debit Card,Female,3,3,Fashion,5,Married,4,1,24,4,6,1,353
C003080,20,Computer,1,24,Cash on Delivery,Female,3,4,Others,3,Single,5,0,28,1,4,25,163
C003081,6,Mobile Phone,3,30,Cash on Delivery,Male,2,3,Others,2,Married,6,0,17,9,6,23,302
C003082,22,Computer,2,46,Cash on Delivery,Female,5,3,Mobile Phone,4,Married,1,0,6,1,9,0,375
C003083,18,Mobile Phone,3,16,UPI,Female,4,2,Mobile Phone,1,Single,2,0,24,8,7,0,395
C003084,8,Mobile Phone,2,17,Credit Card,Male,2,6,Mobile Phone,3,Married,4,0,19,4,3,30,445
C003085,39,Mobile Phone,1,17,Credit Card,Female,2,5,Laptop & Accessory,2,Single,5,0,4,7,12,19,180
C003086,32,Mobile Phone,2,6,Credit Card,Female,1,4,Laptop & Accessory,2,Married,6,1,29,8,4,7,394
C003087,33,Mobile Phone,2,36,Credit Card,Male,2,3,Laptop & Accessory,5,Married,3,0,30,0,9,13,282
C003088,53,Mobile Phone,1,35,Credit Card,Female,5,3,Laptop & Accessory,2,Married,2,1,20,2,14,5,236
C003089,16,Mobile Phone,1,15,Credit Card,Female,5,5,Fashion,4,Single,3,0,15,9,14,23,485
C003090,12,Mobile Phone,2,41,Cash on Delivery,Male,5,5,Mobile Phone,2,Single,1,0,15,9,13,13,309
C003091,38,Tablet,1,8,Cash on Delivery,Female,4,3,Others,4,Single,3,0,6,7,6,30,200
C003092,52,Mobile Phone,1,38,Credit Card,Female,4,4,Grocery,1,Single,5,0,8,1,2,9,233
C003093,34,Mobile Phone,1,20,Credit Card,Female,3,6,Laptop & Accessory,3,Divorced,5,0,7,9,10,5,242
C003094,14,Mobile Phone,3,35,UPI,Male,2,4,Others,1,Married,3,0,10,7,8,29,373
C003095,36,Mobile Phone,3,29,UPI,Female,5,6,Mobile Phone,3,Single,1,0,6,9,14,25,58
C003096,33,Mobile Phone,1,43,E wallet,Male,2,4,Fashion,1,Single,5,0,7,10,3,10,195
C003097,23,Computer,3,12,Cash on Delivery,Male,3,5,Others,4,Single,7,0,11,10,3,21,450
C003098,50,Tablet,2,12,Credit Card,Female,3,4,Grocery,3,Single,5,0,19,0,5,13,386
C003099,45,Mobile Phone,1,38,Cash on Delivery,Male,5,6,Others,3,Single,3,0,20,5,9,20,196
C003100,2,Mobile Phone,1,19,E wallet,Female,2,4,Mobile Phone,1,Single,3,0,1,5,10,24,153
C003101,41,Mobile Phone,2,9,UPI,Female,3,4,Others,5,Married,1,1,20,8,7,22,454
C003102,21,Mobile Phone,2,23,E wallet,Female,1,5,Fashion,5,Married,2,0,25,4,15,27,397
C003103,2,Mobile Phone,3,14,Debit Card,Male,4,1,Mobile Phone,1,Married,4,0,17,7,8,1,263
C003104,27,Mobile Phone,2,13,UPI,Female,2,1,Laptop & Accessory,2,Married,4,0,12,10,7,27,169
C003105,57,Mobile Phone,1,33,Cash on Delivery,Male,5,4,Mobile Phone,1,Single,4,1,0,9,15,17,289
C003106,9,Mobile Phone,3,44,UPI,Male,3,1,Others,4,Single,3,0,23,6,8,18,293
C003107,1,Mobile Phone,1,41,E wallet,Male,3,4,Grocery,4,Single,5,0,1,6,15,9,149
C003108,11,Mobile Phone,2,23,Credit Card,Female,3,5,Mobile Phone,2,Married,5,0,0,0,8,24,147
C003109,3,Mobile Phone,1,17,E wallet,Male,4,4,Mobile Phone,5,Divorced,6,0,24,7,2,21,294
C003110,52,Mobile Phone,1,50,E wallet,Male,2,2,Mobile Phone,4,Married,7,0,21,5,14,22,252
C003111,23,Computer,2,44,Credit Card,Male,3,3,Mobile Phone,4,Married,2,0,8,1,2,15,248
C003112,26,Mobile Phone,1,20,Cash on Delivery,Male,4,5,Others,3,Married,7,0,27,2,9,0,430
C003113,4,Computer,2,34,Cash on Delivery,Male,1,6,Laptop & Accessory,3,Divorced,5,0,20,6,4,18,492
C003114,18,Mobile Phone,1,9,UPI,Male,2,2,Grocery,2,Married,3,0,6,8,6,30,231
C003115,55,Mobile Phone,2,37,E wallet,Female,5,2,Mobile Phone,4,Married,1,0,21,4,15,6,391
C003116,6,Mobile Phone,2,23,UPI,Male,2,3,Grocery,1,Married,1,0,18,1,7,14,428
C003117,35,Mobile Phone,1,23,Credit Card,Female,3,2,Others,5,Single,6,0,30,9,1,12,326
C003118,22,Computer,3,21,Debit Card,Female,5,3,Laptop & Accessory,2,Divorced,4,0,0,0,15,29,476
C003119,43,Mobile Phone,1,28,Cash on Delivery,Female,2,4,Mobile Phone,1,Single,4,0,27,1,8,27,88
C003120,15,Mobile Phone,1,32,Credit Card,Male,5,5,Laptop & Accessory,1,Married,1,0,17,5,11,5,252
C003121,22,Mobile Phone,2,46,Cash on Delivery,Female,2,5,Mobile Phone,2,Single,4,0,21,8,1,26,376
C003122,60,Tablet,2,41,UPI,Female,1,5,Mobile Phone,2,Divorced,4,1,20,1,10,8,52
C003123,37,Mobile Phone,2,26,Debit Card,Male,1,3,Fashion,4,Single,2,0,22,6,8,12,96
C003124,52,Tablet,1,43,E wallet,Male,1,3,Grocery,5,Single,7,0,5,4,14,15,131
C003125,42,Computer,3,20,Cash on Delivery,Female,2,2,Laptop & Accessory,4,Single,7,0,2,1,15,5,120
C003126,12,Mobile Phone,2,39,E wallet,Female,5,5,Grocery,1,Married,1,0,24,5,1,18,207
C003127,47,Computer,1,31,UPI,Female,1,2,Grocery,4,Married,2,0,11,3,2,14,292
C003128,49,Tablet,1,16,Cash on Delivery,Male,4,4,Grocery,4,Married,6,0,20,3,2,7,353
C003129,42,Mobile Phone,3,50,UPI,Male,4,2,Laptop & Accessory,5,Single,4,0,10,4,4,10,218
C003130,38,Mobile Phone,2,32,E wallet,Male,1,5,Mobile Phone,3,Single,5,0,6,0,2,8,115
C003131,18,Mobile Phone,1,5,UPI,Female,1,3,Mobile Phone,5,Married,6,0,29,4,13,1,70
C003132,45,Mobile Phone,1,43,UPI,Male,3,2,Mobile Phone,4,Married,7,0,13,1,6,30,497
C003133,35,Mobile Phone,1,22,UPI,Male,4,2,Mobile Phone,3,Married,4,1,20,7,13,1,207
C003134,30,Mobile Phone,2,27,Credit Card,Male,4,3,Mobile Phone,1,Married,4,1,26,8,7,4,187
C003135,24,Mobile Phone,3,26,Credit Card,Female,1,3,Mobile Phone,5,Married,2,0,2,8,1,26,74
C003136,42,Mobile Phone,2,8,Cash on Delivery,Male,3,5,Others,2,Single,3,1,20,9,2,5,281
C003137,30,Mobile Phone,2,15,UPI,Female,5,4,Others,1,Married,6,1,30,5,7,22,151
C003138,14,Computer,3,22,UPI,Female,3,6,Mobile Phone,3,Single,3,0,22,8,3,6,347
C003139,6,Computer,2,11,UPI,Male,3,5,Laptop & Accessory,1,Married,5,1,7,9,13,4,68
C003140,3,Mobile Phone,2,25,Credit Card,Male,4,2,Grocery,2,Married,7,0,22,10,5,10,254
C003141,16,Mobile Phone,1,39,E wallet,Male,1,5,Grocery,2,Married,4,0,4,6,2,28,294
C003142,7,Mobile Phone,2,41,UPI,Female,1,5,Laptop & Accessory,5,Single,7,0,2,10,13,24,165
C003143,52,Tablet,2,34,Debit Card,Female,1,3,Others,5,Married,3,0,21,2,12,2,214
C003144,14,Mobile Phone,1,21,Cash on Delivery,Female,3,4,Grocery,4,Married,5,0,9,6,3,1,202
C003145,9,Mobile Phone,3,37,Credit Card,Female,3,6,Others,4,Married,4,0,24,10,11,0,118
C003146,15,Computer,3,20,E wallet,Male,2,4,Fashion,1,Married,1,0,24,6,10,24,309
C003147,21,Computer,2,19,Debit Card,Male,5,5,Grocery,2,Married,6,0,27,2,6,20,67
C003148,35,Computer,2,17,UPI,Female,2,3,Fashion,1,Single,5,0,21,3,15,18,287
C003149,2,Computer,2,43,Credit Card,Female,5,3,Fashion,3,Single,7,1,22,4,14,1,277
C003150,27,Mobile Phone,1,7,UPI,Female,2,2,Fashion,3,Single,3,0,6,6,7,21,125
C003151,2,Mobile Phone,1,28,Cash on Delivery,Female,2,1,Fashion,4,Married,4,0,4,4,4,1,194
C003152,35,Mobile Phone,3,27,Credit Card,Male,2,2,Mobile Phone,1,Single,5,0,26,7,10,18,288
C003153,18,Mobile Phone,2,49,Debit Card,Male,2,6,Mobile Phone,3,Single,2,0,13,9,13,28,407
C003154,14,Computer,3,5,E wallet,Male,3,2,Laptop & Accessory,4,Divorced,7,1,10,1,8,26,262
C003155,20,Mobile Phone,1,36,E wallet,Male,5,2,Grocery,1,Married,7,1,7,4,15,19,64
C003156,18,Mobile Phone,2,37,Cash on Delivery,Female,2,1,Laptop & Accessory,2,Married,7,0,2,6,2,9,322
C003157,10,Computer,2,34,E wallet,Female,2,3,Fashion,3,Married,6,0,5,8,4,2,194
C003158,25,Mobile Phone,2,6,E wallet,Male,1,3,Laptop & Accessory,3,Married,5,0,16,1,13,9,353
C003159,2,Tablet,3,22,Cash on Delivery,Male,3,4,Mobile Phone,2,Married,3,0,11,7,5,30,255
C003160,25,Tablet,3,34,Debit Card,Male,4,4,Others,4,Single,7,0,3,9,3,11,206
C003161,54,Mobile Phone,1,22,Credit Card,Male,1,5,Others,3,Married,4,0,23,0,4,3,338
C003162,33,Mobile Phone,1,9,Credit Card,Male,4,6,Others,2,Married,1,0,10,5,5,10,432
C003163,36,Mobile Phone,1,9,Cash on Delivery,Male,2,5,Others,4,Single,6,0,10,0,5,11,241
C003164,31,Mobile Phone,2,12,UPI,Female,5,5,Others,5,Single,1,0,26,5,13,17,84
C003165,14,Mobile Phone,1,13,Cash on Delivery,Female,4,4,Grocery,4,Married,5,0,15,9,4,12,128
C003166,1,Mobile Phone,2,36,Cash on Delivery,Male,4,4,Fashion,3,Married,2,0,18,1,12,24,258
C003167,46,Tablet,2,18,Cash on Delivery,Male,4,2,Mobile Phone,4,Divorced,1,0,3,2,7,8,189
C003168,16,Mobile Phone,2,17,Cash on Delivery,Female,5,3,Others,3,Married,2,0,30,2,15,0,226
C003169,54,Computer,3,22,E wallet,Female,1,4,Grocery,4,Married,5,0,12,9,2,13,486
C003170,46,Mobile Phone,2,8,E wallet,Male,3,1,Mobile Phone,5,Single,4,0,3,5,5,16,476
C003171,52,Mobile Phone,2,26,Debit Card,Female,5,2,Others,4,Single,6,0,18,9,3,7,438
C003172,3,Computer,1,24,Cash on Delivery,Female,1,1,Fashion,5,Single,4,0,17,3,9,15,128
C003173,35,Mobile Phone,2,19,Credit Card,Female,2,1,Laptop & Accessory,3,Single,1,0,28,7,4,10,235
C003174,41,Mobile Phone,2,11,UPI,Female,1,3,Fashion,4,Married,1,0,17,5,3,4,222
C003175,6,Mobile Phone,2,17,E wallet,Female,4,1,Fashion,2,Married,1,0,22,3,11,11,355
C003176,25,Computer,3,38,Credit Card,Female,1,1,Others,5,Married,1,0,0,0,6,14,148
C003177,13,Mobile Phone,3,45,E wallet,Female,1,6,Laptop & Accessory,1,Married,5,1,2,9,14,11,83
C003178,53,Mobile Phone,3,34,Debit Card,Female,2,1,Laptop & Accessory,5,Married,2,0,5,5,9,10,243
C003179,34,Mobile Phone,1,9,UPI,Female,2,1,Mobile Phone,4,Single,7,0,9,9,12,23,203
C003180,8,Tablet,2,5,E wallet,Female,1,2,Grocery,5,Divorced,6,0,10,7,4,28,178
C003181,21,Computer,1,35,UPI,Male,5,2,Mobile Phone,4,Married,7,0,18,8,14,30,310
C003182,34,Mobile Phone,1,24,UPI,Male,2,3,Others,3,Married,3,0,0,7,2,20,465
C003183,4,Computer,1,23,Credit Card,Female,4,3,Laptop & Accessory,3,Single,5,0,12,8,15,30,179
C003184,25,Mobile Phone,1,33,E wallet,Male,5,6,Fashion,2,Married,1,0,2,8,8,25,203
C003185,15,Mobile Phone,1,49,UPI,Male,1,1,Fashion,1,Single,1,0,12,6,12,3,315
C003186,4,Mobile Phone,2,42,Cash on Delivery,Female,4,5,Grocery,3,Divorced,6,0,19,5,15,20,478
C003187,45,Mobile Phone,3,14,UPI,Male,4,1,Others,2,Single,7,0,0,2,14,12,129
C003188,60,Mobile Phone,1,33,UPI,Female,5,1,Others,1,Single,6,1,19,9,11,19,396
C003189,12,Mobile Phone,3,35,E wallet,Male,1,6,Mobile Phone,2,Single,1,0,8,2,2,22,382
C003190,32,Mobile Phone,1,15,Cash on Delivery,Male,4,3,Laptop & Accessory,3,Single,3,0,9,5,13,21,236
C003191,32,Computer,1,27,UPI,Male,2,4,Laptop & Accessory,1,Single,6,0,1,8,14,15,393
C003192,28,Mobile Phone,2,34,E wallet,Female,2,3,Grocery,3,Married,6,1,18,10,4,7,235
C003193,13,Mobile Phone,2,29,E wallet,Male,5,2,Fashion,4,Single,2,0,20,5,2,25,110
C003194,31,Computer,1,20,UPI,Female,2,3,Mobile Phone,1,Married,1,0,14,7,9,30,310
C003195,14,Mobile Phone,1,27,Debit Card,Male,3,6,Grocery,2,Married,4,0,5,7,13,19,171
C003196,20,Mobile Phone,2,37,Debit Card,Male,1,4,Laptop & Accessory,4,Single,1,1,4,4,1,22,383
C003197,18,Computer,1,41,Credit Card,Female,4,1,Mobile Phone,2,Single,3,0,23,4,1,28,259
C003198,29,Mobile Phone,2,32,Debit Card,Male,4,4,Others,3,Single,3,0,4,2,7,11,484
C003199,60,Mobile Phone,2,31,Debit Card,Female,5,6,Fashion,3,Single,3,0,29,0,15,28,220
C003200,6,Mobile Phone,1,10,E wallet,Female,5,6,Laptop & Accessory,4,Single,6,0,20,4,7,4,152
C003201,32,Computer,3,42,E wallet,Female,4,3,Laptop & Accessory,4,Single,3,1,0,10,8,16,270
C003202,29,Mobile Phone,1,41,UPI,Female,2,5,Grocery,1,Single,5,0,30,9,3,29,429
C003203,43,Computer,2,10,UPI,Male,5,6,Fashion,2,Single,1,0,30,8,14,29,474
C003204,2,Mobile Phone,3,29,E wallet,Female,3,2,Laptop & Accessory,5,Married,4,0,21,9,4,2,424
C003205,60,Mobile Phone,3,17,UPI,Female,5,6,Laptop & Accessory,3,Single,5,0,26,8,11,0,497
C003206,23,Computer,2,37,E wallet,Female,2,4,Laptop & Accessory,5,Married,6,0,22,9,3,15,250
C003207,19,Mobile Phone,2,37,Debit Card,Male,1,6,Grocery,5,Married,6,0,20,8,10,2,320
C003208,31,Mobile Phone,1,29,UPI,Male,3,3,Laptop & Accessory,4,Divorced,2,1,18,0,2,16,346
C003209,51,Mobile Phone,2,18,Debit Card,Female,5,1,Grocery,2,Married,5,0,10,7,6,3,498
C003210,5,Computer,2,44,Credit Card,Male,1,3,Others,5,Married,1,0,12,7,13,20,385
C003211,19,Mobile Phone,2,45,UPI,Male,1,6,Others,2,Married,5,1,6,9,3,2,340
C003212,34,Mobile Phone,3,46,E wallet,Female,4,6,Others,4,Married,3,0,26,6,14,0,320
C003213,10,Mobile Phone,1,42,E wallet,Female,2,1,Others,5,Married,7,0,23,8,4,5,131
C003214,25,Computer,3,13,Credit Card,Male,4,5,Mobile Phone,5,Married,5,0,13,0,1,25,85
C003215,2,Mobile Phone,3,22,E wallet,Male,2,2,Mobile Phone,3,Married,6,0,24,1,11,10,471
C003216,11,Mobile Phone,2,19,Debit Card,Male,1,4,Others,5,Married,7,0,14,8,8,7,325
C003217,50,Mobile Phone,2,8,E wallet,Male,5,3,Others,1,Married,3,1,22,7,2,25,381
C003218,31,Mobile Phone,1,38,Credit Card,Female,2,3,Fashion,4,Married,5,0,18,9,13,29,468
C003219,56,Mobile Phone,3,42,Cash on Delivery,Male,2,4,Laptop & Accessory,1,Married,2,1,30,3,9,28,380
C003220,15,Mobile Phone,1,21,Cash on Delivery,Male,1,6,Fashion,5,Divorced,1,0,4,3,15,28,198
C003221,9,Mobile Phone,2,11,Debit Card,Male,3,1,Fashion,5,Married,1,0,22,5,7,5,431
C003222,23,Computer,2,36,Cash on Delivery,Female,1,2,Fashion,1,Married,6,0,21,4,7,4,449
C003223,19,Computer,3,27,E wallet,Male,1,5,Fashion,3,Married,5,0,21,7,1,4,308
C003224,9,Mobile Phone,3,24,Credit Card,Female,2,4,Fashion,3,Married,3,0,2,6,2,17,329
C003225,35,Computer,2,6,Debit Card,Female,1,2,Fashion,1,Single,2,0,10,9,14,24,65
C003226,21,Mobile Phone,1,25,Cash on Delivery,Female,4,3,Others,1,Single,3,1,20,7,5,9,278
C003227,9,Computer,1,16,E wallet,Male,1,2,Fashion,4,Single,1,0,23,1,11,13,213
C003228,28,Mobile Phone,1,46,E wallet,Male,5,6,Mobile Phone,3,Married,6,0,24,5,3,22,242
C003229,46,Mobile Phone,3,31,UPI,Female,1,5,Laptop & Accessory,2,Single,7,0,12,6,8,14,301
C003230,51,Computer,2,14,UPI,Male,1,2,Mobile Phone,5,Single,3,0,17,9,11,14,137
C003231,7,Computer,3,12,Credit Card,Female,5,6,Grocery,5,Single,7,0,17,0,9,26,457
C003232,16,Mobile Phone,2,25,Debit Card,Female,3,3,Mobile Phone,1,Single,2,0,15,1,4,4,280
C003233,16,Mobile Phone,2,26,Cash on Delivery,Male,3,5,Grocery,2,Married,7,0,18,9,6,1,98
C003234,60,Mobile Phone,1,17,Cash on Delivery,Female,3,5,Others,3,Single,2,0,27,6,9,5,163
C003235,33,Mobile Phone,1,44,E wallet,Female,4,5,Grocery,3,Married,3,0,6,5,5,29,127
C003236,4,Mobile Phone,1,16,Cash on Delivery,Male,5,3,Fashion,3,Single,4,0,9,3,7,30,467
C003237,4,Mobile Phone,2,21,Credit Card,Female,4,1,Fashion,1,Single,2,0,1,3,2,9,112
C003238,39,Computer,1,13,UPI,Male,4,3,Fashion,1,Single,7,1,30,2,4,7,107
C003239,40,Mobile Phone,2,44,E wallet,Male,4,1,Grocery,5,Single,2,1,25,4,9,17,428
C003240,17,Mobile Phone,2,16,Debit Card,Female,5,6,Grocery,5,Married,4,0,3,4,10,29,219
C003241,37,Mobile Phone,2,13,E wallet,Female,2,1,Grocery,3,Married,1,0,23,8,15,20,278
C003242,39,Mobile Phone,1,34,Cash on Delivery,Male,2,3,Laptop & Accessory,5,Single,6,0,19,9,2,12,444
C003243,60,Mobile Phone,1,10,Credit Card,Female,3,6,Laptop & Accessory,5,Single,6,0,14,8,15,6,180
C003244,52,Mobile Phone,1,29,Debit Card,Male,4,2,Laptop & Accessory,3,Married,7,0,0,6,4,18,300
C003245,29,Computer,2,32,E wallet,Female,3,3,Fashion,1,Married,7,0,3,7,9,3,221
C003246,52,Computer,1,14,Cash on Delivery,Male,4,5,Others,5,Single,5,0,22,0,9,26,483
C003247,36,Mobile Phone,3,45,E wallet,Female,3,2,Mobile Phone,1,Single,5,0,24,7,15,8,477
C003248,60,Mobile Phone,3,32,Debit Card,Male,1,4,Laptop & Accessory,2,Single,7,0,12,10,6,28,78
C003249,38,Mobile Phone,1,33,Cash on Delivery,Female,5,6,Mobile Phone,1,Married,5,0,7,4,6,6,456
C003250,39,Computer,2,40,UPI,Female,4,4,Laptop & Accessory,4,Single,5,0,21,8,2,9,326
C003251,50,Computer,2,15,Debit Card,Male,4,4,Grocery,4,Divorced,1,0,5,0,14,19,405
C003252,37,Mobile Phone,2,25,UPI,Male,4,5,Grocery,3,Married,4,0,24,0,12,4,70
C003253,52,Mobile Phone,1,42,UPI,Female,5,6,Fashion,4,Single,2,0,7,0,3,30,201
C003254,35,Computer,1,30,Cash on Delivery,Female,1,6,Fashion,2,Married,6,0,0,5,14,6,189
C003255,7,Mobile Phone,1,22,E wallet,Female,2,5,Mobile Phone,1,Married,1,0,1,10,1,1,97
C003256,27,Mobile Phone,1,8,E wallet,Female,5,1,Fashion,1,Married,5,0,23,10,9,29,260
C003257,28,Computer,3,48,Credit Card,Male,1,6,Others,5,Married,3,0,2,4,13,8,344
C003258,22,Computer,2,45,Debit Card,Female,3,5,Others,5,Single,5,0,1,0,2,28,68
C003259,14,Mobile Phone,3,19,Debit Card,Female,4,6,Others,5,Divorced,1,0,9,3,6,19,226
C003260,7,Mobile Phone,1,27,Cash on Delivery,Male,4,1,Fashion,1,Single,1,0,4,8,13,28,468
C003261,37,Mobile Phone,1,45,Cash on Delivery,Female,2,4,Laptop & Accessory,1,Single,2,0,13,6,4,11,405
C003262,22,Mobile Phone,2,10,Credit Card,Male,3,3,Mobile Phone,5,Divorced,3,0,16,4,10,27,54
C003263,5,Mobile Phone,1,47,Credit Card,Female,1,3,Mobile Phone,1,Married,5,0,0,3,3,7,252
C003264,55,Mobile Phone,1,11,UPI,Male,3,6,Mobile Phone,2,Married,3,1,14,0,12,5,138
C003265,2,Computer,2,50,Credit Card,Male,3,5,Laptop & Accessory,5,Married,4,0,25,6,10,27,357
C003266,27,Computer,1,19,E wallet,Female,2,6,Fashion,4,Single,4,0,21,1,10,10,297
C003267,21,Mobile Phone,2,13,UPI,Male,1,4,Laptop & Accessory,5,Single,6,1,3,1,14,8,381
C003268,54,Mobile Phone,1,34,Credit Card,Female,2,6,Grocery,4,Divorced,7,0,23,5,5,30,385
C003269,38,Mobile Phone,2,48,E wallet,Male,1,4,Laptop & Accessory,3,Single,7,0,18,6,11,23,128
C003270,15,Mobile Phone,3,47,E wallet,Male,5,1,Fashion,4,Single,7,0,9,8,11,5,292
C003271,21,Mobile Phone,1,32,UPI,Male,5,1,Laptop & Accessory,2,Single,2,1,2,2,12,20,475
C003272,10,Mobile Phone,3,34,UPI,Female,4,4,Fashion,1,Married,3,0,7,3,9,12,287
C003273,23,Computer,2,12,E wallet,Female,2,6,Laptop & Accessory,2,Single,1,0,17,10,5,21,284
C003274,58,Mobile Phone,3,39,Cash on Delivery,Male,5,5,Laptop & Accessory,3,Married,5,0,1,5,15,29,164
C003275,56,Computer,1,39,UPI,Female,3,5,Mobile Phone,2,Single,1,1,28,8,6,23,178
C003276,39,Tablet,2,30,Debit Card,Male,3,4,Mobile Phone,2,Married,6,0,6,6,5,19,166
C003277,5,Mobile Phone,2,34,Cash on Delivery,Male,5,6,Mobile Phone,3,Married,4,0,9,9,9,9,147
C003278,1,Mobile Phone,3,39,Debit Card,Female,2,6,Fashion,2,Married,7,0,19,9,15,11,339
C003279,13,Tablet,2,42,Credit Card,Male,4,3,Others,3,Single,3,0,19,1,7,4,414
C003280,21,Tablet,2,15,UPI,Female,3,3,Others,1,Single,2,1,29,3,5,28,168
C003281,26,Mobile Phone,3,24,UPI,Male,4,1,Others,5,Single,3,0,6,1,9,4,409
C003282,50,Mobile Phone,1,50,E wallet,Female,3,6,Others,1,Married,4,0,24,1,12,3,272
C003283,45,Mobile Phone,1,35,UPI,Male,1,4,Fashion,1,Married,1,0,13,9,7,19,361
C003284,21,Tablet,2,38,Debit Card,Male,5,3,Mobile Phone,1,Single,3,0,9,2,2,7,102
C003285,53,Mobile Phone,2,16,Cash on Delivery,Male,2,5,Mobile Phone,2,Married,3,0,13,10,8,10,364
C003286,18,Mobile Phone,2,32,Credit Card,Male,3,2,Mobile Phone,1,Married,7,0,0,6,7,13,174
C003287,37,Computer,2,7,Cash on Delivery,Male,5,2,Fashion,3,Single,7,1,8,10,2,29,379
C003288,45,Mobile Phone,3,46,Debit Card,Female,4,6,Laptop & Accessory,3,Married,7,1,23,7,3,28,232
C003289,32,Mobile Phone,2,9,Credit Card,Female,2,4,Grocery,3,Single,7,0,18,7,13,22,119
C003290,36,Mobile Phone,1,17,E wallet,Male,2,1,Fashion,3,Married,6,0,5,3,8,15,432
C003291,17,Computer,1,16,UPI,Male,5,2,Laptop & Accessory,1,Single,5,0,20,6,13,30,463
C003292,35,Mobile Phone,3,5,UPI,Female,5,5,Mobile Phone,4,Married,2,1,21,6,5,20,70
C003293,49,Mobile Phone,2,47,E wallet,Female,5,5,Mobile Phone,5,Single,2,0,18,5,2,20,167
C003294,60,Mobile Phone,3,23,Debit Card,Male,1,5,Others,4,Single,5,0,14,8,10,27,334
C003295,11,Mobile Phone,1,33,E wallet,Male,1,2,Others,2,Married,6,0,27,0,7,20,395
C003296,21,Mobile Phone,2,43,Debit Card,Male,2,3,Laptop & Accessory,1,Divorced,5,0,30,4,2,6,369
C003297,52,Mobile Phone,2,46,Credit Card,Male,5,5,Grocery,4,Married,4,0,2,5,3,23,276
C003298,55,Mobile Phone,1,29,Cash on Delivery,Male,1,1,Laptop & Accessory,1,Married,1,1,20,10,1,21,456
C003299,53,Computer,2,20,Cash on Delivery,Male,2,4,Laptop & Accessory,3,Single,5,0,3,1,9,27,74
C003300,26,Computer,2,21,E wallet,Female,3,4,Grocery,2,Married,4,0,14,5,5,16,147
C003301,4,Mobile Phone,2,32,UPI,Male,5,4,Laptop & Accessory,4,Married,1,0,18,2,9,26,442
C003302,34,Mobile Phone,3,43,E wallet,Male,1,3,Laptop & Accessory,5,Married,3,1,12,8,1,16,158
C003303,52,Mobile Phone,3,47,UPI,Female,2,4,Fashion,3,Married,5,1,17,3,10,17,185
C003304,48,Computer,3,9,E wallet,Female,5,4,Grocery,3,Married,2,0,9,6,2,5,293
C003305,60,Mobile Phone,3,5,E wallet,Female,2,2,Mobile Phone,2,Married,2,0,16,3,9,8,113
C003306,18,Mobile Phone,2,7,Cash on Delivery,Male,3,3,Others,3,Single,7,0,23,0,14,15,210
C003307,40,Mobile Phone,1,28,UPI,Female,2,3,Mobile Phone,3,Single,3,0,18,10,8,7,261
C003308,35,Mobile Phone,3,33,Cash on Delivery,Male,2,2,Mobile Phone,4,Single,3,0,19,0,1,18,355
C003309,41,Mobile Phone,2,19,UPI,Female,3,1,Others,3,Married,6,0,30,2,13,5,194
C003310,29,Mobile Phone,1,8,Credit Card,Female,4,4,Others,2,Married,3,0,0,0,11,15,491
C003311,52,Mobile Phone,2,48,Credit Card,Female,5,1,Laptop & Accessory,1,Single,4,0,5,3,10,17,193
C003312,29,Computer,1,5,Credit Card,Male,3,2,Grocery,2,Single,6,1,10,7,10,21,446
C003313,38,Mobile Phone,2,19,Debit Card,Female,3,2,Others,2,Married,7,1,21,9,6,12,246
C003314,42,Mobile Phone,1,28,Cash on Delivery,Female,5,2,Grocery,1,Single,3,0,19,9,5,4,407
C003315,21,Mobile Phone,1,35,Cash on Delivery,Female,2,2,Laptop & Accessory,4,Single,4,0,1,5,10,28,191
C003316,42,Mobile Phone,3,24,Credit Card,Male,1,6,Mobile Phone,5,Single,5,1,7,5,3,23,290
C003317,13,Mobile Phone,3,14,E wallet,Male,5,5,Others,5,Divorced,5,1,16,1,13,26,421
C003318,49,Mobile Phone,3,15,Cash on Delivery,Male,3,2,Others,2,Single,4,0,19,8,4,30,451
C003319,41,Mobile Phone,2,22,UPI,Male,2,1,Laptop & Accessory,4,Single,6,1,26,7,15,9,83
C003320,17,Mobile Phone,3,38,Cash on Delivery,Male,4,2,Grocery,4,Married,1,1,24,6,10,22,252
C003321,56,Mobile Phone,3,32,Cash on Delivery,Female,2,1,Grocery,4,Single,1,0,3,3,9,1,339
C003322,9,Mobile Phone,2,42,UPI,Female,1,2,Fashion,4,Married,5,0,15,3,9,7,257
C003323,41,Computer,3,20,Credit Card,Male,2,2,Mobile Phone,2,Married,5,0,18,9,6,17,217
C003324,1,Mobile Phone,1,28,Credit Card,Female,1,5,Fashion,3,Divorced,1,0,29,9,13,13,391
C003325,2,Mobile Phone,3,43,UPI,Female,4,2,Grocery,5,Married,1,0,3,3,9,5,148
C003326,60,Mobile Phone,2,16,Cash on Delivery,Male,4,4,Fashion,5,Single,4,1,0,8,12,28,201
C003327,48,Mobile Phone,2,46,Cash on Delivery,Male,2,5,Grocery,1,Single,1,0,10,8,12,30,67
C003328,29,Mobile Phone,1,11,Credit Card,Male,5,5,Others,2,Single,2,0,12,8,14,3,416
C003329,33,Mobile Phone,2,40,Debit Card,Female,5,4,Laptop & Accessory,5,Married,1,0,24,4,12,22,243
C003330,10,Computer,2,21,Credit Card,Male,5,6,Fashion,2,Single,1,0,11,8,8,7,450
C003331,50,Mobile Phone,3,8,UPI,Male,4,5,Others,2,Married,7,0,28,0,8,0,275
C003332,58,Mobile Phone,3,41,Debit Card,Male,1,2,Others,4,Divorced,2,0,26,7,4,15,50
C003333,60,Computer,3,37,Debit Card,Female,3,4,Laptop & Accessory,1,Single,6,0,25,3,5,3,457
C003334,40,Computer,1,23,UPI,Female,2,2,Laptop & Accessory,2,Married,3,0,7,4,8,27,460
C003335,21,Mobile Phone,3,30,E wallet,Female,1,5,Others,5,Married,6,0,23,7,3,23,295
C003336,28,Mobile Phone,2,15,Credit Card,Male,3,3,Others,5,Married,2,0,19,7,14,10,383
C003337,11,Mobile Phone,3,35,Cash on Delivery,Female,4,4,Fashion,1,Married,6,0,14,0,8,22,307
C003338,55,Mobile Phone,1,5,Credit Card,Male,3,1,Fashion,2,Single,5,0,29,10,15,16,444
C003339,34,Mobile Phone,2,44,UPI,Male,4,5,Mobile Phone,4,Married,5,0,19,9,13,3,401
C003340,8,Mobile Phone,3,40,Cash on Delivery,Female,4,3,Mobile Phone,1,Married,5,1,0,4,7,15,310
C003341,59,Computer,3,33,E wallet,Male,1,5,Others,2,Married,3,1,23,1,8,19,139
C003342,22,Mobile Phone,2,29,UPI,Female,5,2,Mobile Phone,1,Married,3,1,9,7,2,12,343
C003343,8,Mobile Phone,3,22,Credit Card,Male,5,6,Others,4,Divorced,5,0,24,7,1,11,312
C003344,49,Mobile Phone,1,7,Debit Card,Male,1,6,Laptop & Accessory,3,Single,1,0,23,9,12,27,148
C003345,15,Computer,2,22,UPI,Female,2,2,Laptop & Accessory,3,Single,4,0,22,1,10,29,141
C003346,17,Mobile Phone,2,11,UPI,Male,4,6,Fashion,3,Married,6,1,28,3,14,26,458
C003347,60,Mobile Phone,1,32,Credit Card,Female,2,2,Grocery,4,Married,4,0,25,1,2,21,191
C003348,23,Mobile Phone,1,21,E wallet,Female,4,3,Others,4,Single,7,0,1,3,11,30,283
C003349,24,Mobile Phone,1,29,Credit Card,Male,4,2,Fashion,1,Single,3,1,8,10,5,6,106
C003350,45,Mobile Phone,2,22,Credit Card,Male,5,5,Mobile Phone,5,Married,6,0,9,3,9,12,207
C003351,19,Mobile Phone,1,44,E wallet,Male,5,5,Others,4,Married,3,0,27,7,8,6,216
C003352,5,Mobile Phone,2,47,E wallet,Male,4,6,Fashion,4,Married,4,0,2,9,7,28,490
C003353,32,Mobile Phone,1,7,UPI,Male,5,5,Mobile Phone,3,Single,1,0,5,8,4,23,71
C003354,44,Mobile Phone,2,29,Debit Card,Male,5,4,Others,3,Single,1,0,0,7,12,5,366
C003355,1,Mobile Phone,2,11,Credit Card,Male,3,5,Fashion,3,Single,7,0,12,2,11,27,338
C003356,23,Mobile Phone,2,14,Debit Card,Male,3,2,Grocery,5,Divorced,3,1,5,2,3,16,177
C003357,37,Mobile Phone,2,48,E wallet,Male,4,4,Fashion,3,Single,1,0,8,6,4,23,486
C003358,8,Mobile Phone,2,48,E wallet,Male,5,4,Others,3,Married,4,1,0,0,15,22,207
C003359,13,Mobile Phone,1,23,Credit Card,Male,3,4,Mobile Phone,5,Married,7,0,12,8,8,13,93
C003360,8,Tablet,3,19,UPI,Female,2,4,Others,3,Married,3,0,4,5,8,6,137
C003361,57,Mobile Phone,1,25,Credit Card,Male,4,6,Others,1,Married,2,1,20,9,6,17,365
C003362,23,Mobile Phone,1,25,UPI,Male,4,3,Fashion,1,Married,3,0,10,5,12,0,264
C003363,43,Mobile Phone,2,41,Cash on Delivery,Male,2,6,Others,2,Single,5,0,4,6,4,16,313
C003364,1,Computer,1,32,UPI,Female,4,5,Laptop & Accessory,1,Married,7,0,12,7,3,24,178
C003365,45,Computer,3,49,Credit Card,Male,5,3,Grocery,5,Single,7,0,22,7,8,19,100
C003366,51,Mobile Phone,1,36,Credit Card,Female,3,6,Mobile Phone,3,Single,1,1,1,0,10,4,481
C003367,24,Mobile Phone,2,45,UPI,Female,1,1,Grocery,2,Single,1,0,0,4,2,10,161
C003368,35,Mobile Phone,1,31,Debit Card,Male,3,3,Fashion,4,Single,7,0,20,10,8,14,368
C003369,24,Mobile Phone,1,27,UPI,Male,2,6,Fashion,4,Single,4,1,4,2,5,20,246
C003370,17,Computer,1,14,Cash on Delivery,Male,1,6,Laptop & Accessory,1,Married,7,0,7,2,9,27,126
C003371,5,Mobile Phone,3,44,Cash on Delivery,Female,5,4,Fashion,2,Married,3,0,18,3,10,12,105
C003372,20,Mobile Phone,3,45,Debit Card,Female,5,5,Fashion,4,Married,4,0,20,10,15,3,209
C003373,21,Computer,2,10,Cash on Delivery,Female,3,6,Fashion,4,Single,7,0,26,8,8,24,138
C003374,40,Computer,3,28,Credit Card,Male,4,5,Grocery,4,Divorced,3,0,4,5,15,1,473
C003375,58,Mobile Phone,2,22,Debit Card,Male,4,2,Laptop & Accessory,1,Divorced,3,0,3,5,12,30,228
C003376,31,Mobile Phone,3,14,Debit Card,Female,2,6,Others,1,Married,2,0,19,3,14,20,110
C003377,46,Mobile Phone,3,19,Debit Card,Female,4,3,Mobile Phone,2,Single,1,1,1,10,3,25,348
C003378,36,Computer,1,49,UPI,Female,5,5,Laptop & Accessory,1,Married,7,0,30,10,4,6,229
C003379,11,Computer,2,47,UPI,Female,1,1,Grocery,1,Single,5,0,1,3,12,14,287
C003380,52,Mobile Phone,2,38,Debit Card,Male,3,1,Others,5,Single,6,0,26,1,15,29,293
C003381,15,Mobile Phone,1,12,Cash on Delivery,Male,3,6,Others,1,Single,5,0,3,2,12,9,183
C003382,19,Computer,1,39,Credit Card,Female,3,3,Mobile Phone,2,Single,1,0,22,9,9,30,253
C003383,7,Mobile Phone,3,31,Credit Card,Male,4,6,Others,1,Divorced,4,0,14,2,15,25,449
C003384,51,Mobile Phone,3,29,UPI,Female,1,6,Laptop & Accessory,1,Married,5,0,2,3,6,19,475
C003385,28,Computer,3,7,E wallet,Female,4,2,Others,5,Single,2,0,11,7,9,22,331
C003386,51,Mobile Phone,3,25,Debit Card,Male,4,6,Grocery,2,Married,7,0,21,4,15,26,109
C003387,43,Mobile Phone,3,43,E wallet,Male,5,6,Others,4,Single,2,0,4,5,3,12,430
C003388,58,Computer,1,36,Credit Card,Male,5,1,Grocery,5,Married,6,0,1,5,8,30,476
C003389,5,Computer,1,25,UPI,Female,4,2,Others,1,Married,2,1,28,0,15,0,486
C003390,5,Mobile Phone,1,13,UPI,Female,2,3,Mobile Phone,3,Single,5,1,13,7,9,23,420
C003391,30,Mobile Phone,1,5,UPI,Male,2,6,Laptop & Accessory,5,Married,2,0,21,9,12,9,135
C003392,54,Mobile Phone,1,8,UPI,Male,2,5,Grocery,5,Single,2,1,30,0,1,3,396
C003393,32,Mobile Phone,2,8,UPI,Male,4,2,Others,2,Single,4,0,22,7,11,2,321
C003394,8,Mobile Phone,3,30,Debit Card,Female,1,6,Fashion,4,Single,1,0,18,2,9,2,378
C003395,10,Computer,3,38,E wallet,Female,2,1,Fashion,4,Single,5,0,23,0,10,9,381
C003396,38,Mobile Phone,2,31,Credit Card,Male,5,2,Laptop & Accessory,4,Married,1,1,19,5,11,27,230
C003397,47,Mobile Phone,3,19,Credit Card,Male,3,5,Grocery,5,Single,2,0,29,5,12,23,500
C003398,32,Mobile Phone,2,49,UPI,Female,3,6,Mobile Phone,3,Married,4,0,18,1,2,14,255
C003399,48,Tablet,3,36,UPI,Male,4,5,Mobile Phone,2,Single,1,1,2,4,12,12,196
C003400,28,Mobile Phone,2,45,UPI,Female,3,1,Laptop & Accessory,3,Divorced,7,0,19,4,5,14,264
C003401,17,Mobile Phone,1,11,Cash on Delivery,Male,4,2,Mobile Phone,4,Married,3,0,1,7,14,26,330
C003402,31,Mobile Phone,3,48,Credit Card,Female,3,2,Others,5,Single,5,0,11,6,15,13,325
C003403,8,Mobile Phone,1,48,UPI,Female,1,4,Laptop & Accessory,4,Married,2,0,1,2,3,18,485
C003404,40,Mobile Phone,2,18,E wallet,Male,1,1,Grocery,3,Single,2,0,4,3,1,1,59
C003405,25,Mobile Phone,1,27,Cash on Delivery,Male,1,2,Mobile Phone,4,Single,3,0,26,5,5,23,198
C003406,9,Mobile Phone,2,5,Debit Card,Female,1,3,Others,1,Married,2,0,14,6,12,6,184
C003407,2,Mobile Phone,3,36,Cash on Delivery,Male,2,4,Mobile Phone,2,Single,7,0,6,4,15,11,127
C003408,15,Mobile Phone,1,45,Cash on Delivery,Male,5,1,Laptop & Accessory,3,Single,1,0,12,5,13,27,238
C003409,50,Mobile Phone,3,30,Cash on Delivery,Male,1,5,Laptop & Accessory,1,Married,7,1,14,7,7,27,122
C003410,3,Mobile Phone,1,13,E wallet,Female,2,1,Mobile Phone,4,Single,2,0,25,0,12,19,82
C003411,49,Mobile Phone,1,20,Credit Card,Female,4,3,Laptop & Accessory,2,Single,7,0,20,0,13,21,50
C003412,36,Mobile Phone,1,35,UPI,Female,3,3,Fashion,2,Single,6,0,24,1,2,25,103
C003413,4,Mobile Phone,3,6,E wallet,Male,3,5,Laptop & Accessory,2,Single,7,0,17,9,2,23,257
C003414,14,Mobile Phone,1,36,E wallet,Female,2,5,Grocery,5,Divorced,1,0,23,5,11,23,487
C003415,41,Mobile Phone,2,14,UPI,Male,3,5,Mobile Phone,2,Married,7,1,23,0,3,1,277
C003416,41,Mobile Phone,1,29,Cash on Delivery,Male,1,4,Fashion,1,Single,1,1,30,3,10,2,428
C003417,25,Mobile Phone,1,22,Debit Card,Female,3,3,Mobile Phone,3,Single,5,0,6,6,13,15,220
C003418,58,Tablet,3,49,Cash on Delivery,Female,1,5,Laptop & Accessory,1,Divorced,5,1,9,1,8,7,124
C003419,55,Computer,1,38,Cash on Delivery,Female,1,3,Fashion,4,Married,6,0,3,4,6,26,457
C003420,50,Mobile Phone,1,33,Credit Card,Male,3,4,Mobile Phone,5,Single,5,0,29,4,3,15,246
C003421,10,Mobile Phone,1,49,Cash on Delivery,Male,2,6,Laptop & Accessory,5,Single,6,0,6,3,3,28,420
C003422,21,Mobile Phone,2,28,Debit Card,Female,4,4,Laptop & Accessory,4,Single,5,0,21,8,10,8,203
C003423,36,Mobile Phone,2,7,E wallet,Male,2,6,Mobile Phone,3,Single,3,0,25,9,7,18,303
C003424,12,Mobile Phone,1,19,Cash on Delivery,Female,5,3,Mobile Phone,5,Married,3,0,22,5,13,17,65
C003425,27,Mobile Phone,1,7,E wallet,Female,5,5,Mobile Phone,4,Married,4,0,4,7,3,20,172
C003426,40,Mobile Phone,2,35,Credit Card,Female,1,6,Fashion,4,Married,1,0,29,6,2,2,399
C003427,2,Computer,1,14,Debit Card,Male,1,1,Fashion,4,Single,4,0,2,9,5,23,347
C003428,54,Mobile Phone,3,42,UPI,Female,2,2,Grocery,4,Single,3,0,23,8,8,28,375
C003429,13,Computer,3,26,UPI,Female,2,3,Fashion,2,Divorced,7,0,22,0,1,21,263
C003430,53,Computer,2,18,Credit Card,Female,1,6,Laptop & Accessory,3,Married,6,0,7,7,1,29,434
C003431,32,Mobile Phone,1,13,Debit Card,Female,4,4,Fashion,4,Single,6,0,18,8,1,25,233
C003432,31,Mobile Phone,2,22,E wallet,Male,4,5,Mobile Phone,2,Single,4,0,19,10,4,27,177
C003433,16,Mobile Phone,3,12,Credit Card,Male,5,6,Mobile Phone,2,Single,7,0,16,3,8,20,175
C003434,32,Mobile Phone,2,42,Cash on Delivery,Male,4,2,Fashion,1,Married,1,0,15,6,8,3,323
C003435,32,Mobile Phone,3,19,E wallet,Male,3,3,Laptop & Accessory,4,Single,5,0,5,0,6,14,258
C003436,60,Mobile Phone,2,50,Cash on Delivery,Male,1,1,Grocery,2,Married,2,0,29,3,7,0,451
C003437,34,Mobile Phone,2,19,Cash on Delivery,Male,2,1,Mobile Phone,1,Single,3,1,12,7,10,26,296
C003438,11,Computer,1,10,E wallet,Male,1,4,Others,1,Single,6,0,6,9,8,17,276
C003439,10,Mobile Phone,2,16,Cash on Delivery,Female,3,4,Grocery,4,Single,1,0,23,1,7,4,196
C003440,15,Tablet,1,46,UPI,Female,4,4,Others,5,Married,2,1,24,3,2,19,191
C003441,17,Mobile Phone,3,23,E wallet,Male,1,3,Others,2,Divorced,3,0,24,0,13,29,363
C003442,40,Computer,3,44,Credit Card,Female,3,1,Others,5,Single,1,0,17,7,6,15,88
C003443,18,Mobile Phone,3,9,UPI,Male,4,1,Mobile Phone,1,Single,3,0,21,5,4,1,378
C003444,55,Mobile Phone,2,31,Credit Card,Male,5,4,Mobile Phone,5,Divorced,1,0,7,10,1,4,322
C003445,9,Computer,1,14,Debit Card,Female,5,4,Others,5,Single,3,0,10,6,11,19,437
C003446,25,Mobile Phone,1,47,Credit Card,Female,5,5,Others,4,Single,3,0,25,3,12,16,117
C003447,40,Mobile Phone,2,50,E wallet,Female,3,1,Grocery,1,Married,6,0,28,5,10,19,231
C003448,59,Mobile Phone,3,18,Credit Card,Female,3,4,Mobile Phone,3,Divorced,5,0,8,5,1,5,472
C003449,14,Mobile Phone,2,38,Debit Card,Male,2,4,Others,2,Married,7,0,3,7,5,16,446
C003450,60,Mobile Phone,1,19,Cash on Delivery,Female,2,4,Laptop & Accessory,4,Single,1,0,23,5,3,11,284
C003451,58,Computer,3,33,E wallet,Male,5,6,Mobile Phone,4,Married,4,1,11,5,13,30,100
C003452,25,Mobile Phone,3,30,UPI,Male,1,5,Mobile Phone,3,Single,2,0,6,0,14,19,433
C003453,50,Mobile Phone,2,31,UPI,Female,4,1,Laptop & Accessory,4,Single,3,0,8,0,9,10,471
C003454,22,Computer,2,7,Credit Card,Female,2,1,Others,1,Married,5,0,8,0,4,30,241
C003455,52,Mobile Phone,3,7,UPI,Female,4,1,Fashion,4,Married,6,0,16,10,1,23,487
C003456,30,Mobile Phone,2,39,Debit Card,Male,1,5,Mobile Phone,4,Single,4,0,11,2,7,17,460
C003457,20,Computer,3,39,UPI,Male,5,3,Others,3,Single,3,0,6,10,10,24,231
C003458,21,Mobile Phone,1,10,Credit Card,Female,4,5,Laptop & Accessory,2,Single,1,1,15,1,6,25,359
C003459,44,Mobile Phone,2,18,UPI,Female,5,6,Laptop & Accessory,2,Married,2,0,22,7,4,21,380
C003460,32,Mobile Phone,2,30,Cash on Delivery,Male,4,2,Mobile Phone,5,Married,4,0,15,0,10,7,376
C003461,51,Mobile Phone,3,7,Cash on Delivery,Female,1,6,Laptop & Accessory,1,Married,2,0,3,8,7,14,205
C003462,46,Mobile Phone,3,37,UPI,Female,2,5,Laptop & Accessory,3,Married,7,1,17,3,11,10,385
C003463,49,Mobile Phone,3,46,E wallet,Female,3,2,Others,2,Married,7,0,27,7,4,27,208
C003464,56,Computer,2,17,UPI,Female,5,6,Laptop & Accessory,3,Single,3,0,1,3,6,8,494
C003465,21,Mobile Phone,3,33,Cash on Delivery,Female,2,4,Fashion,5,Married,5,0,20,5,3,29,263
C003466,35,Mobile Phone,2,13,Cash on Delivery,Female,4,2,Others,2,Married,6,0,0,6,5,2,105
C003467,58,Tablet,2,36,Debit Card,Female,2,5,Others,3,Married,6,0,21,8,12,10,58
C003468,32,Mobile Phone,1,26,Credit Card,Male,3,3,Mobile Phone,1,Married,4,0,12,4,1,8,470
C003469,30,Computer,3,26,Debit Card,Female,5,1,Others,1,Single,3,0,13,2,12,5,400
C003470,55,Mobile Phone,3,38,E wallet,Female,5,5,Mobile Phone,5,Single,6,1,23,8,13,11,299
C003471,39,Computer,1,14,Credit Card,Male,2,1,Laptop & Accessory,2,Married,3,1,13,9,11,23,233
C003472,49,Mobile Phone,1,29,UPI,Male,1,6,Grocery,2,Single,7,1,14,5,14,22,374
C003473,12,Mobile Phone,3,16,UPI,Female,4,2,Fashion,1,Single,6,0,27,3,10,30,351
C003474,41,Mobile Phone,2,7,E wallet,Male,2,4,Fashion,5,Married,2,0,13,9,15,0,196
C003475,47,Mobile Phone,3,23,Cash on Delivery,Female,1,4,Laptop & Accessory,4,Married,5,0,18,5,14,21,262
C003476,18,Computer,1,37,UPI,Male,5,5,Grocery,1,Married,4,0,26,5,6,15,399
C003477,21,Mobile Phone,1,30,Debit Card,Male,4,2,Others,1,Married,7,0,27,5,9,12,406
C003478,13,Mobile Phone,2,17,Cash on Delivery,Male,5,2,Grocery,3,Single,2,0,26,10,14,18,382
C003479,21,Computer,1,11,UPI,Female,3,1,Others,5,Single,7,0,23,2,14,20,484
C003480,8,Mobile Phone,1,38,Cash on Delivery,Male,1,6,Others,4,Married,2,1,22,8,3,15,114
C003481,46,Mobile Phone,1,26,Credit Card,Female,3,6,Others,5,Married,7,0,22,4,14,17,183
C003482,40,Mobile Phone,1,24,UPI,Female,3,2,Grocery,5,Single,3,0,21,1,1,13,349
C003483,46,Mobile Phone,1,47,UPI,Male,3,3,Laptop & Accessory,1,Married,3,0,4,3,9,18,388
C003484,7,Mobile Phone,3,27,Cash on Delivery,Male,1,4,Others,1,Single,3,1,25,5,6,7,72
C003485,23,Tablet,1,18,Credit Card,Female,4,6,Laptop & Accessory,1,Single,7,1,18,6,9,29,365
C003486,44,Mobile Phone,2,34,Debit Card,Female,5,3,Others,3,Married,1,0,28,1,3,21,452
C003487,32,Mobile Phone,3,27,Credit Card,Female,4,6,Laptop & Accessory,4,Married,4,1,23,8,6,11,240
C003488,11,Computer,2,23,Debit Card,Male,4,3,Laptop & Accessory,4,Single,4,0,30,1,3,10,447
C003489,22,Mobile Phone,2,43,E wallet,Female,4,1,Laptop & Accessory,5,Married,6,0,9,4,8,4,376
C003490,22,Mobile Phone,2,45,Credit Card,Male,5,2,Mobile Phone,1,Married,6,0,5,7,6,15,290
C003491,43,Mobile Phone,3,40,Debit Card,Female,5,1,Grocery,5,Married,5,0,30,6,9,27,379
C003492,25,Mobile Phone,3,10,Cash on Delivery,Male,1,6,Others,1,Married,1,0,2,1,3,18,447
C003493,22,Mobile Phone,2,27,Debit Card,Female,2,4,Others,5,Single,5,0,29,8,15,5,484
C003494,28,Mobile Phone,3,14,E wallet,Female,5,1,Mobile Phone,5,Married,5,0,28,5,13,8,345
C003495,29,Mobile Phone,2,39,Debit Card,Male,5,6,Laptop & Accessory,3,Married,7,1,18,0,12,1,66
C003496,13,Computer,1,25,Credit Card,Male,2,3,Laptop & Accessory,3,Divorced,1,0,21,10,9,4,491
C003497,18,Mobile Phone,3,36,Debit Card,Male,5,1,Others,5,Single,1,0,6,10,8,10,303
C003498,2,Computer,2,34,Credit Card,Male,4,2,Fashion,1,Divorced,1,0,12,1,4,23,216
C003499,29,Mobile Phone,3,37,E wallet,Male,5,1,Others,5,Single,5,0,4,1,15,21,127
C003500,21,Mobile Phone,1,10,Debit Card,Female,1,2,Others,1,Single,4,1,19,5,1,20,179
C003501,15,Mobile Phone,1,9,Debit Card,Male,5,3,Mobile Phone,2,Single,7,0,16,9,15,15,94
C003502,52,Computer,3,19,E wallet,Male,2,2,Laptop & Accessory,4,Divorced,5,1,22,5,5,7,126
C003503,27,Mobile Phone,1,47,Debit Card,Male,4,2,Grocery,5,Single,2,0,19,5,14,1,239
C003504,50,Mobile Phone,3,29,Credit Card,Male,2,6,Others,2,Married,6,0,21,10,15,20,430
C003505,31,Computer,3,17,UPI,Male,5,2,Others,5,Single,3,0,3,0,10,0,428
C003506,15,Mobile Phone,3,10,UPI,Female,5,6,Grocery,3,Single,7,0,18,5,11,25,318
C003507,51,Computer,2,41,Credit Card,Male,1,2,Mobile Phone,4,Married,4,0,3,7,2,8,474
C003508,23,Mobile Phone,2,6,Debit Card,Female,4,4,Fashion,5,Married,2,0,27,3,5,7,489
C003509,24,Computer,3,21,Credit Card,Male,5,5,Mobile Phone,3,Single,7,0,22,7,15,19,454
C003510,44,Computer,3,28,E wallet,Male,1,6,Others,3,Married,4,0,10,2,1,29,332
C003511,13,Mobile Phone,2,16,Credit Card,Female,1,4,Mobile Phone,2,Married,2,0,28,10,10,16,335
C003512,22,Mobile Phone,3,48,UPI,Male,2,1,Grocery,3,Single,3,0,0,5,15,12,208
C003513,43,Mobile Phone,2,18,Cash on Delivery,Male,4,4,Mobile Phone,2,Divorced,3,0,2,8,3,12,73
C003514,37,Computer,3,11,E wallet,Female,3,4,Others,1,Married,4,1,15,0,14,17,288
C003515,33,Mobile Phone,1,30,Debit Card,Female,1,2,Grocery,1,Divorced,5,0,18,3,7,19,228
C003516,56,Mobile Phone,1,36,Credit Card,Male,3,1,Grocery,1,Single,2,0,6,1,12,6,397
C003517,3,Mobile Phone,2,33,E wallet,Female,2,1,Others,1,Single,7,0,15,10,12,30,379
C003518,54,Mobile Phone,1,50,UPI,Male,1,3,Others,5,Married,6,0,29,9,7,6,159
C003519,19,Mobile Phone,3,43,Debit Card,Male,4,2,Others,2,Married,3,0,14,7,4,8,398
C003520,23,Mobile Phone,1,13,Credit Card,Male,3,4,Fashion,1,Single,2,0,4,4,14,12,211
C003521,29,Mobile Phone,3,18,Credit Card,Female,4,3,Others,3,Single,1,1,16,4,3,4,68
C003522,30,Mobile Phone,1,21,Debit Card,Female,3,3,Mobile Phone,2,Married,5,1,11,3,15,26,322
C003523,39,Mobile Phone,2,29,Cash on Delivery,Male,2,6,Laptop & Accessory,5,Single,5,1,9,10,4,18,486
C003524,44,Mobile Phone,1,34,Cash on Delivery,Male,1,4,Fashion,1,Married,4,1,29,5,4,9,467
C003525,47,Computer,2,49,E wallet,Female,1,1,Fashion,2,Single,2,0,3,7,13,9,447
C003526,25,Computer,1,33,Credit Card,Male,2,2,Laptop & Accessory,4,Married,2,0,5,9,15,14,461
C003527,37,Mobile Phone,1,33,E wallet,Female,5,2,Mobile Phone,1,Married,3,0,4,2,14,18,60
C003528,47,Mobile Phone,2,22,Debit Card,Female,3,4,Fashion,2,Single,1,0,8,4,8,28,167
C003529,8,Mobile Phone,1,35,E wallet,Female,3,2,Fashion,1,Married,6,0,10,9,2,19,471
C003530,42,Mobile Phone,1,23,Credit Card,Female,5,5,Others,4,Single,6,1,6,8,5,27,354
C003531,58,Mobile Phone,3,21,Cash on Delivery,Female,2,3,Grocery,3,Married,1,0,8,5,5,13,359
C003532,16,Mobile Phone,1,10,Cash on Delivery,Male,4,3,Fashion,3,Single,2,1,29,3,11,17,440
C003533,8,Mobile Phone,2,16,Debit Card,Female,4,5,Mobile Phone,4,Single,3,1,28,8,5,17,195
C003534,1,Computer,1,42,UPI,Female,2,2,Grocery,2,Married,5,0,24,2,8,13,466
C003535,44,Mobile Phone,1,7,E wallet,Female,4,1,Laptop & Accessory,5,Married,4,1,21,10,9,14,495
C003536,5,Mobile Phone,2,39,Debit Card,Male,2,6,Fashion,1,Single,5,0,4,0,1,18,60
C003537,3,Mobile Phone,1,37,Cash on Delivery,Female,3,5,Mobile Phone,5,Single,1,0,24,8,15,15,226
C003538,1,Computer,3,33,Credit Card,Female,3,5,Laptop & Accessory,1,Married,1,0,29,3,6,2,283
C003539,4,Mobile Phone,3,7,Credit Card,Female,5,3,Others,5,Single,2,0,0,2,14,3,363
C003540,40,Mobile Phone,1,9,UPI,Male,2,1,Others,1,Single,1,0,14,4,8,0,104
C003541,35,Mobile Phone,3,18,UPI,Male,4,1,Grocery,3,Married,3,0,16,1,1,6,451
C003542,32,Mobile Phone,1,40,Cash on Delivery,Male,2,2,Laptop & Accessory,1,Divorced,5,1,21,3,4,4,411
C003543,42,Mobile Phone,1,32,UPI,Female,1,1,Grocery,1,Married,2,0,9,10,13,16,99
C003544,34,Mobile Phone,1,45,UPI,Female,5,2,Laptop & Accessory,4,Single,3,0,15,0,14,20,236
C003545,43,Mobile Phone,2,36,Credit Card,Male,1,4,Laptop & Accessory,4,Divorced,3,1,23,1,13,19,64
C003546,25,Mobile Phone,2,22,E wallet,Male,5,5,Others,1,Single,7,0,2,7,12,23,404
C003547,10,Mobile Phone,1,46,Credit Card,Female,5,6,Grocery,1,Married,4,1,13,7,8,6,437
C003548,21,Computer,3,44,Credit Card,Male,5,6,Others,2,Single,7,0,9,8,8,24,471
C003549,46,Mobile Phone,2,17,Cash on Delivery,Male,1,5,Laptop & Accessory,3,Married,1,1,7,2,14,1,170
C003550,39,Computer,1,6,Cash on Delivery,Male,5,2,Others,1,Single,1,0,16,2,5,9,241
C003551,27,Mobile Phone,2,29,E wallet,Female,2,2,Grocery,1,Single,3,0,23,6,4,27,276
C003552,27,Mobile Phone,3,24,Debit Card,Male,2,2,Grocery,3,Married,6,0,10,2,15,23,223
C003553,2,Mobile Phone,1,11,UPI,Male,1,5,Mobile Phone,2,Married,2,0,27,7,15,23,152
C003554,41,Mobile Phone,1,15,UPI,Male,3,2,Others,4,Single,7,1,16,1,11,27,413
C003555,48,Computer,2,9,Credit Card,Female,3,5,Mobile Phone,4,Single,6,1,0,4,10,16,432
C003556,13,Tablet,2,33,Credit Card,Female,1,6,Laptop & Accessory,3,Single,3,0,18,3,7,9,431
C003557,9,Mobile Phone,2,22,E wallet,Male,5,5,Others,1,Married,3,0,11,3,3,9,348
C003558,52,Mobile Phone,1,12,UPI,Male,5,6,Fashion,4,Divorced,1,1,29,1,15,21,112
C003559,36,Mobile Phone,2,31,Credit Card,Male,5,3,Mobile Phone,1,Single,5,0,22,10,12,8,269
C003560,22,Mobile Phone,2,46,Credit Card,Male,1,6,Grocery,5,Single,7,1,5,0,1,14,471
C003561,42,Mobile Phone,2,6,Cash on Delivery,Male,5,3,Mobile Phone,1,Single,1,0,5,4,9,13,265
C003562,26,Mobile Phone,1,39,Debit Card,Female,2,4,Others,4,Single,4,1,16,2,9,15,183
C003563,58,Computer,2,30,E wallet,Male,5,4,Mobile Phone,1,Single,4,0,16,2,13,25,79
C003564,54,Mobile Phone,1,27,Debit Card,Male,1,6,Grocery,1,Married,2,1,12,3,5,8,403
C003565,12,Computer,2,9,Debit Card,Female,5,1,Mobile Phone,2,Single,5,0,9,4,9,30,426
C003566,17,Computer,3,20,E wallet,Female,2,2,Mobile Phone,2,Single,3,0,18,7,9,0,246
C003567,14,Computer,2,46,UPI,Male,1,6,Fashion,1,Married,7,0,30,4,11,19,316
C003568,14,Mobile Phone,1,15,Credit Card,Female,3,6,Laptop & Accessory,3,Married,7,0,17,7,15,6,378
C003569,57,Mobile Phone,2,23,E wallet,Female,1,5,Grocery,3,Married,6,0,0,1,4,30,446
C003570,34,Mobile Phone,3,20,Credit Card,Male,4,1,Laptop & Accessory,3,Married,5,1,1,10,5,26,433
C003571,53,Mobile Phone,3,36,Cash on Delivery,Male,3,3,Fashion,3,Divorced,1,1,30,3,8,3,237
C003572,57,Mobile Phone,2,16,Debit Card,Female,3,5,Others,4,Single,1,0,11,7,2,23,194
C003573,20,Tablet,1,6,Cash on Delivery,Male,1,6,Others,3,Single,3,0,24,1,12,24,415
C003574,11,Computer,2,47,Debit Card,Male,4,1,Fashion,4,Single,6,0,22,9,9,8,412
C003575,16,Computer,2,26,UPI,Female,3,6,Others,3,Single,3,0,10,0,15,29,232
C003576,51,Computer,3,30,E wallet,Male,5,3,Others,1,Married,4,0,4,6,11,1,425
C003577,31,Mobile Phone,2,37,UPI,Female,4,4,Mobile Phone,3,Single,1,0,8,0,2,14,185
C003578,55,Mobile Phone,2,28,Debit Card,Female,4,2,Mobile Phone,1,Married,6,0,15,10,7,17,164
C003579,6,Mobile Phone,2,9,Cash on Delivery,Female,1,2,Mobile Phone,1,Married,1,0,10,7,4,6,268
C003580,56,Mobile Phone,1,25,Debit Card,Female,1,1,Fashion,2,Married,7,1,3,6,2,19,179
C003581,19,Computer,3,50,UPI,Female,1,3,Others,5,Married,4,0,28,9,7,23,452
C003582,37,Mobile Phone,2,22,UPI,Male,4,1,Laptop & Accessory,5,Single,7,1,8,3,6,11,280
C003583,58,Mobile Phone,3,43,Cash on Delivery,Female,2,3,Grocery,1,Married,2,0,29,9,15,23,272
C003584,4,Mobile Phone,2,9,Cash on Delivery,Male,1,3,Others,5,Married,6,0,17,3,1,26,356
C003585,47,Mobile Phone,1,12,UPI,Male,2,2,Fashion,5,Married,2,0,17,7,4,28,364
C003586,4,Mobile Phone,2,25,Debit Card,Female,3,4,Mobile Phone,3,Single,4,0,24,9,14,26,71
C003587,20,Computer,1,9,Debit Card,Male,5,4,Grocery,5,Single,1,0,5,10,7,8,188
C003588,10,Mobile Phone,1,17,E wallet,Female,5,5,Grocery,5,Single,1,0,26,3,13,15,65
C003589,24,Mobile Phone,1,23,UPI,Female,2,3,Grocery,5,Single,6,0,5,10,7,30,403
C003590,54,Mobile Phone,2,33,E wallet,Male,4,2,Laptop & Accessory,2,Single,7,1,3,10,3,27,295
C003591,35,Mobile Phone,2,6,UPI,Female,5,3,Mobile Phone,5,Single,7,1,26,8,5,11,167
C003592,26,Mobile Phone,1,41,E wallet,Male,2,6,Mobile Phone,3,Divorced,2,0,10,3,10,10,212
C003593,37,Tablet,2,30,Credit Card,Male,1,5,Mobile Phone,4,Single,3,1,25,10,12,2,405
C003594,38,Mobile Phone,2,33,Debit Card,Male,2,6,Mobile Phone,2,Married,3,0,5,5,4,17,395
C003595,21,Mobile Phone,3,9,Debit Card,Female,3,2,Others,3,Married,4,0,8,6,5,15,253
C003596,54,Mobile Phone,2,36,Credit Card,Male,2,3,Grocery,1,Married,3,0,12,10,1,22,422
C003597,40,Mobile Phone,2,42,Cash on Delivery,Female,1,4,Grocery,3,Single,2,0,17,6,8,13,185
C003598,39,Mobile Phone,1,6,Credit Card,Male,2,4,Grocery,4,Married,5,0,14,4,11,18,394
C003599,21,Mobile Phone,3,9,Debit Card,Male,1,5,Fashion,2,Married,4,0,17,6,12,0,392
C003600,10,Mobile Phone,2,37,UPI,Female,1,6,Mobile Phone,4,Divorced,1,0,0,7,10,9,54
C003601,38,Computer,3,39,E wallet,Male,3,4,Others,1,Single,5,0,28,10,8,29,446
C003602,46,Mobile Phone,1,23,Debit Card,Male,3,3,Others,1,Married,2,1,23,9,15,22,193
C003603,4,Mobile Phone,2,19,Credit Card,Male,5,5,Fashion,1,Married,7,1,22,9,8,25,120
C003604,60,Mobile Phone,2,39,UPI,Female,1,6,Fashion,3,Single,1,0,4,3,9,9,234
C003605,57,Mobile Phone,1,12,Debit Card,Female,1,1,Grocery,3,Married,3,0,21,10,15,10,216
C003606,45,Computer,2,5,Credit Card,Male,1,5,Grocery,5,Single,4,0,26,3,4,4,145
C003607,20,Computer,3,42,Debit Card,Male,5,4,Grocery,1,Single,3,0,17,1,15,20,160
C003608,17,Mobile Phone,2,26,Credit Card,Female,4,2,Grocery,4,Divorced,4,0,15,1,3,27,280
C003609,55,Computer,3,21,Credit Card,Female,3,5,Grocery,1,Single,2,1,23,10,4,21,210
C003610,7,Computer,1,20,Debit Card,Female,3,3,Mobile Phone,2,Married,6,0,14,9,5,3,271
C003611,4,Computer,2,49,UPI,Male,1,6,Others,3,Single,6,0,15,7,5,7,168
C003612,29,Mobile Phone,2,5,Debit Card,Male,5,5,Mobile Phone,1,Single,2,0,26,8,15,7,129
C003613,14,Mobile Phone,2,7,Debit Card,Female,1,4,Others,5,Divorced,1,1,5,10,14,19,471
C003614,3,Mobile Phone,3,10,UPI,Female,3,5,Laptop & Accessory,1,Single,7,1,20,9,10,29,266
C003615,24,Computer,1,7,Debit Card,Male,5,3,Laptop & Accessory,5,Single,4,1,24,8,5,0,414
C003616,37,Mobile Phone,3,34,E wallet,Male,2,3,Laptop & Accessory,3,Single,5,0,26,2,5,12,367
C003617,16,Mobile Phone,2,15,E wallet,Female,3,4,Others,3,Married,3,0,30,0,13,7,401
C003618,58,Mobile Phone,1,31,E wallet,Female,2,3,Fashion,5,Single,4,0,15,9,14,21,266
C003619,55,Mobile Phone,3,26,Credit Card,Male,4,4,Mobile Phone,2,Married,5,0,0,1,10,19,469
C003620,52,Mobile Phone,2,10,Cash on Delivery,Female,2,5,Fashion,3,Married,3,0,10,7,2,10,405
C003621,4,Computer,3,42,Debit Card,Male,5,5,Others,5,Single,2,1,0,2,1,2,217
C003622,56,Mobile Phone,1,45,Cash on Delivery,Male,2,1,Grocery,3,Married,2,1,0,1,4,0,110
C003623,24,Computer,3,50,E wallet,Male,4,4,Fashion,1,Married,7,0,9,3,10,30,240
C003624,34,Mobile Phone,2,35,UPI,Female,3,2,Others,4,Married,1,0,5,4,1,4,116
C003625,30,Mobile Phone,1,47,E wallet,Male,4,4,Laptop & Accessory,2,Married,7,0,8,1,7,17,414
C003626,18,Mobile Phone,2,10,Debit Card,Female,5,5,Grocery,4,Divorced,2,0,12,2,11,9,277
C003627,19,Mobile Phone,1,24,Cash on Delivery,Female,2,6,Laptop & Accessory,2,Single,2,0,23,5,12,4,299
C003628,31,Mobile Phone,2,45,Cash on Delivery,Male,2,5,Fashion,1,Single,2,1,5,0,11,17,95
C003629,60,Mobile Phone,1,15,Credit Card,Female,5,3,Fashion,5,Married,4,1,8,1,11,28,250
C003630,60,Mobile Phone,1,6,UPI,Male,1,1,Mobile Phone,5,Single,1,0,0,6,2,26,131
C003631,19,Computer,1,35,E wallet,Female,5,2,Mobile Phone,5,Divorced,4,0,14,1,2,23,225
C003632,49,Mobile Phone,2,42,UPI,Male,5,1,Others,1,Single,7,0,5,4,9,8,382
C003633,46,Mobile Phone,2,30,Debit Card,Male,4,4,Fashion,4,Single,5,1,3,3,2,2,168
C003634,19,Mobile Phone,2,31,Credit Card,Male,4,6,Laptop & Accessory,3,Single,6,0,7,0,9,19,61
C003635,22,Mobile Phone,1,50,E wallet,Male,5,4,Mobile Phone,5,Married,2,0,17,4,2,11,436
C003636,24,Mobile Phone,2,50,Debit Card,Male,3,5,Laptop & Accessory,3,Married,5,0,25,3,3,13,65
C003637,45,Mobile Phone,2,35,UPI,Female,2,3,Others,4,Married,7,0,6,7,14,30,209
C003638,12,Mobile Phone,1,28,Credit Card,Female,5,2,Laptop & Accessory,3,Single,5,0,9,1,12,0,325
C003639,30,Mobile Phone,3,17,E wallet,Male,1,6,Laptop & Accessory,3,Married,4,0,17,4,12,0,148
C003640,58,Mobile Phone,2,29,UPI,Female,2,3,Grocery,3,Married,2,1,25,10,10,0,261
C003641,38,Computer,2,41,E wallet,Female,3,2,Others,1,Married,7,0,3,9,13,14,335
C003642,53,Mobile Phone,1,45,Credit Card,Male,5,6,Mobile Phone,4,Single,4,0,8,8,13,23,237
C003643,31,Mobile Phone,1,29,Credit Card,Male,3,1,Grocery,3,Married,3,0,10,8,3,26,385
C003644,36,Computer,3,33,UPI,Male,2,5,Fashion,5,Single,3,0,7,10,2,0,89
C003645,19,Mobile Phone,3,35,E wallet,Male,1,3,Fashion,5,Married,6,0,24,2,6,2,286
C003646,48,Mobile Phone,1,47,Cash on Delivery,Male,2,4,Mobile Phone,4,Single,2,0,17,9,6,29,278
C003647,45,Mobile Phone,1,43,Debit Card,Female,2,5,Others,1,Single,6,0,14,3,15,21,210
C003648,36,Mobile Phone,2,6,Credit Card,Female,5,2,Fashion,3,Divorced,6,1,4,9,3,11,75
C003649,30,Mobile Phone,2,16,E wallet,Female,2,6,Fashion,1,Married,5,0,3,0,4,1,480
C003650,55,Mobile Phone,3,9,UPI,Male,5,5,Fashion,4,Divorced,7,0,10,1,11,9,97
C003651,49,Computer,1,31,UPI,Female,5,4,Others,2,Married,4,0,7,5,7,26,111
C003652,55,Computer,2,38,Credit Card,Male,3,4,Fashion,5,Married,5,1,1,8,12,3,449
C003653,33,Mobile Phone,1,18,Credit Card,Male,1,2,Mobile Phone,3,Married,6,0,2,5,2,5,334
C003654,18,Mobile Phone,1,11,Cash on Delivery,Male,5,5,Mobile Phone,3,Single,6,1,19,0,11,28,464
C003655,52,Mobile Phone,1,41,UPI,Male,4,3,Mobile Phone,4,Single,3,0,29,4,3,7,268
C003656,49,Mobile Phone,3,40,E wallet,Female,3,5,Grocery,4,Married,4,1,6,3,5,28,367
C003657,59,Mobile Phone,2,14,Debit Card,Male,5,4,Mobile Phone,1,Married,4,0,17,5,13,13,239
C003658,28,Mobile Phone,3,33,Debit Card,Female,5,6,Laptop & Accessory,5,Married,4,0,11,3,3,29,139
C003659,59,Mobile Phone,1,20,Cash on Delivery,Male,3,2,Fashion,1,Single,7,0,23,7,3,12,301
C003660,47,Mobile Phone,1,42,E wallet,Female,2,1,Mobile Phone,4,Married,2,1,21,7,13,3,75
C003661,11,Tablet,1,25,Debit Card,Female,5,1,Others,5,Single,2,1,6,10,9,14,165
C003662,57,Mobile Phone,1,42,Debit Card,Male,1,6,Others,4,Married,7,0,3,6,12,19,67
C003663,60,Computer,3,45,E wallet,Female,5,5,Others,1,Married,2,0,0,9,10,0,222
C003664,54,Computer,1,37,E wallet,Female,3,4,Grocery,1,Single,4,0,29,1,13,12,286
C003665,45,Mobile Phone,1,33,Credit Card,Male,4,5,Others,1,Married,5,0,15,7,10,29,438
C003666,33,Computer,1,21,Debit Card,Female,3,2,Grocery,2,Single,1,1,1,1,3,25,304
C003667,17,Mobile Phone,1,17,Debit Card,Female,3,3,Fashion,1,Married,7,1,25,0,10,25,54
C003668,6,Mobile Phone,3,10,Cash on Delivery,Female,1,1,Laptop & Accessory,3,Married,5,0,28,8,11,28,440
C003669,4,Mobile Phone,2,6,Credit Card,Male,2,5,Others,1,Single,6,0,5,4,3,21,58
C003670,20,Mobile Phone,2,12,Credit Card,Male,1,4,Others,4,Divorced,3,0,0,5,3,26,294
C003671,48,Mobile Phone,2,36,Debit Card,Female,1,6,Grocery,1,Divorced,6,0,25,0,9,17,270
C003672,47,Mobile Phone,1,40,UPI,Female,5,1,Grocery,4,Married,6,0,6,0,5,3,496
C003673,27,Mobile Phone,1,13,UPI,Female,4,1,Laptop & Accessory,4,Married,3,1,30,7,12,13,490
C003674,15,Mobile Phone,3,27,E wallet,Female,3,3,Mobile Phone,5,Single,2,0,29,9,10,13,364
C003675,6,Mobile Phone,2,11,Credit Card,Male,1,5,Grocery,2,Single,1,0,7,10,4,4,85
C003676,47,Mobile Phone,1,35,Debit Card,Female,1,3,Laptop & Accessory,4,Married,2,0,7,9,7,1,276
C003677,14,Mobile Phone,1,25,Debit Card,Female,2,4,Fashion,4,Single,5,0,1,4,14,13,147
C003678,60,Mobile Phone,1,5,Debit Card,Female,2,4,Others,3,Single,2,0,10,1,13,15,429
C003679,11,Mobile Phone,1,50,Cash on Delivery,Male,4,5,Others,1,Married,3,0,12,6,5,15,413
C003680,39,Mobile Phone,1,6,UPI,Female,3,1,Laptop & Accessory,2,Single,6,1,19,0,6,6,240
C003681,9,Computer,1,44,Cash on Delivery,Female,1,2,Laptop & Accessory,2,Single,7,0,28,10,7,8,62
C003682,26,Mobile Phone,2,15,Debit Card,Male,5,3,Others,5,Single,3,1,29,3,2,8,324
C003683,16,Mobile Phone,1,41,Debit Card,Female,2,1,Grocery,4,Married,2,0,8,0,1,6,187
C003684,5,Mobile Phone,1,22,Credit Card,Female,1,6,Mobile Phone,4,Married,5,0,28,7,12,21,252
C003685,57,Computer,3,48,Credit Card,Female,5,4,Fashion,3,Single,6,0,5,4,9,11,463
C003686,52,Mobile Phone,2,28,UPI,Male,1,4,Mobile Phone,2,Married,4,0,29,1,3,2,85
C003687,10,Mobile Phone,3,23,E wallet,Male,4,1,Mobile Phone,1,Single,5,1,28,3,15,15,309
C003688,50,Mobile Phone,1,9,Debit Card,Female,4,1,Mobile Phone,5,Single,2,1,22,1,3,8,406
C003689,3,Mobile Phone,2,33,Credit Card,Female,5,6,Others,5,Single,5,0,20,7,11,23,463
C003690,13,Mobile Phone,1,43,UPI,Male,2,4,Mobile Phone,5,Single,3,0,15,5,5,13,238
C003691,43,Mobile Phone,2,6,Cash on Delivery,Male,4,3,Grocery,5,Single,1,0,26,8,9,29,209
C003692,49,Tablet,1,21,Debit Card,Female,2,3,Grocery,2,Married,3,0,24,10,15,21,123
C003693,30,Mobile Phone,1,49,E wallet,Female,5,1,Grocery,4,Divorced,3,0,3,5,5,10,284
C003694,54,Mobile Phone,3,15,UPI,Female,5,5,Laptop & Accessory,2,Married,4,1,22,1,9,2,350
C003695,45,Computer,2,41,E wallet,Male,1,4,Fashion,1,Single,2,0,23,2,7,0,336
C003696,6,Mobile Phone,3,17,Debit Card,Male,5,2,Grocery,5,Married,4,0,21,1,8,25,233
C003697,17,Computer,1,33,UPI,Male,1,4,Mobile Phone,2,Married,4,1,0,2,10,5,284
C003698,59,Mobile Phone,1,36,Credit Card,Male,2,3,Laptop & Accessory,1,Single,7,0,21,2,6,18,282
C003699,45,Computer,2,49,E wallet,Male,1,3,Others,3,Single,7,0,6,8,13,17,347
C003700,51,Mobile Phone,2,44,Cash on Delivery,Female,2,2,Grocery,5,Single,2,0,15,7,7,4,136
C003701,53,Computer,2,47,Cash on Delivery,Female,4,3,Mobile Phone,4,Single,5,1,3,4,11,20,425
C003702,19,Computer,3,12,E wallet,Female,2,2,Mobile Phone,4,Married,6,1,13,6,7,2,124
C003703,42,Mobile Phone,1,14,Debit Card,Male,3,3,Others,4,Single,1,1,13,3,11,7,62
C003704,35,Mobile Phone,2,29,Debit Card,Female,1,6,Laptop & Accessory,1,Single,4,0,26,7,5,24,102
C003705,46,Mobile Phone,1,15,Debit Card,Male,4,2,Mobile Phone,2,Married,4,0,14,4,6,19,161
C003706,26,Tablet,1,32,Cash on Delivery,Male,2,5,Fashion,5,Married,5,0,16,10,4,8,231
C003707,51,Mobile Phone,2,37,Cash on Delivery,Female,5,4,Grocery,5,Single,2,1,30,9,7,17,348
C003708,5,Mobile Phone,2,43,Credit Card,Female,1,3,Laptop & Accessory,5,Married,3,0,6,9,2,25,329
C003709,29,Mobile Phone,1,30,Debit Card,Female,2,1,Grocery,5,Single,5,0,30,2,11,19,413
C003710,37,Mobile Phone,1,12,Cash on Delivery,Female,4,2,Grocery,3,Single,3,1,2,0,7,2,456
C003711,20,Mobile Phone,2,42,Cash on Delivery,Female,5,2,Others,5,Single,1,1,21,2,10,6,274
C003712,49,Tablet,2,30,Debit Card,Male,1,2,Fashion,3,Single,6,0,21,2,6,20,196
C003713,21,Mobile Phone,1,36,Debit Card,Male,4,3,Fashion,2,Married,4,0,2,4,12,18,472
C003714,10,Computer,1,50,Cash on Delivery,Male,5,4,Others,4,Single,1,1,17,4,13,7,454
C003715,5,Mobile Phone,1,32,E wallet,Female,3,1,Grocery,3,Married,3,0,20,6,7,19,480
C003716,36,Mobile Phone,3,11,Cash on Delivery,Female,5,2,Fashion,4,Married,3,0,27,2,10,2,187
C003717,6,Mobile Phone,3,39,Credit Card,Female,1,2,Grocery,4,Married,3,0,25,7,1,6,108
C003718,26,Mobile Phone,2,6,UPI,Female,3,2,Laptop & Accessory,1,Divorced,4,0,2,1,15,8,398
C003719,4,Tablet,3,26,Debit Card,Male,2,6,Others,3,Single,2,0,18,10,1,24,346
C003720,39,Computer,2,26,Credit Card,Female,3,2,Others,5,Single,2,0,23,9,12,19,496
C003721,39,Mobile Phone,1,7,E wallet,Female,3,1,Fashion,1,Married,7,1,25,8,15,8,175
C003722,50,Mobile Phone,1,50,UPI,Female,3,2,Laptop & Accessory,5,Single,6,0,3,1,14,8,340
C003723,35,Mobile Phone,3,49,Cash on Delivery,Female,5,6,Grocery,4,Single,6,0,20,5,1,14,193
C003724,1,Computer,2,12,Debit Card,Female,3,1,Fashion,1,Single,4,0,15,7,3,29,404
C003725,24,Computer,3,8,Cash on Delivery,Male,3,1,Grocery,5,Married,2,0,23,1,1,15,339
C003726,57,Computer,3,19,Credit Card,Female,2,2,Laptop & Accessory,5,Married,2,0,16,0,11,20,467
C003727,36,Mobile Phone,2,48,Debit Card,Female,3,5,Mobile Phone,2,Married,6,0,6,5,3,3,278
C003728,6,Mobile Phone,1,50,Cash on Delivery,Female,5,1,Fashion,1,Single,4,0,4,4,11,22,93
C003729,41,Mobile Phone,1,43,Debit Card,Male,4,5,Fashion,1,Single,2,0,30,9,3,17,298
C003730,54,Mobile Phone,1,16,Credit Card,Female,4,1,Others,4,Single,6,0,14,3,1,18,127
C003731,46,Mobile Phone,1,33,Cash on Delivery,Male,5,6,Mobile Phone,4,Married,6,0,28,7,8,29,183
C003732,60,Mobile Phone,2,13,UPI,Male,5,3,Fashion,1,Married,2,0,14,9,12,14,326
C003733,44,Mobile Phone,1,46,E wallet,Female,3,2,Grocery,2,Married,5,0,1,9,3,17,131
C003734,60,Computer,1,44,Cash on Delivery,Female,5,3,Laptop & Accessory,2,Divorced,7,0,17,5,12,9,174
C003735,57,Computer,2,24,Debit Card,Female,3,1,Mobile Phone,4,Single,6,0,23,4,4,30,168
C003736,31,Mobile Phone,1,38,Cash on Delivery,Female,1,3,Others,3,Married,1,0,9,10,13,12,305
C003737,20,Mobile Phone,2,30,Debit Card,Male,2,2,Others,5,Married,1,0,19,4,12,4,376
C003738,24,Mobile Phone,2,25,Credit Card,Male,2,2,Grocery,4,Single,1,0,13,9,14,24,361
C003739,25,Computer,2,27,E wallet,Male,2,1,Laptop & Accessory,2,Married,5,0,1,6,10,25,407
C003740,36,Computer,3,22,Debit Card,Male,1,1,Others,1,Married,1,0,9,7,3,19,202
C003741,21,Computer,1,28,Cash on Delivery,Female,2,5,Others,2,Divorced,3,1,25,1,12,26,165
C003742,30,Computer,1,46,Credit Card,Female,3,4,Laptop & Accessory,1,Single,1,0,26,7,5,16,144
C003743,24,Mobile Phone,3,33,UPI,Male,4,3,Mobile Phone,4,Single,7,0,7,3,15,11,357
C003744,44,Mobile Phone,2,42,Cash on Delivery,Male,2,5,Fashion,5,Single,4,1,11,6,13,16,100
C003745,42,Mobile Phone,3,42,E wallet,Male,2,3,Fashion,5,Single,1,0,14,0,7,22,491
C003746,30,Mobile Phone,1,17,Credit Card,Male,3,2,Laptop & Accessory,4,Married,7,0,21,4,15,3,495
C003747,22,Computer,3,36,Cash on Delivery,Female,3,1,Laptop & Accessory,5,Single,3,0,8,0,15,16,296
C003748,28,Mobile Phone,3,23,Debit Card,Male,2,3,Laptop & Accessory,5,Married,1,0,20,5,10,2,137
C003749,7,Mobile Phone,2,21,Debit Card,Male,5,4,Grocery,3,Married,2,1,16,7,5,3,273
C003750,35,Mobile Phone,1,6,Debit Card,Male,1,2,Grocery,3,Single,3,0,27,4,3,16,272
C003751,55,Tablet,3,22,Cash on Delivery,Male,4,6,Laptop & Accessory,3,Divorced,4,0,2,3,5,10,481
C003752,28,Mobile Phone,3,43,E wallet,Female,4,2,Grocery,1,Divorced,2,0,4,8,10,14,305
C003753,14,Mobile Phone,3,31,Debit Card,Male,1,5,Fashion,3,Married,2,0,9,2,3,22,206
C003754,56,Mobile Phone,1,18,Cash on Delivery,Male,2,4,Laptop & Accessory,4,Divorced,5,0,27,4,9,13,229
C003755,10,Mobile Phone,3,19,Cash on Delivery,Male,2,2,Fashion,3,Single,2,0,4,3,3,26,275
C003756,16,Mobile Phone,1,12,E wallet,Male,2,4,Fashion,4,Single,7,1,22,4,4,10,166
C003757,16,Computer,1,13,Credit Card,Male,2,1,Grocery,3,Single,1,0,4,5,9,15,373
C003758,54,Mobile Phone,2,25,Credit Card,Female,2,6,Others,5,Divorced,2,0,8,2,15,24,477
C003759,31,Computer,1,47,Cash on Delivery,Male,4,4,Others,3,Married,2,0,29,1,14,3,92
C003760,42,Mobile Phone,2,39,Credit Card,Male,2,5,Mobile Phone,4,Divorced,5,0,23,7,12,4,291
C003761,25,Mobile Phone,2,18,UPI,Male,3,5,Mobile Phone,4,Single,1,1,4,4,4,12,474
C003762,13,Computer,1,31,E wallet,Male,5,3,Others,4,Single,1,0,21,0,12,23,333
C003763,6,Mobile Phone,2,12,Cash on Delivery,Female,2,6,Laptop & Accessory,3,Married,2,0,22,3,10,11,454
C003764,44,Mobile Phone,3,39,Credit Card,Female,3,1,Others,1,Single,4,0,28,4,2,18,51
C003765,9,Computer,1,22,Credit Card,Female,4,1,Grocery,4,Married,4,0,30,10,11,0,416
C003766,45,Mobile Phone,2,18,E wallet,Male,3,4,Others,1,Single,1,0,30,5,10,17,359
C003767,36,Computer,1,12,Debit Card,Female,1,5,Laptop & Accessory,3,Married,4,1,22,4,6,23,263
C003768,56,Mobile Phone,2,12,Credit Card,Male,1,5,Laptop & Accessory,1,Married,1,0,13,4,5,1,193
C003769,43,Mobile Phone,1,41,E wallet,Female,3,5,Mobile Phone,1,Married,1,0,8,8,5,10,87
C003770,20,Mobile Phone,1,48,Debit Card,Female,2,1,Mobile Phone,4,Married,3,0,18,9,14,11,93
C003771,18,Computer,1,6,Cash on Delivery,Female,2,5,Laptop & Accessory,3,Single,7,1,26,8,12,23,311
C003772,58,Mobile Phone,3,21,Debit Card,Female,2,3,Fashion,4,Divorced,1,0,20,10,6,24,431
C003773,43,Computer,2,17,Credit Card,Male,3,2,Mobile Phone,5,Single,3,0,22,5,11,27,386
C003774,57,Computer,2,18,Cash on Delivery,Female,1,5,Grocery,2,Single,2,0,5,3,14,10,322
C003775,21,Mobile Phone,1,45,Cash on Delivery,Female,1,3,Fashion,1,Married,5,0,3,10,6,30,229
C003776,4,Mobile Phone,2,45,Debit Card,Male,4,3,Grocery,3,Married,6,0,3,8,13,0,140
C003777,50,Mobile Phone,1,13,Cash on Delivery,Female,1,2,Grocery,1,Divorced,1,1,14,7,9,5,183
C003778,33,Mobile Phone,1,31,Debit Card,Female,1,1,Laptop & Accessory,3,Married,2,0,4,6,10,4,53
C003779,27,Mobile Phone,2,24,Debit Card,Female,5,5,Fashion,4,Single,7,1,12,4,12,19,373
C003780,7,Mobile Phone,1,42,Debit Card,Male,1,6,Mobile Phone,2,Single,1,0,12,1,2,27,264
C003781,6,Tablet,1,16,E wallet,Male,3,3,Laptop & Accessory,2,Single,1,0,18,1,3,2,430
C003782,15,Computer,2,46,Credit Card,Female,2,3,Others,2,Single,7,0,4,0,4,11,486
C003783,18,Computer,3,26,Cash on Delivery,Female,3,2,Mobile Phone,2,Married,6,1,30,1,4,7,356
C003784,32,Computer,1,41,UPI,Male,2,6,Others,1,Married,5,0,13,10,2,2,393
C003785,56,Mobile Phone,1,43,Credit Card,Male,2,3,Laptop & Accessory,3,Married,3,0,27,4,12,5,374
C003786,11,Mobile Phone,1,35,UPI,Female,4,5,Grocery,5,Divorced,7,0,14,6,4,13,213
C003787,20,Computer,3,17,Debit Card,Male,1,1,Grocery,3,Single,7,1,17,5,9,13,436
C003788,24,Mobile Phone,3,5,Cash on Delivery,Female,4,3,Fashion,1,Married,7,1,7,9,8,22,361
C003789,15,Tablet,2,42,Credit Card,Male,2,1,Mobile Phone,4,Married,6,1,16,0,12,12,286
C003790,48,Mobile Phone,3,44,UPI,Male,5,3,Others,5,Married,1,1,17,8,10,7,445
C003791,7,Mobile Phone,2,13,UPI,Female,5,3,Others,5,Single,1,0,27,8,7,10,456
C003792,21,Computer,3,43,UPI,Female,4,5,Fashion,5,Single,7,0,30,4,5,26,108
C003793,42,Tablet,1,14,Credit Card,Female,4,1,Mobile Phone,1,Married,3,1,7,4,15,16,169
C003794,26,Mobile Phone,1,33,E wallet,Male,1,6,Grocery,2,Married,4,1,27,3,14,6,494
C003795,44,Computer,2,44,Debit Card,Female,4,4,Laptop & Accessory,2,Married,7,0,29,10,12,13,449
C003796,56,Mobile Phone,1,34,Cash on Delivery,Female,4,5,Fashion,2,Married,5,0,13,10,3,7,227
C003797,14,Mobile Phone,2,6,UPI,Male,3,1,Laptop & Accessory,3,Single,5,0,4,4,12,21,341
C003798,57,Computer,1,22,Credit Card,Male,4,1,Laptop & Accessory,2,Single,1,0,17,8,12,11,249
C003799,37,Mobile Phone,2,32,UPI,Female,4,1,Fashion,5,Single,7,0,6,9,4,7,371
C003800,58,Mobile Phone,1,36,Credit Card,Male,3,4,Others,2,Married,6,1,17,5,1,2,240
C003801,21,Mobile Phone,1,28,E wallet,Female,2,5,Mobile Phone,5,Single,5,0,18,10,11,2,142
C003802,18,Mobile Phone,3,42,UPI,Male,2,4,Others,5,Married,6,0,18,1,6,8,265
C003803,5,Mobile Phone,3,18,UPI,Male,3,3,Grocery,3,Single,4,0,15,1,2,24,491
C003804,3,Mobile Phone,3,29,Cash on Delivery,Male,1,2,Mobile Phone,2,Single,1,1,29,5,6,13,426
C003805,23,Mobile Phone,2,29,Credit Card,Male,4,4,Fashion,4,Married,3,0,14,2,15,27,485
C003806,26,Tablet,2,36,Credit Card,Female,1,3,Fashion,2,Single,3,0,23,8,4,16,83
C003807,37,Mobile Phone,2,31,E wallet,Male,5,4,Fashion,4,Single,1,0,10,2,6,11,92
C003808,24,Computer,1,36,UPI,Female,1,1,Laptop & Accessory,3,Married,3,0,1,5,10,21,432
C003809,49,Mobile Phone,1,35,Cash on Delivery,Male,4,2,Fashion,1,Married,3,0,28,2,8,11,149
C003810,19,Mobile Phone,1,28,Debit Card,Female,2,2,Grocery,3,Single,1,0,6,7,9,17,173
C003811,51,Mobile Phone,3,39,Cash on Delivery,Female,4,6,Grocery,3,Married,2,0,24,7,4,9,56
C003812,25,Mobile Phone,1,34,Cash on Delivery,Male,4,3,Fashion,4,Single,6,0,25,4,1,2,383
C003813,21,Mobile Phone,3,37,Cash on Delivery,Female,4,6,Mobile Phone,3,Married,7,0,20,2,9,27,456
C003814,12,Mobile Phone,2,37,Cash on Delivery,Female,1,4,Grocery,5,Single,7,0,0,1,15,30,412
C003815,57,Mobile Phone,2,50,UPI,Female,2,4,Mobile Phone,3,Married,6,0,4,5,14,11,423
C003816,41,Mobile Phone,1,31,Cash on Delivery,Female,2,4,Mobile Phone,3,Married,5,0,14,0,14,1,365
C003817,33,Mobile Phone,1,37,Credit Card,Female,1,3,Mobile Phone,4,Single,5,0,28,9,6,13,375
C003818,50,Mobile Phone,3,37,Credit Card,Female,1,4,Fashion,3,Married,2,0,18,0,13,8,242
C003819,53,Mobile Phone,1,8,Cash on Delivery,Male,1,2,Laptop & Accessory,3,Single,3,1,30,8,5,0,150
C003820,4,Computer,1,34,Credit Card,Female,5,2,Fashion,2,Single,5,0,6,4,5,8,157
C003821,42,Mobile Phone,1,48,UPI,Female,5,5,Grocery,5,Married,4,0,30,6,11,15,195
C003822,57,Mobile Phone,1,19,Debit Card,Female,4,4,Grocery,5,Single,6,0,25,4,1,11,277
C003823,7,Mobile Phone,1,33,Cash on Delivery,Male,5,4,Grocery,5,Married,2,0,16,7,10,9,241
C003824,22,Computer,2,32,Credit Card,Male,1,6,Grocery,3,Married,3,0,6,8,5,13,427
C003825,55,Mobile Phone,2,36,Credit Card,Male,1,2,Laptop & Accessory,5,Divorced,4,0,23,4,7,22,140
C003826,33,Computer,2,40,UPI,Female,1,2,Mobile Phone,2,Married,6,0,18,8,3,22,77
C003827,17,Mobile Phone,1,34,UPI,Male,2,1,Fashion,1,Divorced,2,0,14,4,12,6,128
C003828,24,Tablet,3,46,Debit Card,Male,2,1,Grocery,1,Single,3,0,24,7,13,12,440
C003829,34,Computer,3,47,E wallet,Male,5,5,Mobile Phone,2,Married,1,1,23,7,4,25,178
C003830,28,Computer,1,42,E wallet,Female,3,2,Fashion,1,Single,6,0,29,7,12,18,467
C003831,58,Mobile Phone,1,46,E wallet,Male,3,5,Laptop & Accessory,1,Single,3,0,24,3,14,16,229
C003832,43,Mobile Phone,1,16,Debit Card,Male,1,4,Others,4,Married,7,0,27,4,12,24,245
C003833,41,Mobile Phone,3,7,Cash on Delivery,Female,2,4,Laptop & Accessory,3,Single,4,1,14,1,5,29,465
C003834,39,Mobile Phone,2,19,E wallet,Female,4,2,Others,4,Single,5,0,16,1,9,11,348
C003835,22,Computer,3,14,E wallet,Male,5,3,Grocery,4,Single,6,0,23,2,3,2,69
C003836,49,Mobile Phone,1,26,Credit Card,Female,2,5,Mobile Phone,2,Single,2,0,28,9,3,29,314
C003837,17,Mobile Phone,2,27,Credit Card,Male,1,3,Mobile Phone,1,Single,6,0,24,8,8,1,375
C003838,34,Mobile Phone,1,15,Cash on Delivery,Female,1,4,Fashion,2,Single,6,0,13,2,9,29,491
C003839,6,Mobile Phone,1,20,UPI,Male,3,6,Others,5,Single,6,0,2,1,5,11,421
C003840,46,Mobile Phone,2,50,Debit Card,Female,1,5,Others,4,Married,1,0,21,5,9,28,420
C003841,6,Computer,1,20,E wallet,Female,1,4,Fashion,1,Single,2,0,19,3,14,24,218
C003842,34,Mobile Phone,2,18,Debit Card,Female,4,1,Mobile Phone,3,Single,3,1,3,9,4,20,326
C003843,1,Mobile Phone,2,10,Credit Card,Male,5,2,Mobile Phone,4,Single,6,1,21,5,15,21,153
C003844,10,Mobile Phone,3,46,Debit Card,Male,4,1,Fashion,1,Single,1,0,4,5,14,8,370
C003845,21,Mobile Phone,1,21,Credit Card,Male,3,5,Others,5,Single,5,1,7,0,8,16,221
C003846,5,Mobile Phone,3,35,Debit Card,Female,2,1,Grocery,2,Married,2,1,6,1,8,23,213
C003847,2,Mobile Phone,3,46,Credit Card,Female,3,6,Fashion,1,Divorced,2,0,26,8,12,2,409
C003848,22,Computer,3,14,Debit Card,Male,1,5,Mobile Phone,1,Married,4,0,14,1,7,2,67
C003849,48,Computer,3,50,E wallet,Female,5,3,Grocery,4,Married,7,0,11,9,7,19,349
C003850,57,Computer,3,24,E wallet,Male,1,2,Grocery,1,Married,3,0,27,10,5,18,409
C003851,2,Mobile Phone,2,13,Cash on Delivery,Male,5,3,Others,5,Single,6,0,30,4,15,16,314
C003852,10,Tablet,1,19,Debit Card,Male,5,6,Fashion,3,Married,4,0,13,5,3,6,288
C003853,34,Computer,2,43,UPI,Female,5,4,Grocery,5,Married,1,0,11,10,1,1,314
C003854,16,Computer,2,6,Cash on Delivery,Male,2,2,Laptop & Accessory,1,Single,7,1,14,5,15,16,424
C003855,48,Mobile Phone,3,8,Debit Card,Male,3,1,Grocery,3,Divorced,2,0,14,10,1,9,125
C003856,51,Computer,2,28,UPI,Male,2,5,Grocery,5,Divorced,1,1,7,7,15,21,173
C003857,39,Computer,1,22,E wallet,Male,2,2,Grocery,3,Married,5,1,25,3,9,21,278
C003858,22,Computer,2,15,E wallet,Male,2,4,Fashion,4,Single,7,1,18,4,11,21,393
C003859,12,Mobile Phone,3,41,E wallet,Female,4,3,Others,1,Single,5,1,11,1,1,26,235
C003860,24,Computer,1,30,UPI,Female,4,4,Others,3,Married,6,1,10,8,1,12,126
C003861,47,Tablet,1,12,Credit Card,Male,4,1,Laptop & Accessory,2,Single,6,0,20,7,13,12,468
C003862,40,Mobile Phone,2,26,Debit Card,Male,2,5,Laptop & Accessory,4,Single,4,0,26,6,3,10,85
C003863,38,Mobile Phone,1,9,Cash on Delivery,Male,1,5,Grocery,1,Single,4,0,20,5,1,29,267
C003864,60,Computer,1,6,Cash on Delivery,Male,4,1,Grocery,4,Married,4,0,17,10,15,12,367
C003865,59,Mobile Phone,1,9,E wallet,Female,4,5,Grocery,2,Married,6,1,4,4,2,29,482
C003866,10,Mobile Phone,3,39,Credit Card,Female,2,2,Laptop & Accessory,1,Married,2,1,21,5,5,17,99
C003867,35,Mobile Phone,1,36,Debit Card,Male,3,2,Others,4,Single,5,1,6,9,1,4,400
C003868,51,Computer,2,48,Debit Card,Female,1,1,Laptop & Accessory,4,Divorced,5,0,20,1,14,25,413
C003869,49,Mobile Phone,3,23,Cash on Delivery,Female,5,1,Others,3,Married,6,0,24,4,5,2,429
C003870,32,Mobile Phone,3,43,Cash on Delivery,Male,5,4,Laptop & Accessory,3,Married,4,0,20,2,15,26,358
C003871,7,Mobile Phone,3,8,Cash on Delivery,Male,1,5,Others,4,Married,5,0,17,0,12,28,454
C003872,21,Computer,2,27,Debit Card,Male,2,6,Laptop & Accessory,3,Married,6,1,7,2,9,6,300
C003873,20,Mobile Phone,3,50,Cash on Delivery,Male,3,3,Others,1,Divorced,2,0,12,6,9,6,200
C003874,26,Computer,1,23,Debit Card,Male,3,1,Fashion,3,Married,3,0,14,9,1,8,188
C003875,4,Computer,2,30,E wallet,Female,5,4,Fashion,1,Married,2,1,22,0,11,19,425
C003876,46,Mobile Phone,2,30,Credit Card,Female,3,1,Mobile Phone,1,Married,1,0,23,1,5,20,89
C003877,52,Mobile Phone,1,11,Cash on Delivery,Female,5,1,Others,1,Single,1,1,23,5,15,10,56
C003878,22,Mobile Phone,2,36,Debit Card,Female,4,2,Others,1,Single,4,0,4,6,14,10,177
C003879,15,Mobile Phone,1,37,E wallet,Male,2,6,Others,4,Single,1,0,14,8,9,26,277
C003880,56,Mobile Phone,3,48,UPI,Female,3,5,Mobile Phone,5,Single,4,0,1,7,1,27,229
C003881,40,Computer,1,30,E wallet,Male,2,6,Laptop & Accessory,5,Single,6,1,28,7,13,19,225
C003882,21,Computer,2,28,Credit Card,Female,4,1,Fashion,1,Single,3,1,4,10,11,16,100
C003883,15,Mobile Phone,1,27,E wallet,Male,1,5,Mobile Phone,5,Married,7,0,2,7,10,3,260
C003884,22,Mobile Phone,1,42,Cash on Delivery,Female,1,4,Fashion,1,Married,2,0,29,4,8,2,454
C003885,52,Mobile Phone,3,30,Cash on Delivery,Female,1,1,Grocery,5,Single,7,0,24,6,8,12,425
C003886,28,Mobile Phone,3,49,UPI,Female,5,6,Mobile Phone,2,Single,6,1,20,10,12,19,184
C003887,14,Mobile Phone,3,35,Debit Card,Male,5,3,Mobile Phone,3,Single,6,0,22,4,14,2,251
C003888,27,Computer,1,10,E wallet,Male,1,6,Fashion,5,Married,5,1,3,8,8,20,70
C003889,41,Computer,1,49,UPI,Female,4,2,Others,1,Single,1,0,25,4,5,14,496
C003890,40,Mobile Phone,2,35,Cash on Delivery,Male,5,3,Grocery,3,Single,3,0,27,5,5,11,72
C003891,58,Computer,2,44,Debit Card,Female,1,2,Fashion,3,Single,2,0,5,1,10,19,482
C003892,28,Mobile Phone,1,49,Debit Card,Female,2,1,Mobile Phone,4,Divorced,6,1,14,0,1,25,64
C003893,26,Computer,2,49,Credit Card,Male,1,6,Others,4,Married,3,0,27,7,8,29,472
C003894,49,Mobile Phone,1,16,Cash on Delivery,Male,1,1,Grocery,5,Single,6,0,3,8,2,27,234
C003895,2,Mobile Phone,1,21,Debit Card,Female,2,5,Others,4,Single,6,0,30,5,14,11,222
C003896,25,Computer,1,30,Credit Card,Female,5,2,Fashion,1,Married,2,0,29,2,15,24,398
C003897,56,Mobile Phone,2,7,Credit Card,Female,2,4,Others,4,Single,1,0,21,10,9,13,233
C003898,3,Computer,2,19,Cash on Delivery,Female,5,3,Mobile Phone,2,Married,4,0,3,8,9,26,334
C003899,8,Mobile Phone,2,42,Debit Card,Female,4,6,Mobile Phone,5,Married,6,0,1,0,9,9,65
C003900,44,Mobile Phone,2,28,Debit Card,Female,5,4,Laptop & Accessory,3,Married,7,0,24,5,15,19,399
C003901,33,Mobile Phone,1,34,E wallet,Female,3,2,Grocery,3,Married,2,0,14,10,11,2,440
C003902,42,Mobile Phone,3,48,Debit Card,Male,5,4,Fashion,2,Single,2,1,15,6,8,30,237
C003903,52,Mobile Phone,3,40,Credit Card,Male,3,2,Others,1,Divorced,3,0,13,1,7,27,198
C003904,35,Mobile Phone,2,48,UPI,Male,5,5,Mobile Phone,3,Married,1,0,7,4,15,8,463
C003905,6,Mobile Phone,1,31,Cash on Delivery,Male,2,5,Laptop & Accessory,2,Married,3,0,19,8,10,24,435
C003906,39,Mobile Phone,2,26,UPI,Male,5,4,Fashion,4,Single,7,1,21,2,3,10,191
C003907,52,Computer,2,6,Debit Card,Male,1,4,Mobile Phone,5,Single,6,0,21,5,11,6,85
C003908,23,Mobile Phone,3,11,Credit Card,Male,5,6,Fashion,2,Single,4,0,18,2,10,20,291
C003909,25,Computer,3,20,UPI,Female,2,2,Mobile Phone,2,Married,7,0,20,10,2,7,373
C003910,59,Mobile Phone,3,28,Cash on Delivery,Female,2,5,Fashion,4,Single,5,0,19,7,9,22,404
C003911,50,Mobile Phone,1,34,E wallet,Male,5,6,Mobile Phone,1,Divorced,3,1,27,1,13,6,470
C003912,43,Mobile Phone,3,48,UPI,Female,5,4,Others,4,Married,6,0,12,10,13,27,357
C003913,19,Mobile Phone,2,50,E wallet,Male,5,6,Grocery,4,Married,6,1,22,3,6,28,284
C003914,5,Mobile Phone,3,5,Debit Card,Male,4,2,Mobile Phone,3,Married,7,0,4,7,4,22,499
C003915,51,Mobile Phone,2,31,Debit Card,Male,3,2,Fashion,2,Married,5,0,21,9,9,18,389
C003916,11,Mobile Phone,1,13,Cash on Delivery,Male,5,4,Mobile Phone,2,Single,3,0,17,6,10,1,55
C003917,56,Mobile Phone,2,11,E wallet,Female,5,3,Laptop & Accessory,4,Divorced,2,0,15,10,6,9,88
C003918,12,Computer,1,9,E wallet,Male,3,6,Others,4,Married,4,1,13,2,14,11,451
C003919,10,Mobile Phone,1,34,Cash on Delivery,Male,1,1,Laptop & Accessory,2,Single,7,0,4,9,14,27,208
C003920,8,Mobile Phone,3,46,UPI,Male,4,2,Fashion,2,Married,5,0,24,10,5,17,495
C003921,24,Mobile Phone,1,31,Cash on Delivery,Female,4,5,Mobile Phone,2,Married,5,0,23,4,4,16,438
C003922,60,Computer,1,14,Debit Card,Female,1,6,Mobile Phone,1,Single,3,0,14,1,8,13,485
C003923,28,Mobile Phone,1,29,E wallet,Male,3,1,Laptop & Accessory,4,Divorced,4,0,18,10,13,27,111
C003924,41,Mobile Phone,2,22,Credit Card,Female,3,2,Grocery,4,Single,3,0,3,10,3,18,114
C003925,36,Mobile Phone,3,11,Credit Card,Male,2,6,Others,3,Single,5,0,25,7,7,19,183
C003926,37,Mobile Phone,1,35,Debit Card,Female,3,3,Mobile Phone,3,Single,4,0,19,10,15,14,230
C003927,21,Mobile Phone,1,36,E wallet,Male,4,1,Mobile Phone,5,Married,3,0,6,0,1,26,472
C003928,8,Computer,3,49,E wallet,Male,2,5,Fashion,2,Married,2,1,22,4,6,25,275
C003929,55,Mobile Phone,3,15,Cash on Delivery,Male,5,1,Laptop & Accessory,2,Divorced,6,0,23,1,9,14,257
C003930,9,Mobile Phone,1,14,UPI,Female,5,6,Fashion,5,Married,4,0,16,1,6,3,267
C003931,47,Mobile Phone,3,26,Cash on Delivery,Female,5,4,Others,4,Married,7,0,29,0,14,24,62
C003932,15,Mobile Phone,2,35,Credit Card,Male,2,2,Mobile Phone,2,Divorced,2,0,11,9,14,26,373
C003933,48,Mobile Phone,3,45,E wallet,Female,4,4,Laptop & Accessory,3,Married,6,0,18,8,3,6,213
C003934,46,Mobile Phone,2,18,UPI,Female,3,3,Laptop & Accessory,1,Single,4,0,14,4,4,30,315
C003935,40,Mobile Phone,3,7,Cash on Delivery,Male,2,1,Laptop & Accessory,4,Single,6,0,8,2,10,24,59
C003936,18,Mobile Phone,1,28,UPI,Male,4,4,Others,1,Married,7,0,3,6,14,22,223
C003937,42,Mobile Phone,1,18,Credit Card,Female,3,3,Grocery,1,Single,6,0,21,6,10,26,76
C003938,60,Computer,1,20,UPI,Male,1,4,Grocery,5,Married,6,0,4,10,11,6,101
C003939,20,Mobile Phone,2,32,E wallet,Female,4,5,Grocery,1,Divorced,5,0,28,7,14,15,320
C003940,6,Mobile Phone,3,39,UPI,Male,1,4,Fashion,2,Single,4,0,29,0,11,22,340
C003941,12,Mobile Phone,2,44,UPI,Male,5,2,Fashion,5,Single,2,0,2,6,14,4,139
C003942,2,Mobile Phone,1,6,Cash on Delivery,Male,5,6,Others,3,Married,6,0,24,2,9,13,403
C003943,7,Mobile Phone,2,38,UPI,Male,4,4,Laptop & Accessory,1,Married,3,0,1,8,13,8,268
C003944,16,Mobile Phone,2,22,UPI,Male,1,4,Grocery,2,Married,6,0,28,9,8,21,245
C003945,3,Computer,3,11,Credit Card,Male,2,4,Mobile Phone,2,Single,7,0,30,1,12,16,416
C003946,45,Computer,2,42,UPI,Male,3,4,Grocery,3,Single,5,0,14,3,4,5,189
C003947,3,Mobile Phone,2,46,Cash on Delivery,Male,5,4,Others,5,Married,2,1,20,9,7,24,283
C003948,27,Computer,2,11,Cash on Delivery,Female,5,1,Grocery,5,Married,1,0,11,1,14,22,346
C003949,50,Computer,3,8,E wallet,Female,5,1,Mobile Phone,5,Single,4,0,14,9,13,0,426
C003950,43,Mobile Phone,2,47,Credit Card,Female,5,6,Mobile Phone,3,Single,1,0,16,3,14,24,200
C003951,40,Computer,1,20,Debit Card,Female,4,5,Mobile Phone,3,Married,2,1,12,4,10,17,91
C003952,38,Mobile Phone,3,10,E wallet,Female,4,1,Others,3,Married,1,0,27,10,12,30,271
C003953,33,Mobile Phone,2,24,UPI,Female,1,3,Grocery,5,Married,2,1,9,2,1,27,489
C003954,28,Mobile Phone,2,35,Credit Card,Female,2,2,Others,1,Single,5,0,1,7,11,6,274
C003955,1,Mobile Phone,3,23,E wallet,Female,1,4,Mobile Phone,3,Divorced,3,0,28,3,13,6,411
C003956,55,Mobile Phone,3,26,Cash on Delivery,Female,2,4,Grocery,3,Single,3,0,28,2,10,15,461
C003957,8,Mobile Phone,3,25,Credit Card,Male,4,4,Fashion,5,Married,7,0,20,8,6,16,117
C003958,37,Computer,3,22,Credit Card,Female,5,5,Others,3,Married,4,0,8,3,8,5,296
C003959,32,Computer,1,36,UPI,Female,1,5,Fashion,1,Married,7,0,12,1,14,30,247
C003960,60,Computer,2,38,Credit Card,Male,2,3,Fashion,5,Single,5,0,27,4,13,4,66
C003961,48,Computer,2,31,Credit Card,Female,3,4,Laptop & Accessory,3,Single,1,0,25,8,13,2,359
C003962,43,Computer,1,42,Debit Card,Male,2,5,Mobile Phone,3,Married,5,0,24,8,5,13,274
C003963,37,Mobile Phone,3,48,UPI,Male,1,4,Fashion,4,Married,1,0,17,9,1,1,376
C003964,4,Mobile Phone,3,34,Credit Card,Female,4,1,Others,4,Single,5,0,6,1,7,15,150
C003965,30,Mobile Phone,2,37,Credit Card,Female,5,4,Mobile Phone,2,Single,6,0,24,0,2,14,500
C003966,6,Computer,3,31,Debit Card,Male,3,3,Mobile Phone,2,Married,3,0,25,6,11,21,196
C003967,46,Mobile Phone,1,27,Debit Card,Female,1,3,Others,3,Married,7,1,23,1,1,27,169
C003968,54,Computer,2,47,Cash on Delivery,Female,4,5,Grocery,4,Single,6,1,21,5,12,9,96
C003969,19,Mobile Phone,2,23,UPI,Female,2,4,Others,2,Divorced,7,0,30,9,13,5,79
C003970,32,Mobile Phone,1,35,Debit Card,Female,4,3,Grocery,5,Married,4,0,14,9,4,17,154
C003971,9,Computer,1,8,Credit Card,Male,4,1,Mobile Phone,4,Married,3,0,22,2,8,5,215
C003972,12,Mobile Phone,3,23,Debit Card,Male,5,5,Others,1,Single,3,0,15,3,5,30,356
C003973,11,Mobile Phone,2,42,E wallet,Female,1,1,Fashion,1,Married,6,0,4,3,13,5,337
C003974,46,Mobile Phone,3,44,Cash on Delivery,Female,4,3,Others,1,Divorced,5,0,28,2,10,4,387
C003975,55,Mobile Phone,2,26,Cash on Delivery,Female,2,6,Fashion,1,Single,1,0,11,10,14,3,161
C003976,16,Computer,1,13,UPI,Male,2,5,Fashion,4,Married,5,0,4,6,11,28,227
C003977,1,Mobile Phone,1,35,Cash on Delivery,Female,5,4,Mobile Phone,5,Married,1,0,22,9,1,12,70
C003978,45,Mobile Phone,1,14,UPI,Female,4,6,Grocery,1,Divorced,7,0,17,10,1,19,323
C003979,55,Mobile Phone,3,14,E wallet,Male,2,2,Grocery,5,Single,2,1,11,10,11,9,100
C003980,53,Computer,1,34,Credit Card,Male,2,4,Fashion,2,Married,4,0,9,5,15,22,370
C003981,21,Mobile Phone,3,14,E wallet,Female,5,4,Grocery,2,Single,1,0,18,7,13,7,190
C003982,30,Mobile Phone,3,40,UPI,Male,4,1,Others,3,Married,2,0,11,4,12,25,301
C003983,13,Computer,3,22,UPI,Female,5,4,Fashion,4,Married,4,1,7,0,7,1,253
C003984,34,Mobile Phone,2,48,UPI,Male,4,2,Fashion,1,Married,7,0,27,4,6,15,139
C003985,4,Computer,3,47,Credit Card,Male,2,5,Laptop & Accessory,5,Single,1,0,0,6,10,4,213
C003986,28,Mobile Phone,1,23,UPI,Male,1,5,Others,5,Married,3,0,13,5,1,27,111
C003987,38,Mobile Phone,1,47,E wallet,Male,2,6,Grocery,4,Single,4,0,9,1,9,23,389
C003988,58,Mobile Phone,1,27,Credit Card,Male,1,2,Grocery,2,Single,7,0,25,9,5,1,302
C003989,31,Computer,3,8,E wallet,Male,4,1,Laptop & Accessory,4,Married,4,0,1,1,12,10,417
C003990,59,Computer,1,16,Credit Card,Female,4,6,Others,5,Divorced,5,0,20,6,1,12,363
C003991,55,Mobile Phone,2,28,UPI,Female,3,2,Mobile Phone,4,Married,6,0,24,0,7,15,107
C003992,27,Mobile Phone,1,17,Credit Card,Male,4,5,Mobile Phone,2,Single,4,0,16,0,3,8,50
C003993,5,Computer,1,8,Debit Card,Male,4,6,Others,2,Married,5,0,17,1,2,30,287
C003994,25,Mobile Phone,1,31,E wallet,Female,3,2,Grocery,1,Single,7,0,28,1,12,1,444
C003995,3,Computer,3,42,Debit Card,Female,1,1,Mobile Phone,1,Single,2,1,9,8,6,12,482
C003996,33,Mobile Phone,2,43,Debit Card,Male,4,6,Mobile Phone,1,Married,6,0,28,0,10,19,460
C003997,4,Computer,3,12,UPI,Male,5,4,Grocery,2,Single,4,0,21,10,2,19,419
C003998,25,Mobile Phone,2,30,UPI,Female,4,4,Others,5,Married,1,0,2,4,6,30,258
C003999,20,Mobile Phone,3,38,Debit Card,Male,4,5,Laptop & Accessory,1,Married,4,0,8,4,8,0,135
C004000,34,Mobile Phone,2,13,Credit Card,Female,2,1,Others,4,Married,4,0,18,5,6,9,233
C004001,26,Tablet,2,14,UPI,Male,4,4,Laptop & Accessory,5,Single,1,0,19,3,10,15,206
C004002,5,Mobile Phone,2,5,E wallet,Male,4,4,Others,3,Single,4,0,8,2,11,16,295
C004003,35,Mobile Phone,2,12,Debit Card,Male,5,4,Mobile Phone,1,Married,5,1,10,8,14,3,288
C004004,28,Mobile Phone,3,14,E wallet,Male,3,3,Fashion,3,Single,6,0,10,8,3,25,472
C004005,29,Mobile Phone,2,47,E wallet,Female,3,4,Fashion,1,Married,6,1,6,7,8,18,238
C004006,9,Computer,3,29,E wallet,Female,3,3,Grocery,5,Single,1,1,11,10,3,23,477
C004007,52,Computer,3,35,Debit Card,Female,2,2,Others,3,Single,3,0,20,0,2,10,285
C004008,38,Mobile Phone,1,43,Cash on Delivery,Female,4,5,Others,2,Single,4,0,23,10,3,10,294
C004009,50,Tablet,2,7,UPI,Female,1,5,Grocery,1,Single,6,1,5,1,5,8,251
C004010,6,Computer,1,43,E wallet,Female,1,6,Grocery,4,Divorced,4,0,29,2,8,29,158
C004011,19,Computer,2,42,Debit Card,Male,5,6,Laptop & Accessory,3,Divorced,7,0,21,1,10,1,465
C004012,60,Mobile Phone,2,39,Cash on Delivery,Male,2,3,Laptop & Accessory,4,Married,5,0,3,9,13,29,189
C004013,44,Computer,3,12,Debit Card,Female,2,1,Fashion,3,Married,1,0,4,9,1,26,499
C004014,57,Mobile Phone,1,5,UPI,Male,4,6,Mobile Phone,5,Single,7,0,5,7,15,21,97
C004015,11,Mobile Phone,1,9,Debit Card,Female,1,6,Others,4,Married,4,0,19,5,6,23,499
C004016,2,Computer,1,31,Credit Card,Female,2,3,Fashion,1,Single,5,0,0,7,12,5,177
C004017,47,Mobile Phone,1,49,Credit Card,Male,5,4,Fashion,2,Single,7,0,5,3,9,0,164
C004018,44,Mobile Phone,3,30,E wallet,Female,1,6,Mobile Phone,5,Single,3,0,18,6,8,6,68
C004019,44,Computer,3,47,Debit Card,Male,2,1,Fashion,3,Single,6,0,15,8,2,17,231
C004020,9,Computer,2,30,Debit Card,Female,4,5,Fashion,1,Single,3,1,2,9,8,27,85
C004021,21,Mobile Phone,3,15,E wallet,Female,4,2,Mobile Phone,3,Single,5,1,15,3,6,5,287
C004022,24,Computer,1,38,E wallet,Female,4,2,Fashion,4,Divorced,1,1,22,1,5,18,119
C004023,34,Mobile Phone,1,45,Cash on Delivery,Male,4,3,Others,4,Married,4,0,23,5,13,18,320
C004024,22,Mobile Phone,1,6,Debit Card,Male,1,6,Grocery,2,Married,5,0,15,3,12,0,311
C004025,3,Computer,3,25,UPI,Male,1,3,Mobile Phone,4,Single,5,0,12,4,14,23,220
C004026,12,Mobile Phone,2,30,UPI,Male,2,3,Grocery,5,Single,5,0,30,9,2,13,435
C004027,28,Mobile Phone,2,16,UPI,Female,5,3,Others,3,Married,6,0,11,0,2,22,279
C004028,30,Mobile Phone,1,13,E wallet,Male,3,5,Fashion,3,Married,2,1,22,1,15,0,106
C004029,26,Mobile Phone,1,45,E wallet,Male,3,4,Fashion,5,Divorced,6,0,25,7,11,29,89
C004030,48,Mobile Phone,3,27,E wallet,Male,4,5,Fashion,4,Single,3,0,16,6,6,30,126
C004031,21,Computer,1,46,UPI,Male,2,2,Grocery,4,Single,6,0,7,4,2,26,263
C004032,28,Computer,3,9,Cash on Delivery,Female,3,2,Laptop & Accessory,5,Married,7,0,1,0,1,13,446
C004033,56,Mobile Phone,1,13,Credit Card,Male,3,2,Grocery,2,Divorced,7,0,6,9,5,27,407
C004034,26,Computer,1,14,Debit Card,Female,3,4,Laptop & Accessory,1,Married,2,0,18,1,7,16,493
C004035,33,Mobile Phone,2,14,Credit Card,Male,3,4,Grocery,1,Married,5,0,21,4,15,8,383
C004036,21,Mobile Phone,1,18,Debit Card,Male,3,1,Others,4,Single,6,0,3,10,5,10,175
C004037,35,Computer,2,40,E wallet,Male,2,4,Grocery,1,Married,7,0,12,7,3,6,489
C004038,52,Mobile Phone,2,14,UPI,Male,3,2,Grocery,1,Married,7,1,28,0,2,8,347
C004039,34,Mobile Phone,2,41,Credit Card,Male,3,4,Mobile Phone,1,Single,3,0,5,8,12,10,301
C004040,41,Mobile Phone,3,45,E wallet,Male,2,4,Fashion,4,Married,4,0,21,1,3,10,359
C004041,51,Mobile Phone,2,42,Debit Card,Male,1,4,Fashion,3,Married,4,0,12,6,15,25,447
C004042,47,Computer,1,26,Credit Card,Male,1,3,Fashion,4,Single,6,0,30,10,6,8,351
C004043,18,Mobile Phone,2,27,Credit Card,Male,1,6,Laptop & Accessory,4,Single,2,0,18,3,8,2,52
C004044,58,Mobile Phone,2,20,Credit Card,Female,3,6,Others,2,Single,7,0,0,2,6,8,155
C004045,11,Mobile Phone,1,15,Credit Card,Male,2,4,Laptop & Accessory,2,Divorced,2,0,9,3,14,7,106
C004046,57,Mobile Phone,3,39,Credit Card,Male,1,3,Mobile Phone,4,Single,6,1,18,9,9,21,76
C004047,23,Mobile Phone,2,24,E wallet,Male,4,2,Mobile Phone,5,Single,3,0,19,4,14,4,246
C004048,48,Mobile Phone,3,41,Debit Card,Female,4,1,Grocery,5,Single,4,0,4,0,9,4,230
C004049,22,Computer,3,45,Debit Card,Female,2,5,Mobile Phone,2,Married,2,0,27,5,3,14,172
C004050,17,Computer,2,9,Cash on Delivery,Male,3,6,Mobile Phone,2,Single,6,0,2,4,7,4,76
C004051,5,Mobile Phone,2,40,UPI,Male,1,1,Others,3,Married,5,0,27,1,8,25,214
C004052,44,Mobile Phone,2,17,Credit Card,Female,3,5,Mobile Phone,2,Single,5,0,15,4,3,1,169
C004053,11,Mobile Phone,2,21,Debit Card,Female,1,6,Grocery,1,Single,6,0,17,0,14,12,138
C004054,30,Computer,3,30,UPI,Male,5,2,Fashion,4,Married,2,0,22,9,15,27,439
C004055,15,Tablet,3,48,UPI,Female,5,3,Laptop & Accessory,4,Single,6,0,7,4,5,13,371
C004056,27,Mobile Phone,1,24,E wallet,Male,3,4,Laptop & Accessory,4,Single,7,0,7,6,3,0,217
C004057,35,Computer,2,43,Credit Card,Female,4,3,Laptop & Accessory,3,Divorced,6,0,20,9,7,17,384
C004058,33,Mobile Phone,3,37,Cash on Delivery,Male,3,5,Grocery,3,Married,6,0,9,1,5,2,379
C004059,20,Mobile Phone,2,34,UPI,Male,1,6,Others,1,Married,1,0,28,5,1,13,263
C004060,16,Mobile Phone,3,20,E wallet,Male,3,4,Grocery,4,Single,2,0,12,5,1,24,228
C004061,34,Mobile Phone,3,11,Credit Card,Male,3,5,Laptop & Accessory,1,Married,1,0,30,0,9,26,85
C004062,2,Mobile Phone,1,34,Debit Card,Male,1,5,Grocery,2,Married,4,0,11,6,5,6,335
C004063,35,Mobile Phone,1,6,Cash on Delivery,Female,4,6,Grocery,4,Single,2,0,11,1,11,19,263
C004064,40,Mobile Phone,2,16,Credit Card,Male,5,4,Grocery,1,Married,7,0,4,9,10,30,307
C004065,56,Mobile Phone,2,47,E wallet,Female,1,1,Fashion,3,Married,4,0,28,7,2,15,403
C004066,28,Mobile Phone,2,44,E wallet,Female,3,1,Grocery,3,Single,2,0,7,9,12,9,333
C004067,47,Mobile Phone,2,5,E wallet,Female,2,6,Others,3,Single,2,0,23,3,4,10,109
C004068,39,Mobile Phone,3,7,E wallet,Female,3,6,Fashion,1,Married,5,0,27,1,14,4,484
C004069,6,Mobile Phone,1,12,E wallet,Male,3,5,Grocery,1,Single,5,0,11,2,5,1,326
C004070,9,Mobile Phone,1,30,Cash on Delivery,Female,2,2,Mobile Phone,1,Married,1,0,22,5,11,2,158
C004071,20,Mobile Phone,1,44,UPI,Female,3,3,Laptop & Accessory,5,Single,6,0,14,1,9,6,130
C004072,60,Mobile Phone,2,15,UPI,Female,2,1,Fashion,4,Married,4,0,18,2,2,1,346
C004073,1,Mobile Phone,1,25,Debit Card,Male,3,4,Mobile Phone,5,Married,3,0,3,10,4,2,133
C004074,8,Mobile Phone,2,9,UPI,Male,4,5,Laptop & Accessory,5,Married,1,1,23,4,8,12,365
C004075,55,Mobile Phone,1,44,E wallet,Female,5,3,Others,2,Divorced,6,0,17,10,3,5,231
C004076,23,Computer,2,30,UPI,Female,4,6,Mobile Phone,2,Single,2,0,18,3,2,4,221
C004077,3,Mobile Phone,1,25,UPI,Male,1,3,Others,3,Married,2,1,14,5,3,10,145
C004078,4,Mobile Phone,2,13,E wallet,Female,1,5,Others,5,Married,5,0,21,3,7,10,153
C004079,58,Mobile Phone,2,21,Cash on Delivery,Male,3,3,Mobile Phone,2,Married,6,0,1,9,14,17,92
C004080,25,Mobile Phone,1,41,E wallet,Female,1,2,Mobile Phone,5,Single,6,0,30,0,9,18,122
C004081,47,Mobile Phone,3,6,UPI,Female,1,5,Fashion,4,Single,1,0,2,4,5,14,482
C004082,38,Mobile Phone,1,44,UPI,Male,3,6,Others,5,Married,2,0,10,4,10,4,308
C004083,15,Mobile Phone,2,32,Debit Card,Male,3,3,Mobile Phone,3,Single,6,0,12,5,2,7,287
C004084,21,Computer,3,31,E wallet,Female,5,3,Others,1,Single,4,0,10,4,11,26,421
C004085,35,Mobile Phone,2,44,Debit Card,Male,2,6,Grocery,3,Single,3,0,30,0,14,17,349
C004086,57,Mobile Phone,3,5,Debit Card,Female,3,1,Grocery,5,Married,6,1,14,9,11,9,216
C004087,53,Mobile Phone,1,50,Credit Card,Male,5,3,Grocery,5,Married,3,1,29,5,7,13,241
C004088,53,Computer,2,15,Debit Card,Male,4,3,Others,1,Divorced,4,1,8,9,3,2,165
C004089,46,Computer,2,43,UPI,Male,1,1,Others,3,Married,1,0,2,8,7,3,277
C004090,52,Mobile Phone,1,22,UPI,Female,2,5,Mobile Phone,3,Married,1,0,6,8,6,0,127
C004091,14,Computer,2,31,Credit Card,Female,4,1,Mobile Phone,5,Single,7,1,26,0,1,7,93
C004092,36,Mobile Phone,1,14,Credit Card,Female,3,4,Fashion,4,Single,3,1,25,10,14,4,475
C004093,12,Computer,2,40,E wallet,Male,4,4,Fashion,2,Single,7,0,26,0,10,1,333
C004094,17,Computer,3,25,Credit Card,Female,5,2,Fashion,5,Single,6,0,14,2,13,25,128
C004095,39,Mobile Phone,1,32,Cash on Delivery,Male,3,3,Laptop & Accessory,5,Divorced,6,0,27,2,5,11,489
C004096,9,Computer,1,5,UPI,Male,3,6,Grocery,2,Married,3,0,21,8,13,19,355
C004097,35,Mobile Phone,2,18,UPI,Male,2,4,Others,1,Single,4,0,17,3,11,9,399
C004098,60,Mobile Phone,2,24,Credit Card,Male,5,5,Grocery,5,Divorced,7,0,1,1,15,10,460
C004099,13,Mobile Phone,3,13,Credit Card,Female,1,5,Others,4,Married,3,0,1,3,1,26,308
C004100,15,Computer,2,49,UPI,Female,4,6,Laptop & Accessory,1,Divorced,4,1,9,8,7,4,379
C004101,18,Mobile Phone,1,31,Credit Card,Female,2,4,Others,1,Single,4,1,27,5,11,0,279
C004102,51,Mobile Phone,2,8,E wallet,Male,2,1,Fashion,1,Single,5,0,15,4,6,19,386
C004103,33,Computer,3,41,Credit Card,Female,3,6,Grocery,5,Married,6,0,1,5,13,17,157
C004104,6,Mobile Phone,2,22,Credit Card,Male,4,2,Grocery,1,Single,6,0,29,6,9,14,238
C004105,59,Mobile Phone,2,35,E wallet,Female,2,1,Grocery,3,Married,5,1,7,1,11,5,263
C004106,27,Mobile Phone,1,43,E wallet,Female,3,2,Laptop & Accessory,5,Single,2,0,7,2,12,6,322
C004107,23,Mobile Phone,1,14,E wallet,Female,3,6,Grocery,5,Married,4,0,25,9,15,23,490
C004108,59,Mobile Phone,1,13,UPI,Female,5,4,Mobile Phone,2,Single,4,0,19,2,4,5,478
C004109,27,Mobile Phone,2,32,Credit Card,Female,3,1,Fashion,1,Married,7,0,29,5,9,28,85
C004110,34,Tablet,3,32,E wallet,Female,1,4,Fashion,5,Divorced,2,1,18,1,5,4,207
C004111,56,Computer,2,17,E wallet,Male,5,2,Others,4,Married,7,0,7,6,13,8,401
C004112,46,Mobile Phone,1,22,UPI,Male,5,5,Laptop & Accessory,4,Married,5,0,8,8,5,11,73
C004113,38,Mobile Phone,1,16,Cash on Delivery,Male,1,6,Others,5,Married,4,0,18,2,5,14,307
C004114,14,Mobile Phone,1,12,Credit Card,Female,1,1,Others,5,Single,1,1,15,8,13,18,407
C004115,36,Mobile Phone,2,27,Cash on Delivery,Male,2,4,Fashion,4,Single,6,0,5,5,14,15,225
C004116,53,Mobile Phone,2,9,Cash on Delivery,Female,2,2,Mobile Phone,4,Single,3,0,19,2,10,2,184
C004117,8,Mobile Phone,1,11,E wallet,Male,1,5,Laptop & Accessory,3,Single,3,0,2,3,5,19,421
C004118,35,Computer,2,19,UPI,Female,2,1,Laptop & Accessory,4,Married,2,0,25,9,11,4,125
C004119,19,Mobile Phone,1,7,Credit Card,Female,1,2,Laptop & Accessory,3,Single,5,0,27,9,7,20,112
C004120,30,Mobile Phone,1,22,Credit Card,Male,1,1,Mobile Phone,5,Single,3,1,27,5,1,20,359
C004121,14,Computer,1,42,Credit Card,Female,3,1,Laptop & Accessory,1,Married,2,0,8,9,14,25,245
C004122,59,Mobile Phone,1,30,Cash on Delivery,Female,2,3,Grocery,1,Married,7,0,8,6,10,7,282
C004123,20,Mobile Phone,1,42,Debit Card,Male,5,4,Mobile Phone,2,Single,7,1,13,7,7,26,102
C004124,49,Mobile Phone,1,37,UPI,Male,5,3,Others,3,Single,7,1,13,6,7,25,420
C004125,25,Mobile Phone,3,25,Debit Card,Male,2,1,Grocery,4,Married,2,0,30,4,5,0,371
C004126,40,Computer,2,21,Cash on Delivery,Male,2,2,Others,3,Married,5,0,10,5,3,5,471
C004127,24,Mobile Phone,2,47,E wallet,Male,2,4,Laptop & Accessory,2,Married,5,0,9,0,7,2,207
C004128,14,Computer,3,6,Debit Card,Female,2,2,Mobile Phone,2,Single,1,0,8,2,15,3,53
C004129,26,Tablet,1,29,Debit Card,Female,3,2,Grocery,3,Single,2,0,26,7,5,4,69
C004130,38,Computer,3,45,UPI,Male,1,6,Mobile Phone,4,Single,2,0,26,2,4,8,107
C004131,23,Computer,1,23,Cash on Delivery,Female,2,5,Mobile Phone,5,Married,1,0,12,2,9,7,470
C004132,22,Mobile Phone,2,42,UPI,Male,2,1,Mobile Phone,5,Single,4,0,20,6,4,3,399
C004133,48,Mobile Phone,2,29,E wallet,Female,1,2,Others,5,Divorced,6,0,22,7,5,14,148
C004134,57,Mobile Phone,1,43,Credit Card,Female,1,1,Mobile Phone,2,Married,5,0,25,4,12,23,379
C004135,19,Mobile Phone,3,8,Cash on Delivery,Female,1,3,Laptop & Accessory,3,Married,1,0,4,6,6,22,62
C004136,46,Computer,1,7,E wallet,Male,4,6,Grocery,2,Single,6,0,30,6,14,9,53
C004137,51,Mobile Phone,1,38,E wallet,Female,5,6,Fashion,4,Single,7,1,17,7,11,17,327
C004138,3,Computer,1,46,Debit Card,Male,2,3,Mobile Phone,1,Single,3,1,1,1,6,20,156
C004139,42,Computer,1,14,UPI,Male,3,2,Grocery,2,Single,2,1,21,4,2,7,380
C004140,19,Tablet,1,31,Debit Card,Male,3,6,Others,4,Married,2,0,11,2,11,19,342
C004141,9,Computer,1,30,Debit Card,Female,1,1,Others,4,Married,5,1,30,2,3,10,176
C004142,28,Mobile Phone,1,31,Credit Card,Female,3,5,Mobile Phone,4,Married,7,0,23,4,8,20,175
C004143,20,Mobile Phone,3,5,UPI,Female,5,4,Mobile Phone,1,Married,4,1,7,1,9,10,191
C004144,45,Mobile Phone,1,48,Credit Card,Male,2,3,Laptop & Accessory,5,Married,4,0,26,4,6,29,187
C004145,7,Mobile Phone,1,24,E wallet,Male,3,3,Fashion,3,Divorced,7,0,7,10,1,29,457
C004146,14,Mobile Phone,2,29,Credit Card,Male,5,5,Mobile Phone,2,Divorced,5,0,28,3,12,16,80
C004147,9,Computer,3,14,E wallet,Male,5,2,Mobile Phone,1,Married,5,1,16,9,13,7,427
C004148,59,Computer,1,5,Debit Card,Male,4,3,Laptop & Accessory,4,Single,7,0,17,7,12,4,334
C004149,60,Mobile Phone,1,20,Credit Card,Male,4,3,Others,1,Single,4,0,25,0,2,19,234
C004150,55,Mobile Phone,3,15,UPI,Female,3,4,Fashion,2,Divorced,5,0,26,3,13,18,416
C004151,57,Mobile Phone,1,8,Credit Card,Male,5,5,Others,3,Single,7,0,26,6,3,7,492
C004152,60,Mobile Phone,2,39,E wallet,Female,1,5,Mobile Phone,2,Single,6,0,12,1,11,4,179
C004153,19,Mobile Phone,1,17,Cash on Delivery,Male,4,1,Fashion,1,Single,4,0,20,1,2,10,74
C004154,47,Mobile Phone,3,25,UPI,Male,5,5,Mobile Phone,4,Married,6,0,14,4,5,30,199
C004155,52,Mobile Phone,3,19,E wallet,Female,4,6,Laptop & Accessory,4,Married,7,0,9,8,10,22,304
C004156,14,Mobile Phone,3,14,Cash on Delivery,Female,2,4,Laptop & Accessory,5,Married,7,0,11,9,6,8,434
C004157,56,Mobile Phone,1,42,UPI,Female,5,6,Others,5,Single,1,0,5,9,4,24,57
C004158,38,Mobile Phone,2,15,Cash on Delivery,Female,5,5,Grocery,3,Married,2,0,8,7,10,8,421
C004159,53,Mobile Phone,1,36,Debit Card,Female,2,1,Others,3,Married,7,0,16,4,14,3,474
C004160,36,Mobile Phone,3,37,Debit Card,Female,4,4,Fashion,5,Single,5,0,1,6,1,8,280
C004161,40,Mobile Phone,3,24,Credit Card,Female,2,3,Laptop & Accessory,5,Married,3,1,10,7,10,22,371
C004162,17,Tablet,2,40,Credit Card,Male,3,2,Others,2,Married,6,0,21,2,7,24,277
C004163,30,Mobile Phone,2,34,Credit Card,Male,1,3,Laptop & Accessory,2,Single,7,0,25,8,13,13,442
C004164,9,Mobile Phone,1,14,Credit Card,Male,4,1,Grocery,4,Single,7,0,25,6,8,14,486
C004165,33,Computer,2,19,Cash on Delivery,Male,5,4,Others,4,Single,3,0,8,10,4,6,77
C004166,56,Mobile Phone,2,33,UPI,Female,3,3,Laptop & Accessory,5,Married,7,1,5,3,9,20,440
C004167,52,Computer,1,5,UPI,Female,4,1,Mobile Phone,2,Married,3,0,25,0,14,29,496
C004168,25,Mobile Phone,1,25,Credit Card,Male,1,6,Grocery,5,Single,6,0,29,6,4,25,255
C004169,14,Mobile Phone,1,19,Debit Card,Female,5,3,Mobile Phone,5,Single,4,0,1,5,3,20,415
C004170,11,Mobile Phone,3,7,E wallet,Male,2,2,Fashion,3,Married,1,0,18,6,14,15,410
C004171,53,Mobile Phone,3,37,Credit Card,Female,1,6,Grocery,5,Single,6,0,19,6,1,22,81
C004172,35,Mobile Phone,3,42,Credit Card,Male,4,3,Laptop & Accessory,4,Married,1,0,14,9,2,15,306
C004173,41,Mobile Phone,2,23,Debit Card,Male,5,3,Mobile Phone,3,Single,5,1,7,5,14,3,456
C004174,59,Mobile Phone,2,8,E wallet,Male,4,3,Fashion,2,Married,6,0,24,0,12,27,60
C004175,14,Mobile Phone,1,16,Cash on Delivery,Female,1,1,Mobile Phone,4,Married,7,0,27,7,2,5,273
C004176,30,Mobile Phone,3,29,Cash on Delivery,Male,5,4,Grocery,1,Single,1,0,29,1,2,23,360
C004177,41,Mobile Phone,2,38,E wallet,Male,1,5,Mobile Phone,2,Single,3,1,2,4,8,16,291
C004178,4,Mobile Phone,2,21,E wallet,Male,4,1,Mobile Phone,1,Married,6,0,28,7,15,11,73
C004179,59,Mobile Phone,2,10,Cash on Delivery,Female,5,6,Others,4,Married,1,0,13,6,12,14,106
C004180,4,Mobile Phone,3,16,Credit Card,Male,5,5,Laptop & Accessory,2,Married,5,0,13,1,2,2,118
C004181,28,Computer,1,19,Credit Card,Female,5,6,Mobile Phone,1,Married,2,1,21,5,1,18,148
C004182,8,Mobile Phone,1,21,Debit Card,Female,4,5,Others,1,Single,6,1,9,10,12,10,111
C004183,2,Mobile Phone,2,5,E wallet,Male,3,3,Laptop & Accessory,2,Single,3,1,19,0,5,4,390
C004184,41,Mobile Phone,3,18,Credit Card,Female,4,6,Grocery,5,Married,6,0,22,6,6,1,261
C004185,46,Mobile Phone,2,6,Credit Card,Female,2,2,Grocery,4,Married,4,0,6,9,10,14,143
C004186,22,Computer,2,8,Debit Card,Female,3,5,Others,4,Married,3,0,25,1,11,9,391
C004187,41,Mobile Phone,1,6,E wallet,Female,4,6,Others,3,Single,5,1,17,5,14,13,123
C004188,56,Mobile Phone,2,30,Debit Card,Male,2,6,Grocery,2,Divorced,3,0,8,10,12,1,254
C004189,55,Mobile Phone,2,50,Debit Card,Female,1,5,Fashion,4,Single,1,0,6,6,3,20,107
C004190,16,Computer,2,44,Cash on Delivery,Male,2,3,Laptop & Accessory,1,Single,5,1,27,8,6,12,405
C004191,29,Mobile Phone,1,37,Debit Card,Female,5,2,Laptop & Accessory,2,Single,5,1,5,2,5,18,445
C004192,49,Tablet,3,43,E wallet,Female,3,3,Others,1,Single,2,0,28,1,6,0,248
C004193,48,Computer,2,10,Credit Card,Male,4,5,Laptop & Accessory,2,Married,3,0,24,3,13,5,260
C004194,30,Mobile Phone,3,34,Credit Card,Female,4,6,Fashion,1,Single,7,0,17,3,3,12,158
C004195,12,Computer,1,26,Cash on Delivery,Female,5,1,Laptop & Accessory,1,Married,3,1,22,4,4,3,263
C004196,35,Mobile Phone,1,31,E wallet,Male,3,6,Others,2,Single,3,0,11,6,3,13,310
C004197,11,Computer,3,23,Credit Card,Female,3,5,Mobile Phone,3,Single,5,0,19,2,9,30,499
C004198,46,Mobile Phone,1,14,Debit Card,Male,5,1,Mobile Phone,1,Divorced,1,0,8,4,2,22,252
C004199,50,Mobile Phone,2,10,UPI,Male,3,4,Others,2,Married,7,0,4,9,14,22,285
C004200,21,Mobile Phone,2,30,UPI,Female,5,2,Mobile Phone,5,Single,2,0,16,4,5,8,54
C004201,21,Computer,3,46,UPI,Male,2,6,Laptop & Accessory,5,Married,2,0,28,6,15,29,349
C004202,5,Mobile Phone,1,7,UPI,Female,5,4,Others,3,Married,4,0,24,8,5,11,182
C004203,48,Mobile Phone,1,7,Debit Card,Female,4,3,Others,2,Married,2,0,3,9,5,3,249
C004204,20,Mobile Phone,3,10,Credit Card,Male,1,5,Others,3,Married,3,0,17,10,1,27,372
C004205,37,Mobile Phone,2,14,Cash on Delivery,Female,2,4,Mobile Phone,1,Married,4,0,28,6,7,1,382
C004206,3,Mobile Phone,1,42,Debit Card,Male,4,2,Grocery,5,Married,4,1,22,2,9,8,196
C004207,44,Mobile Phone,1,17,Credit Card,Female,2,1,Mobile Phone,3,Single,1,0,30,2,9,12,51
C004208,33,Mobile Phone,3,42,E wallet,Male,4,1,Others,1,Married,2,0,3,2,11,25,307
C004209,53,Mobile Phone,1,16,Credit Card,Male,3,3,Laptop & Accessory,5,Married,6,0,12,0,11,20,415
C004210,9,Mobile Phone,2,50,Credit Card,Male,5,3,Grocery,3,Married,2,0,4,9,2,28,83
C004211,9,Mobile Phone,2,31,Credit Card,Male,4,5,Others,1,Single,3,0,4,5,15,24,149
C004212,4,Mobile Phone,3,12,Debit Card,Male,4,4,Mobile Phone,4,Single,1,0,13,9,3,22,128
C004213,35,Tablet,3,9,Credit Card,Male,3,5,Fashion,5,Single,5,0,0,3,14,5,428
C004214,17,Mobile Phone,2,40,Credit Card,Female,1,1,Others,1,Married,7,0,15,9,13,1,310
C004215,34,Computer,1,42,E wallet,Female,1,1,Laptop & Accessory,4,Married,5,0,5,10,9,2,111
C004216,24,Computer,3,47,E wallet,Female,5,6,Fashion,3,Single,5,1,23,3,7,11,402
C004217,32,Mobile Phone,2,34,UPI,Female,3,4,Fashion,4,Married,4,0,23,2,14,26,187
C004218,1,Mobile Phone,3,41,Debit Card,Male,2,5,Mobile Phone,5,Married,6,0,15,3,5,19,141
C004219,8,Computer,2,33,Credit Card,Male,4,3,Mobile Phone,2,Single,5,0,23,2,1,30,435
C004220,45,Mobile Phone,2,26,UPI,Male,5,4,Grocery,3,Single,3,0,12,1,3,15,99
C004221,23,Mobile Phone,1,18,UPI,Male,1,6,Others,4,Married,5,0,29,7,2,19,407
C004222,47,Mobile Phone,2,14,Debit Card,Female,2,3,Grocery,1,Married,6,0,15,8,4,30,253
C004223,40,Mobile Phone,1,15,UPI,Male,3,4,Grocery,2,Married,2,1,1,10,9,6,420
C004224,12,Computer,1,39,UPI,Male,4,3,Fashion,2,Divorced,7,0,28,7,6,10,161
C004225,54,Mobile Phone,1,27,Debit Card,Male,4,2,Mobile Phone,3,Single,1,0,8,9,15,23,303
C004226,12,Mobile Phone,1,12,Cash on Delivery,Female,1,1,Fashion,4,Single,1,0,12,9,9,28,439
C004227,46,Mobile Phone,1,25,UPI,Female,1,6,Others,5,Single,2,1,8,3,13,6,81
C004228,47,Mobile Phone,1,41,E wallet,Female,5,4,Grocery,4,Single,1,0,3,1,2,21,309
C004229,15,Mobile Phone,3,32,UPI,Female,4,6,Grocery,4,Married,6,1,25,5,2,25,251
C004230,41,Mobile Phone,1,35,Debit Card,Male,4,2,Others,3,Single,7,0,24,4,2,11,200
C004231,19,Computer,2,32,Debit Card,Female,4,4,Grocery,3,Single,1,1,2,5,15,21,293
C004232,26,Mobile Phone,1,46,Cash on Delivery,Female,4,1,Mobile Phone,1,Single,2,1,26,3,4,17,310
C004233,52,Computer,2,31,Cash on Delivery,Male,2,6,Mobile Phone,5,Divorced,3,0,3,1,13,23,315
C004234,29,Mobile Phone,2,44,E wallet,Female,3,1,Grocery,3,Married,4,0,12,10,10,0,447
C004235,22,Mobile Phone,3,25,E wallet,Female,2,3,Others,1,Married,5,0,17,3,15,9,246
C004236,40,Mobile Phone,3,13,UPI,Male,3,6,Fashion,2,Single,2,0,22,0,13,7,246
C004237,21,Mobile Phone,2,33,Cash on Delivery,Female,2,1,Grocery,1,Single,2,0,7,8,3,23,474
C004238,51,Mobile Phone,3,19,E wallet,Female,5,6,Laptop & Accessory,5,Married,1,0,5,9,10,24,491
C004239,38,Mobile Phone,1,37,UPI,Female,3,6,Mobile Phone,1,Married,7,0,15,5,6,27,103
C004240,20,Computer,2,41,Credit Card,Female,4,1,Laptop & Accessory,1,Single,5,0,11,6,15,15,95
C004241,57,Computer,1,40,UPI,Male,3,1,Laptop & Accessory,3,Married,4,0,12,7,12,20,123
C004242,29,Mobile Phone,1,32,E wallet,Male,4,5,Laptop & Accessory,5,Married,4,0,11,6,8,20,358
C004243,51,Mobile Phone,1,14,UPI,Female,5,5,Grocery,1,Single,2,0,20,4,4,13,467
C004244,4,Mobile Phone,2,27,Credit Card,Male,3,1,Grocery,4,Married,6,0,4,0,6,28,84
C004245,55,Mobile Phone,2,32,E wallet,Male,1,6,Laptop & Accessory,1,Single,7,0,18,9,11,21,137
C004246,7,Mobile Phone,3,38,UPI,Female,4,6,Grocery,2,Married,7,0,11,0,7,8,269
C004247,28,Mobile Phone,2,9,E wallet,Female,3,5,Laptop & Accessory,2,Married,7,0,20,1,3,23,431
C004248,28,Computer,1,22,UPI,Male,2,4,Laptop & Accessory,1,Married,3,1,29,0,12,1,461
C004249,4,Computer,2,10,Debit Card,Male,3,6,Fashion,1,Single,3,0,25,10,9,11,453
C004250,22,Mobile Phone,3,46,E wallet,Female,4,2,Fashion,4,Married,2,1,25,6,12,4,246
C004251,12,Mobile Phone,3,27,E wallet,Male,1,2,Fashion,1,Married,6,1,11,5,13,27,105
C004252,45,Mobile Phone,2,32,E wallet,Male,1,5,Others,3,Married,3,0,0,3,14,3,361
C004253,3,Computer,3,45,E wallet,Female,2,2,Mobile Phone,5,Married,6,0,29,3,4,19,118
C004254,22,Mobile Phone,3,17,UPI,Female,5,5,Grocery,4,Married,5,0,10,7,12,0,212
C004255,44,Mobile Phone,1,29,Cash on Delivery,Female,1,3,Fashion,1,Married,3,0,30,8,8,25,185
C004256,2,Computer,1,11,UPI,Female,5,6,Mobile Phone,3,Married,5,0,29,9,3,6,271
C004257,24,Mobile Phone,1,6,Credit Card,Male,4,1,Mobile Phone,1,Married,7,0,18,1,3,4,278
C004258,34,Mobile Phone,1,20,Debit Card,Female,3,2,Grocery,4,Divorced,6,0,9,7,8,25,419
C004259,27,Mobile Phone,2,6,UPI,Male,5,1,Others,4,Married,3,0,18,4,9,12,271
C004260,55,Mobile Phone,3,40,UPI,Male,4,2,Laptop & Accessory,2,Married,6,0,27,0,3,8,82
C004261,41,Mobile Phone,2,6,E wallet,Female,4,4,Fashion,2,Married,4,0,14,1,4,26,463
C004262,1,Mobile Phone,2,42,Credit Card,Male,4,4,Others,1,Married,2,0,16,6,9,16,210
C004263,8,Mobile Phone,2,14,E wallet,Female,2,5,Grocery,5,Married,6,1,21,2,5,9,367
C004264,23,Mobile Phone,1,18,E wallet,Female,2,1,Others,3,Single,6,0,27,6,1,12,493
C004265,38,Computer,1,31,Cash on Delivery,Male,5,5,Mobile Phone,2,Single,7,1,25,3,11,25,456
C004266,6,Mobile Phone,2,19,Debit Card,Male,4,3,Others,2,Married,5,0,26,5,9,22,396
C004267,22,Mobile Phone,2,25,Cash on Delivery,Male,5,5,Fashion,5,Single,7,0,22,1,4,21,148
C004268,25,Mobile Phone,3,16,E wallet,Female,1,6,Others,4,Married,4,1,11,4,1,1,361
C004269,18,Computer,1,47,Debit Card,Female,5,6,Others,1,Single,2,0,8,8,9,8,476
C004270,17,Computer,3,37,UPI,Female,3,5,Mobile Phone,1,Divorced,7,1,5,9,2,9,298
C004271,12,Mobile Phone,1,44,Credit Card,Male,4,5,Others,3,Married,4,0,4,9,9,23,444
C004272,6,Mobile Phone,2,26,Cash on Delivery,Female,5,2,Mobile Phone,5,Single,5,0,2,0,9,24,69
C004273,26,Computer,2,42,Credit Card,Female,2,2,Fashion,5,Married,3,0,10,10,8,17,270
C004274,27,Mobile Phone,1,48,E wallet,Male,3,3,Fashion,5,Married,2,0,20,3,13,2,494
C004275,8,Mobile Phone,1,22,Debit Card,Male,5,1,Laptop & Accessory,4,Married,6,0,14,2,2,21,82
C004276,19,Computer,1,48,UPI,Female,5,4,Laptop & Accessory,5,Married,6,0,7,10,5,21,57
C004277,60,Mobile Phone,1,6,Debit Card,Female,5,1,Mobile Phone,4,Single,7,0,10,2,10,3,413
C004278,42,Tablet,2,33,Credit Card,Female,2,4,Laptop & Accessory,1,Divorced,4,0,27,9,14,10,366
C004279,1,Computer,1,11,Credit Card,Male,5,2,Laptop & Accessory,4,Divorced,3,0,21,1,9,4,393
C004280,57,Mobile Phone,2,35,UPI,Female,1,5,Grocery,1,Single,1,0,14,4,12,14,455
C004281,29,Computer,1,45,UPI,Female,1,6,Laptop & Accessory,3,Single,5,0,29,6,5,8,154
C004282,45,Computer,3,22,Debit Card,Male,1,3,Others,5,Married,5,0,22,0,3,27,233
C004283,49,Mobile Phone,3,13,Cash on Delivery,Female,5,3,Fashion,3,Married,6,0,1,6,8,9,164
C004284,35,Mobile Phone,3,12,Debit Card,Female,3,6,Laptop & Accessory,5,Married,3,0,2,1,14,13,391
C004285,40,Mobile Phone,2,37,Credit Card,Female,2,3,Mobile Phone,3,Single,3,0,9,8,3,16,97
C004286,14,Mobile Phone,1,9,Debit Card,Male,1,1,Grocery,2,Single,2,0,23,4,2,4,454
C004287,35,Computer,3,18,E wallet,Male,1,2,Grocery,2,Married,6,0,1,1,2,18,70
C004288,48,Mobile Phone,1,17,Debit Card,Male,3,2,Fashion,4,Single,4,0,21,1,11,21,110
C004289,45,Mobile Phone,1,15,Debit Card,Male,1,5,Fashion,3,Single,1,0,3,10,12,1,425
C004290,20,Mobile Phone,1,24,E wallet,Female,2,6,Mobile Phone,5,Married,6,1,13,4,1,20,231
C004291,56,Computer,2,27,Credit Card,Male,3,6,Mobile Phone,1,Single,2,0,23,2,7,14,364
C004292,49,Mobile Phone,2,49,UPI,Male,4,1,Mobile Phone,4,Married,2,0,28,4,15,24,311
C004293,13,Mobile Phone,2,31,Debit Card,Male,2,5,Grocery,4,Married,1,1,29,2,6,20,74
C004294,38,Mobile Phone,2,19,Cash on Delivery,Male,2,4,Grocery,2,Single,6,0,10,2,13,19,465
C004295,49,Mobile Phone,1,34,UPI,Female,5,2,Mobile Phone,3,Married,5,0,0,2,4,19,168
C004296,46,Mobile Phone,3,20,Cash on Delivery,Male,4,3,Laptop & Accessory,3,Married,7,0,18,6,14,25,110
C004297,49,Mobile Phone,2,49,Debit Card,Female,4,6,Laptop & Accessory,4,Single,2,0,27,9,5,12,468
C004298,8,Mobile Phone,2,44,Cash on Delivery,Male,3,5,Mobile Phone,2,Married,6,0,19,1,6,9,367
C004299,43,Mobile Phone,2,22,UPI,Female,1,4,Mobile Phone,1,Single,5,1,15,6,13,24,300
C004300,20,Computer,1,46,Cash on Delivery,Male,4,3,Grocery,2,Single,4,0,22,1,1,28,167
C004301,60,Mobile Phone,1,27,Cash on Delivery,Male,3,3,Laptop & Accessory,3,Single,3,0,20,5,1,8,378
C004302,33,Mobile Phone,2,40,UPI,Male,4,5,Fashion,1,Married,4,0,17,9,5,8,74
C004303,26,Mobile Phone,1,42,UPI,Female,2,5,Fashion,4,Married,3,0,8,5,7,5,280
C004304,39,Mobile Phone,1,12,UPI,Male,4,5,Others,1,Single,2,1,26,2,1,14,138
C004305,21,Mobile Phone,3,43,UPI,Female,1,2,Fashion,4,Divorced,3,0,0,8,1,14,151
C004306,53,Mobile Phone,2,33,E wallet,Female,3,6,Laptop & Accessory,2,Single,1,0,25,8,12,12,226
C004307,49,Mobile Phone,2,16,Debit Card,Female,1,6,Grocery,1,Single,1,0,1,6,5,0,441
C004308,42,Mobile Phone,2,22,UPI,Male,5,1,Laptop & Accessory,5,Single,4,1,16,9,8,19,408
C004309,43,Mobile Phone,3,23,Credit Card,Male,1,6,Laptop & Accessory,3,Single,1,1,27,1,11,9,220
C004310,54,Computer,1,40,Cash on Delivery,Male,1,5,Fashion,4,Divorced,4,0,30,4,4,1,344
C004311,41,Mobile Phone,3,37,UPI,Male,3,6,Mobile Phone,1,Married,5,0,17,8,1,9,287
C004312,9,Mobile Phone,2,9,UPI,Male,2,2,Others,1,Married,5,0,13,6,3,25,211
C004313,24,Mobile Phone,1,43,Debit Card,Female,4,1,Fashion,5,Single,4,0,10,10,4,6,334
C004314,37,Mobile Phone,1,32,UPI,Male,4,4,Fashion,2,Single,4,0,16,1,4,7,348
C004315,49,Mobile Phone,2,30,E wallet,Male,3,1,Fashion,5,Divorced,7,0,15,1,6,11,237
C004316,41,Mobile Phone,2,47,Credit Card,Male,3,2,Others,1,Single,4,1,7,9,9,28,479
C004317,17,Mobile Phone,1,25,Credit Card,Female,2,2,Grocery,3,Single,7,0,9,4,15,15,351
C004318,24,Mobile Phone,2,27,UPI,Male,2,6,Fashion,1,Single,6,1,27,6,13,12,371
C004319,21,Mobile Phone,2,25,Debit Card,Male,5,1,Grocery,1,Single,6,0,22,5,2,23,488
C004320,51,Computer,2,15,UPI,Male,4,1,Grocery,1,Married,7,0,0,10,15,24,112
C004321,59,Mobile Phone,3,46,Cash on Delivery,Male,4,6,Laptop & Accessory,5,Single,3,0,27,10,10,8,261
C004322,39,Mobile Phone,3,43,Credit Card,Female,5,2,Mobile Phone,5,Married,6,1,10,1,11,30,264
C004323,55,Computer,2,20,Cash on Delivery,Female,3,2,Others,4,Single,6,1,15,6,2,19,336
C004324,41,Mobile Phone,3,37,E wallet,Male,4,4,Mobile Phone,4,Single,1,0,14,2,15,10,158
C004325,39,Mobile Phone,1,31,Credit Card,Female,1,2,Grocery,4,Married,3,0,14,6,14,28,477
C004326,13,Mobile Phone,1,5,Credit Card,Female,3,2,Grocery,1,Married,3,1,23,2,5,8,76
C004327,11,Mobile Phone,1,48,E wallet,Female,3,3,Others,4,Married,7,0,15,1,5,15,326
C004328,46,Mobile Phone,2,20,Cash on Delivery,Male,2,3,Mobile Phone,4,Single,3,0,4,7,3,3,292
C004329,19,Computer,2,9,UPI,Female,5,3,Laptop & Accessory,2,Single,5,1,24,9,9,21,237
C004330,11,Mobile Phone,2,50,Debit Card,Male,3,5,Mobile Phone,5,Married,7,0,18,6,6,13,245
C004331,13,Mobile Phone,1,22,Cash on Delivery,Male,2,6,Fashion,4,Married,5,1,11,5,9,28,349
C004332,46,Computer,1,45,E wallet,Female,1,5,Mobile Phone,5,Single,3,0,3,9,11,7,90
C004333,45,Computer,3,38,E wallet,Female,1,2,Grocery,3,Single,2,0,3,9,7,19,257
C004334,1,Mobile Phone,3,48,E wallet,Female,4,3,Others,2,Single,3,0,0,3,2,6,95
C004335,40,Mobile Phone,2,29,Credit Card,Male,5,6,Fashion,3,Married,2,0,2,5,10,20,226
C004336,44,Mobile Phone,2,46,UPI,Female,5,4,Grocery,5,Married,2,0,19,2,11,23,442
C004337,19,Mobile Phone,2,38,Credit Card,Male,2,4,Mobile Phone,5,Married,7,1,3,7,15,11,471
C004338,12,Mobile Phone,1,19,Credit Card,Female,4,4,Others,3,Married,1,0,12,1,12,6,144
C004339,8,Mobile Phone,2,8,Credit Card,Female,5,2,Fashion,4,Divorced,4,0,18,4,15,9,392
C004340,8,Computer,2,8,E wallet,Female,4,6,Mobile Phone,2,Married,7,0,23,1,11,29,125
C004341,53,Mobile Phone,2,29,Cash on Delivery,Male,2,3,Fashion,5,Single,3,0,5,2,1,10,303
C004342,45,Mobile Phone,1,45,Debit Card,Female,4,2,Laptop & Accessory,1,Single,3,0,15,8,8,23,179
C004343,12,Mobile Phone,3,17,Debit Card,Male,3,2,Laptop & Accessory,2,Married,3,0,10,1,10,23,142
C004344,48,Mobile Phone,3,46,UPI,Female,3,4,Others,3,Single,4,0,28,4,4,23,168
C004345,33,Mobile Phone,1,50,UPI,Male,3,3,Laptop & Accessory,5,Married,7,0,19,9,7,6,196
C004346,45,Mobile Phone,2,29,E wallet,Female,3,5,Grocery,5,Single,2,0,1,5,4,10,447
C004347,26,Computer,3,7,Debit Card,Female,1,1,Mobile Phone,3,Single,7,0,13,5,2,28,113
C004348,39,Mobile Phone,1,39,Cash on Delivery,Female,1,2,Fashion,1,Single,3,0,7,0,12,19,103
C004349,28,Mobile Phone,2,13,E wallet,Female,5,3,Fashion,1,Single,3,0,14,7,7,13,200
C004350,58,Mobile Phone,2,18,UPI,Female,1,1,Laptop & Accessory,5,Single,4,0,27,6,7,22,54
C004351,5,Mobile Phone,2,26,E wallet,Female,4,1,Fashion,4,Single,5,0,9,9,12,28,77
C004352,8,Mobile Phone,3,13,UPI,Male,4,5,Fashion,1,Single,4,1,13,10,3,14,228
C004353,25,Computer,1,28,Debit Card,Female,1,5,Mobile Phone,1,Single,6,0,11,4,3,19,389
C004354,27,Tablet,1,27,E wallet,Female,4,2,Others,4,Married,4,0,18,8,13,25,169
C004355,46,Mobile Phone,1,41,Credit Card,Male,5,2,Fashion,1,Single,5,0,13,10,2,28,59
C004356,23,Mobile Phone,1,49,UPI,Male,2,3,Laptop & Accessory,4,Single,1,0,26,7,13,11,188
C004357,30,Computer,2,19,Credit Card,Female,1,5,Laptop & Accessory,3,Married,4,0,1,9,11,19,381
C004358,45,Mobile Phone,2,40,UPI,Male,3,6,Others,2,Married,4,0,0,5,9,22,248
C004359,47,Mobile Phone,1,18,Credit Card,Male,4,5,Fashion,2,Single,6,0,22,1,3,22,300
C004360,23,Mobile Phone,2,24,Debit Card,Female,4,6,Fashion,3,Single,3,0,0,0,13,18,201
C004361,49,Computer,2,43,Debit Card,Male,2,3,Fashion,1,Married,2,0,11,10,14,0,374
C004362,47,Mobile Phone,1,40,Cash on Delivery,Female,5,6,Others,2,Single,2,1,12,4,15,24,222
C004363,20,Computer,2,31,Cash on Delivery,Male,4,5,Laptop & Accessory,3,Married,7,0,14,1,4,30,136
C004364,18,Computer,2,21,Cash on Delivery,Male,3,4,Fashion,2,Married,4,0,27,6,2,16,392
C004365,18,Mobile Phone,2,30,E wallet,Male,2,1,Fashion,1,Married,2,0,1,10,7,21,313
C004366,2,Computer,1,45,UPI,Female,4,4,Grocery,4,Married,3,0,30,5,7,1,467
C004367,4,Computer,2,8,E wallet,Female,3,1,Mobile Phone,3,Single,7,0,25,9,1,5,211
C004368,30,Mobile Phone,3,7,Cash on Delivery,Female,4,6,Others,2,Single,4,1,22,1,3,11,407
C004369,33,Mobile Phone,2,23,UPI,Female,3,3,Mobile Phone,1,Single,4,1,2,5,9,0,99
C004370,36,Mobile Phone,1,45,E wallet,Female,2,3,Others,2,Married,4,1,27,0,12,14,223
C004371,18,Mobile Phone,2,44,Debit Card,Female,5,1,Mobile Phone,1,Divorced,3,0,4,8,1,28,179
C004372,37,Mobile Phone,1,43,UPI,Male,1,1,Grocery,1,Single,2,0,15,0,7,17,219
C004373,19,Mobile Phone,2,11,Cash on Delivery,Male,1,1,Mobile Phone,1,Single,4,0,14,0,9,12,499
C004374,47,Mobile Phone,1,40,Debit Card,Female,5,1,Fashion,1,Married,7,0,19,0,8,25,366
C004375,28,Computer,1,23,UPI,Male,4,2,Mobile Phone,3,Single,5,0,19,3,1,29,179
C004376,40,Mobile Phone,2,16,E wallet,Female,2,5,Mobile Phone,4,Single,4,0,15,0,5,4,426
C004377,20,Mobile Phone,1,24,Cash on Delivery,Female,3,5,Laptop & Accessory,3,Divorced,2,1,19,8,3,0,80
C004378,49,Mobile Phone,2,42,E wallet,Male,2,3,Others,2,Divorced,1,0,16,10,6,1,224
C004379,33,Mobile Phone,1,16,Debit Card,Male,5,2,Mobile Phone,3,Married,1,0,4,2,2,3,405
C004380,12,Mobile Phone,1,33,Debit Card,Female,4,1,Fashion,3,Single,1,0,27,5,8,15,110
C004381,58,Mobile Phone,3,34,Debit Card,Female,4,2,Fashion,2,Single,6,0,24,10,13,9,441
C004382,51,Mobile Phone,3,24,UPI,Male,5,1,Others,4,Married,7,0,19,8,5,22,287
C004383,15,Computer,1,8,Cash on Delivery,Male,2,6,Grocery,3,Single,5,0,4,7,7,24,229
C004384,41,Computer,2,6,Debit Card,Male,1,5,Others,1,Single,1,0,2,5,8,10,377
C004385,39,Mobile Phone,1,34,E wallet,Female,2,1,Fashion,3,Married,3,0,24,9,3,19,147
C004386,2,Computer,2,27,Cash on Delivery,Female,4,6,Grocery,2,Married,3,0,1,3,10,13,454
C004387,29,Computer,2,10,E wallet,Female,4,5,Grocery,4,Married,1,0,17,9,1,16,169
C004388,41,Mobile Phone,1,22,E wallet,Female,5,1,Laptop & Accessory,3,Single,1,0,0,4,10,17,220
C004389,10,Tablet,2,26,Debit Card,Female,2,6,Mobile Phone,3,Married,2,1,1,2,8,0,320
C004390,2,Computer,1,41,Cash on Delivery,Male,1,3,Laptop & Accessory,2,Married,3,1,9,6,3,25,177
C004391,51,Mobile Phone,1,8,Credit Card,Female,2,5,Mobile Phone,5,Single,7,0,17,9,8,25,491
C004392,11,Mobile Phone,3,47,UPI,Female,4,6,Laptop & Accessory,5,Single,2,0,12,4,9,27,421
C004393,13,Mobile Phone,2,15,Credit Card,Female,2,3,Grocery,3,Married,6,0,21,5,7,14,118
C004394,10,Mobile Phone,2,45,UPI,Male,4,2,Mobile Phone,1,Single,2,0,6,1,5,6,318
C004395,14,Computer,2,39,Cash on Delivery,Female,4,1,Fashion,3,Single,1,0,30,9,12,9,193
C004396,18,Mobile Phone,2,15,Debit Card,Male,3,2,Grocery,5,Single,2,0,1,10,5,26,168
C004397,51,Computer,2,38,Cash on Delivery,Female,1,1,Others,3,Married,6,0,10,6,10,0,87
C004398,54,Computer,1,13,Credit Card,Female,5,5,Grocery,1,Married,1,0,22,3,2,8,180
C004399,9,Mobile Phone,2,35,E wallet,Male,1,1,Fashion,4,Single,1,0,14,6,13,22,370
C004400,57,Mobile Phone,2,46,UPI,Male,2,6,Laptop & Accessory,3,Single,4,0,4,0,8,25,492
C004401,39,Mobile Phone,2,36,UPI,Female,3,4,Mobile Phone,2,Divorced,3,0,16,0,4,25,409
C004402,28,Mobile Phone,2,47,Credit Card,Male,4,4,Laptop & Accessory,1,Divorced,5,0,3,1,2,3,352
C004403,3,Mobile Phone,1,39,Debit Card,Male,1,4,Laptop & Accessory,3,Single,7,0,29,2,5,19,247
C004404,20,Mobile Phone,2,15,Cash on Delivery,Male,4,3,Mobile Phone,5,Divorced,6,0,14,3,2,1,344
C004405,6,Mobile Phone,1,21,Credit Card,Female,4,4,Laptop & Accessory,3,Married,3,0,30,1,8,7,356
C004406,27,Computer,2,40,Cash on Delivery,Female,3,1,Fashion,5,Married,5,0,24,2,8,12,99
C004407,53,Mobile Phone,2,6,Debit Card,Female,1,2,Others,2,Single,7,0,7,4,13,21,268
C004408,2,Mobile Phone,3,28,E wallet,Female,3,3,Mobile Phone,4,Single,4,0,12,3,14,17,434
C004409,29,Mobile Phone,2,50,Cash on Delivery,Male,4,5,Laptop & Accessory,5,Married,4,1,1,7,14,21,457
C004410,38,Computer,3,19,Debit Card,Female,1,3,Mobile Phone,3,Single,3,0,3,6,10,5,190
C004411,3,Mobile Phone,2,32,Credit Card,Male,4,6,Laptop & Accessory,2,Married,4,1,11,4,12,14,207
C004412,16,Mobile Phone,3,7,E wallet,Female,4,6,Fashion,1,Married,4,0,29,9,10,23,135
C004413,30,Computer,2,33,E wallet,Female,1,2,Grocery,3,Married,7,0,11,10,11,26,229
C004414,40,Mobile Phone,3,49,E wallet,Male,5,4,Others,1,Single,1,1,21,8,12,24,301
C004415,2,Mobile Phone,1,17,UPI,Female,3,2,Others,5,Married,7,0,29,1,10,7,434
C004416,17,Mobile Phone,1,26,Debit Card,Female,2,3,Mobile Phone,2,Single,4,1,15,0,8,12,78
C004417,41,Computer,2,35,Cash on Delivery,Female,4,3,Others,4,Divorced,2,0,12,4,15,4,395
C004418,12,Mobile Phone,3,11,Credit Card,Male,3,3,Laptop & Accessory,3,Married,4,0,16,1,10,12,121
C004419,35,Mobile Phone,2,30,E wallet,Female,3,2,Fashion,2,Single,6,0,15,3,7,8,264
C004420,43,Mobile Phone,1,35,E wallet,Male,1,1,Fashion,2,Married,6,0,2,2,11,3,175
C004421,1,Tablet,2,42,E wallet,Male,1,1,Mobile Phone,4,Single,6,0,27,1,4,28,467
C004422,55,Mobile Phone,2,42,Debit Card,Female,1,6,Laptop & Accessory,5,Single,7,0,0,5,7,21,495
C004423,45,Mobile Phone,1,8,Credit Card,Female,3,4,Others,4,Single,6,0,24,5,14,18,115
C004424,15,Computer,2,39,Debit Card,Female,1,6,Laptop & Accessory,4,Married,7,0,30,4,11,9,278
C004425,26,Mobile Phone,3,37,Credit Card,Female,2,5,Others,4,Married,5,0,14,4,14,28,195
C004426,37,Tablet,3,7,Cash on Delivery,Male,3,2,Laptop & Accessory,1,Single,3,0,26,8,13,8,367
C004427,21,Computer,1,23,UPI,Male,1,1,Others,3,Single,5,0,10,6,11,8,238
C004428,49,Computer,1,13,Credit Card,Female,4,4,Others,4,Married,1,1,12,5,13,14,68
C004429,31,Mobile Phone,1,50,Debit Card,Female,3,5,Fashion,3,Married,4,0,26,3,7,5,101
C004430,25,Mobile Phone,1,23,Debit Card,Female,5,4,Grocery,4,Single,2,0,26,4,12,26,351
C004431,23,Computer,1,23,Debit Card,Male,5,4,Grocery,5,Married,6,0,22,0,1,6,254
C004432,24,Tablet,3,30,UPI,Female,3,6,Mobile Phone,5,Single,1,0,3,10,7,12,270
C004433,57,Mobile Phone,1,17,Credit Card,Female,3,6,Grocery,4,Divorced,6,0,7,1,13,23,371
C004434,38,Computer,3,26,Credit Card,Female,5,5,Mobile Phone,2,Single,3,0,24,2,10,3,57
C004435,28,Mobile Phone,3,12,Credit Card,Male,4,3,Fashion,3,Divorced,4,0,18,0,2,0,187
C004436,21,Mobile Phone,1,28,Credit Card,Male,4,1,Mobile Phone,5,Married,6,1,17,1,14,8,137
C004437,54,Mobile Phone,3,30,E wallet,Female,4,1,Grocery,1,Married,7,0,22,7,11,2,457
C004438,43,Computer,2,45,E wallet,Male,2,5,Others,2,Married,6,0,12,10,7,29,460
C004439,18,Mobile Phone,2,45,Debit Card,Female,2,1,Mobile Phone,5,Married,3,1,2,4,11,20,197
C004440,36,Mobile Phone,1,7,E wallet,Female,4,2,Grocery,2,Single,1,0,2,4,10,2,132
C004441,35,Tablet,2,11,Credit Card,Male,5,2,Grocery,3,Single,2,0,2,9,9,3,324
C004442,45,Mobile Phone,1,6,Credit Card,Female,2,2,Others,2,Single,3,0,10,9,15,8,364
C004443,55,Mobile Phone,2,37,E wallet,Male,1,5,Laptop & Accessory,1,Single,7,0,4,8,4,9,68
C004444,9,Mobile Phone,1,16,Cash on Delivery,Male,2,6,Grocery,2,Divorced,4,0,11,3,8,17,52
C004445,53,Mobile Phone,2,16,Debit Card,Female,5,4,Fashion,5,Single,7,0,15,4,6,17,107
C004446,38,Mobile Phone,1,14,UPI,Female,5,4,Others,1,Divorced,5,1,11,6,3,2,370
C004447,58,Computer,1,45,Debit Card,Female,3,3,Laptop & Accessory,3,Married,5,1,28,9,7,19,273
C004448,30,Mobile Phone,2,31,Debit Card,Female,5,3,Others,5,Married,3,1,26,5,12,1,214
C004449,60,Computer,2,22,Debit Card,Female,4,2,Mobile Phone,3,Single,2,1,7,9,6,24,271
C004450,44,Mobile Phone,2,8,E wallet,Male,5,2,Grocery,4,Single,6,0,14,3,13,4,175
C004451,34,Mobile Phone,1,44,Debit Card,Male,2,5,Grocery,5,Single,1,0,0,9,9,18,216
C004452,32,Mobile Phone,3,27,Credit Card,Male,2,2,Others,2,Married,7,0,5,6,3,3,342
C004453,3,Mobile Phone,2,25,Debit Card,Male,2,2,Mobile Phone,3,Divorced,4,0,6,1,2,27,158
C004454,3,Mobile Phone,1,40,Credit Card,Male,5,2,Others,2,Single,3,0,10,2,6,17,457
C004455,28,Mobile Phone,2,34,E wallet,Female,4,1,Fashion,1,Married,4,0,0,1,9,25,433
C004456,44,Mobile Phone,2,25,E wallet,Male,4,4,Grocery,3,Single,2,0,6,8,12,16,456
C004457,15,Mobile Phone,1,27,Debit Card,Female,3,1,Grocery,3,Divorced,5,1,13,7,15,27,251
C004458,41,Mobile Phone,2,25,Credit Card,Female,1,6,Fashion,1,Married,7,1,1,3,5,20,331
C004459,23,Mobile Phone,3,12,Credit Card,Male,4,2,Laptop & Accessory,1,Single,1,1,27,8,6,11,385
C004460,40,Computer,2,43,Credit Card,Male,2,2,Grocery,1,Married,5,0,11,2,2,21,178
C004461,11,Mobile Phone,1,17,Credit Card,Male,3,1,Others,1,Married,7,0,0,6,10,30,440
C004462,48,Mobile Phone,3,44,UPI,Female,4,1,Laptop & Accessory,4,Married,7,0,25,5,5,26,190
C004463,32,Computer,1,26,E wallet,Female,4,5,Laptop & Accessory,3,Single,1,0,3,10,4,10,102
C004464,58,Computer,3,11,Credit Card,Female,1,5,Others,4,Married,5,0,1,4,11,27,110
C004465,59,Mobile Phone,1,28,UPI,Male,1,2,Fashion,4,Single,3,0,27,1,9,17,469
C004466,57,Mobile Phone,2,9,UPI,Female,1,1,Laptop & Accessory,2,Married,2,0,24,0,4,9,326
C004467,54,Mobile Phone,2,30,E wallet,Female,4,6,Grocery,3,Single,5,0,23,2,8,1,69
C004468,36,Mobile Phone,1,14,Cash on Delivery,Male,4,5,Mobile Phone,3,Married,2,0,3,8,11,30,303
C004469,60,Computer,3,15,Debit Card,Female,2,3,Laptop & Accessory,3,Divorced,5,1,11,4,8,5,197
C004470,33,Computer,2,44,E wallet,Female,5,1,Fashion,3,Single,4,0,6,4,13,9,241
C004471,24,Mobile Phone,1,42,Cash on Delivery,Male,1,4,Others,1,Married,5,0,7,1,12,9,178
C004472,39,Tablet,2,15,Debit Card,Female,2,3,Grocery,5,Single,1,0,24,2,9,5,158
C004473,34,Mobile Phone,2,34,Debit Card,Male,2,3,Mobile Phone,2,Single,4,0,30,1,2,16,299
C004474,56,Mobile Phone,1,8,Debit Card,Male,3,6,Laptop & Accessory,2,Single,3,0,4,6,9,6,477
C004475,28,Computer,3,6,UPI,Female,2,1,Fashion,1,Married,3,0,12,2,12,12,268
C004476,37,Mobile Phone,3,17,Credit Card,Female,1,6,Mobile Phone,4,Single,3,1,19,4,6,11,368
C004477,7,Computer,1,43,Debit Card,Male,5,2,Mobile Phone,5,Divorced,2,1,28,0,7,26,82
C004478,4,Tablet,2,21,Credit Card,Female,2,4,Grocery,2,Single,6,0,30,3,4,2,127
C004479,37,Mobile Phone,1,27,Debit Card,Female,4,5,Grocery,4,Married,6,1,23,5,3,13,452
C004480,56,Mobile Phone,3,49,UPI,Male,4,6,Laptop & Accessory,3,Married,3,0,2,10,6,4,427
C004481,1,Mobile Phone,3,14,Debit Card,Male,2,5,Laptop & Accessory,5,Single,5,0,12,9,1,7,396
C004482,1,Mobile Phone,1,17,E wallet,Male,1,2,Mobile Phone,5,Married,4,0,1,3,8,21,90
C004483,47,Mobile Phone,3,46,Cash on Delivery,Male,5,4,Fashion,3,Single,1,1,26,10,12,23,358
C004484,20,Mobile Phone,2,43,Debit Card,Male,5,6,Mobile Phone,2,Married,6,0,28,6,9,27,201
C004485,19,Computer,1,46,Cash on Delivery,Male,1,4,Fashion,5,Single,3,0,18,5,12,16,380
C004486,29,Mobile Phone,3,33,Cash on Delivery,Female,4,3,Grocery,1,Single,7,0,5,4,3,10,360
C004487,10,Mobile Phone,2,20,UPI,Female,4,3,Fashion,1,Divorced,1,0,23,5,2,23,272
C004488,60,Mobile Phone,2,7,Cash on Delivery,Male,3,4,Fashion,1,Married,7,0,2,2,4,2,125
C004489,18,Computer,2,40,UPI,Male,2,6,Grocery,5,Married,2,0,12,1,7,23,358
C004490,28,Mobile Phone,1,8,Debit Card,Male,2,6,Others,2,Single,7,0,25,8,3,8,262
C004491,35,Mobile Phone,1,40,Credit Card,Male,4,6,Mobile Phone,4,Single,6,0,17,9,4,14,403
C004492,43,Computer,3,20,UPI,Male,2,1,Laptop & Accessory,2,Married,6,0,7,0,8,28,215
C004493,47,Mobile Phone,2,45,Cash on Delivery,Female,1,6,Fashion,4,Married,2,0,10,2,14,18,86
C004494,31,Mobile Phone,3,10,Cash on Delivery,Male,5,1,Laptop & Accessory,5,Single,6,0,12,6,1,19,52
C004495,27,Computer,1,46,Debit Card,Female,3,1,Laptop & Accessory,3,Single,1,1,9,9,2,19,480
C004496,11,Mobile Phone,2,32,UPI,Male,1,4,Mobile Phone,4,Married,7,0,29,4,10,26,311
C004497,49,Tablet,3,40,Debit Card,Female,1,5,Others,4,Married,7,1,20,1,13,1,350
C004498,49,Mobile Phone,1,27,UPI,Female,1,1,Others,2,Single,5,0,12,8,5,24,392
C004499,38,Mobile Phone,1,16,Credit Card,Male,2,5,Others,5,Married,1,0,23,6,7,11,88
C004500,5,Computer,2,46,E wallet,Male,5,1,Others,2,Single,4,0,11,2,7,8,249
C004501,8,Mobile Phone,1,35,Debit Card,Male,3,4,Grocery,5,Married,3,1,27,4,5,28,438
C004502,34,Computer,1,16,Cash on Delivery,Female,4,1,Laptop & Accessory,4,Single,5,0,3,0,1,26,277
C004503,48,Computer,3,36,Debit Card,Male,1,6,Laptop & Accessory,3,Married,7,0,21,8,15,26,388
C004504,52,Computer,3,29,UPI,Male,1,5,Grocery,5,Married,1,0,28,0,1,9,139
C004505,56,Tablet,2,33,Debit Card,Female,1,2,Mobile Phone,4,Single,4,0,21,4,6,22,407
C004506,12,Mobile Phone,3,23,Credit Card,Female,4,6,Fashion,3,Married,1,0,16,9,8,13,420
C004507,38,Computer,3,26,UPI,Male,2,5,Others,2,Single,3,1,4,8,8,26,150
C004508,1,Mobile Phone,2,28,Cash on Delivery,Male,2,2,Others,2,Single,2,0,17,6,1,22,131
C004509,31,Mobile Phone,1,37,Cash on Delivery,Male,5,6,Grocery,5,Single,1,0,1,8,5,30,442
C004510,4,Computer,1,40,UPI,Male,2,5,Others,5,Divorced,4,0,23,5,12,25,337
C004511,49,Mobile Phone,1,49,Credit Card,Male,2,6,Grocery,5,Married,6,0,17,5,4,23,328
C004512,45,Mobile Phone,1,44,Debit Card,Male,3,6,Fashion,2,Married,6,0,0,8,2,18,472
C004513,50,Mobile Phone,1,50,E wallet,Male,3,1,Laptop & Accessory,5,Married,1,0,23,0,9,17,385
C004514,5,Mobile Phone,1,20,Cash on Delivery,Female,2,1,Others,4,Married,6,0,10,2,9,28,115
C004515,30,Tablet,1,6,Credit Card,Female,3,5,Mobile Phone,1,Single,3,0,4,8,12,13,184
C004516,56,Mobile Phone,1,12,Credit Card,Female,5,1,Grocery,1,Married,4,0,11,2,3,3,485
C004517,24,Mobile Phone,2,17,Credit Card,Female,2,1,Fashion,5,Single,7,0,15,3,13,0,375
C004518,59,Computer,1,34,Debit Card,Male,3,4,Mobile Phone,4,Divorced,2,0,25,3,3,6,75
C004519,3,Mobile Phone,3,5,Credit Card,Male,4,3,Laptop & Accessory,4,Married,3,0,29,1,10,7,181
C004520,11,Mobile Phone,1,16,Credit Card,Female,3,3,Mobile Phone,4,Married,1,0,17,0,7,28,302
C004521,45,Mobile Phone,3,11,UPI,Female,3,6,Grocery,3,Single,6,0,26,3,12,21,357
C004522,4,Mobile Phone,3,18,UPI,Male,4,5,Others,4,Single,5,1,14,7,12,12,399
C004523,26,Mobile Phone,2,46,Credit Card,Male,5,3,Laptop & Accessory,2,Married,1,0,23,2,10,27,398
C004524,27,Computer,2,39,Credit Card,Female,4,2,Grocery,2,Single,7,1,26,4,2,11,215
C004525,46,Mobile Phone,3,32,UPI,Female,5,5,Fashion,4,Single,2,0,10,8,1,26,162
C004526,54,Computer,1,16,Debit Card,Female,4,5,Mobile Phone,1,Single,7,0,12,7,15,28,480
C004527,43,Computer,3,44,UPI,Female,5,2,Mobile Phone,3,Married,7,0,1,7,3,25,432
C004528,27,Mobile Phone,3,28,UPI,Male,5,3,Laptop & Accessory,2,Married,6,1,24,6,6,16,427
C004529,42,Mobile Phone,2,5,UPI,Male,1,2,Laptop & Accessory,2,Single,1,0,0,8,2,6,368
C004530,51,Mobile Phone,1,21,UPI,Male,1,1,Fashion,2,Single,6,0,2,9,14,25,434
C004531,50,Mobile Phone,2,42,E wallet,Female,3,5,Fashion,3,Married,5,0,23,10,1,29,274
C004532,6,Computer,2,32,Cash on Delivery,Male,4,4,Laptop & Accessory,4,Single,2,0,24,4,2,17,236
C004533,59,Mobile Phone,2,37,Debit Card,Female,5,2,Grocery,3,Single,7,0,12,10,12,18,459
C004534,15,Mobile Phone,2,28,Debit Card,Male,1,5,Grocery,4,Married,2,0,0,10,14,10,369
C004535,53,Mobile Phone,1,49,Credit Card,Female,3,6,Laptop & Accessory,5,Married,7,0,18,7,3,20,420
C004536,30,Mobile Phone,1,10,E wallet,Female,3,6,Mobile Phone,2,Married,1,1,24,5,9,5,77
C004537,42,Mobile Phone,2,25,Credit Card,Male,3,5,Others,1,Married,3,1,17,10,4,9,142
C004538,37,Mobile Phone,1,49,Debit Card,Male,1,2,Fashion,3,Married,2,0,20,0,11,25,277
C004539,58,Mobile Phone,1,8,Debit Card,Male,2,4,Grocery,3,Single,4,1,12,3,11,26,500
C004540,37,Mobile Phone,1,37,Credit Card,Female,3,5,Others,2,Single,2,0,28,3,5,21,152
C004541,42,Mobile Phone,1,14,Cash on Delivery,Female,2,1,Mobile Phone,2,Single,6,0,1,0,9,12,349
C004542,60,Computer,2,40,Credit Card,Female,2,1,Fashion,1,Divorced,4,0,14,7,8,22,94
C004543,37,Mobile Phone,1,17,Cash on Delivery,Male,2,1,Grocery,1,Single,3,1,5,7,10,5,190
C004544,35,Mobile Phone,3,40,Cash on Delivery,Female,3,4,Grocery,2,Married,7,1,17,6,15,12,157
C004545,23,Mobile Phone,3,13,UPI,Male,5,3,Mobile Phone,4,Married,5,0,9,1,9,23,179
C004546,6,Mobile Phone,2,35,Debit Card,Female,2,1,Mobile Phone,2,Married,6,1,27,6,6,8,186
C004547,4,Computer,1,8,UPI,Male,1,2,Grocery,1,Single,4,0,20,2,15,13,115
C004548,18,Mobile Phone,2,24,Debit Card,Female,1,3,Grocery,2,Married,4,0,21,9,3,11,73
C004549,60,Mobile Phone,2,12,UPI,Male,2,2,Others,1,Single,5,1,10,10,15,22,374
C004550,9,Computer,3,31,Cash on Delivery,Male,2,4,Mobile Phone,5,Single,2,1,24,5,2,26,209
C004551,49,Computer,2,40,UPI,Female,2,1,Mobile Phone,4,Single,7,0,7,4,6,22,143
C004552,29,Mobile Phone,2,13,E wallet,Female,1,5,Others,1,Married,7,0,23,8,12,18,66
C004553,13,Mobile Phone,3,47,UPI,Female,4,1,Mobile Phone,3,Married,4,0,23,9,3,1,299
C004554,59,Computer,1,28,UPI,Female,5,4,Laptop & Accessory,3,Married,4,0,11,0,4,27,251
C004555,47,Mobile Phone,1,41,UPI,Male,4,1,Fashion,4,Married,5,0,23,4,15,6,403
C004556,52,Computer,2,45,E wallet,Female,1,1,Laptop & Accessory,4,Married,2,0,0,10,8,15,260
C004557,17,Computer,1,44,Debit Card,Male,1,1,Mobile Phone,3,Single,1,0,7,8,13,25,358
C004558,45,Computer,1,34,UPI,Female,3,4,Others,5,Married,6,0,16,0,1,22,150
C004559,32,Mobile Phone,2,30,Debit Card,Female,4,1,Grocery,5,Single,4,0,25,10,10,26,167
C004560,48,Computer,1,8,Credit Card,Male,2,6,Mobile Phone,1,Single,3,0,27,9,3,19,283
C004561,22,Mobile Phone,2,5,Cash on Delivery,Female,2,5,Grocery,4,Single,5,0,7,6,5,6,267
C004562,4,Computer,3,24,Credit Card,Female,1,5,Fashion,3,Married,7,1,2,9,11,15,425
C004563,5,Mobile Phone,1,32,E wallet,Female,3,3,Laptop & Accessory,4,Married,4,0,16,3,9,6,252
C004564,37,Mobile Phone,1,49,E wallet,Female,4,3,Fashion,3,Married,2,0,8,10,7,10,187
C004565,41,Mobile Phone,1,28,Debit Card,Female,3,3,Grocery,3,Single,3,1,19,10,3,13,250
C004566,49,Mobile Phone,1,32,Debit Card,Female,5,3,Fashion,1,Married,7,0,26,7,8,6,332
C004567,13,Mobile Phone,1,32,UPI,Male,3,5,Grocery,4,Married,1,1,18,6,9,24,187
C004568,34,Computer,1,9,Credit Card,Male,5,3,Laptop & Accessory,5,Married,3,0,13,7,2,10,81
C004569,45,Mobile Phone,2,36,Debit Card,Female,4,2,Grocery,4,Single,6,0,10,5,7,12,54
C004570,22,Computer,1,34,Debit Card,Male,2,6,Laptop & Accessory,3,Single,6,0,8,1,15,0,269
C004571,53,Mobile Phone,2,25,Debit Card,Female,5,4,Mobile Phone,5,Single,4,0,1,9,5,8,269
C004572,59,Mobile Phone,3,46,Cash on Delivery,Female,2,6,Grocery,3,Married,3,1,19,3,6,19,187
C004573,23,Mobile Phone,3,20,Debit Card,Female,3,4,Fashion,4,Married,1,0,18,6,5,19,315
C004574,51,Mobile Phone,2,12,Cash on Delivery,Male,3,5,Others,3,Married,2,0,15,10,10,3,351
C004575,3,Computer,1,16,E wallet,Male,4,4,Fashion,2,Single,1,0,23,8,2,4,108
C004576,42,Mobile Phone,2,36,UPI,Female,2,4,Others,5,Single,6,0,21,6,7,29,357
C004577,34,Mobile Phone,1,29,Credit Card,Female,4,1,Fashion,1,Married,7,0,1,8,5,27,304
C004578,32,Mobile Phone,1,7,Debit Card,Female,5,3,Grocery,2,Single,6,0,26,9,1,0,313
C004579,45,Computer,3,30,Cash on Delivery,Male,3,3,Mobile Phone,3,Married,1,1,8,2,4,19,448
C004580,51,Mobile Phone,1,40,Debit Card,Male,3,1,Grocery,4,Divorced,7,1,18,7,6,11,120
C004581,58,Mobile Phone,1,21,Debit Card,Female,3,5,Laptop & Accessory,3,Single,5,0,5,1,14,21,290
C004582,49,Mobile Phone,3,31,Cash on Delivery,Female,3,2,Mobile Phone,1,Single,5,1,24,8,8,3,380
C004583,21,Mobile Phone,3,26,Debit Card,Female,3,5,Grocery,4,Married,6,0,27,2,5,20,337
C004584,46,Mobile Phone,1,49,Credit Card,Female,5,2,Mobile Phone,5,Single,1,0,0,3,3,0,398
C004585,44,Computer,1,42,E wallet,Male,5,2,Laptop & Accessory,5,Divorced,3,1,10,8,2,9,220
C004586,21,Mobile Phone,2,39,UPI,Male,4,1,Others,3,Married,3,0,5,7,11,24,363
C004587,44,Mobile Phone,2,50,Debit Card,Male,1,5,Mobile Phone,2,Single,1,1,12,0,14,6,254
C004588,11,Mobile Phone,1,11,Cash on Delivery,Male,3,3,Mobile Phone,4,Married,7,1,13,2,2,7,88
C004589,39,Mobile Phone,2,7,Credit Card,Female,3,6,Laptop & Accessory,2,Single,3,0,25,5,3,7,433
C004590,4,Mobile Phone,3,10,Debit Card,Male,1,5,Grocery,3,Single,7,0,24,5,10,25,239
C004591,51,Tablet,1,17,E wallet,Female,4,5,Others,4,Married,2,1,30,6,3,23,480
C004592,1,Computer,3,50,E wallet,Male,5,6,Mobile Phone,5,Single,7,0,24,1,3,26,159
C004593,28,Computer,3,19,Cash on Delivery,Male,3,2,Mobile Phone,5,Divorced,3,0,28,0,3,19,420
C004594,24,Computer,1,30,Debit Card,Male,4,2,Mobile Phone,3,Married,3,0,30,7,13,7,292
C004595,35,Mobile Phone,3,37,Debit Card,Female,1,3,Mobile Phone,4,Married,7,0,26,8,8,24,468
C004596,13,Mobile Phone,1,19,Debit Card,Male,5,6,Laptop & Accessory,3,Single,1,0,25,7,9,2,417
C004597,47,Mobile Phone,2,43,E wallet,Male,5,6,Mobile Phone,5,Married,3,0,13,9,6,27,267
C004598,34,Mobile Phone,3,45,Debit Card,Male,4,3,Others,1,Single,3,0,1,0,4,6,266
C004599,11,Mobile Phone,1,18,Debit Card,Male,2,6,Laptop & Accessory,2,Married,5,0,5,10,11,10,227
C004600,36,Mobile Phone,2,23,Debit Card,Male,2,2,Mobile Phone,3,Married,5,0,25,1,3,30,62
C004601,51,Mobile Phone,3,32,Debit Card,Male,2,5,Others,1,Married,3,0,1,8,11,6,346
C004602,17,Computer,1,28,Cash on Delivery,Female,1,2,Fashion,5,Single,3,0,22,3,1,5,126
C004603,35,Computer,1,45,E wallet,Female,2,4,Fashion,3,Single,6,0,19,6,3,17,218
C004604,60,Computer,1,37,UPI,Female,4,4,Others,5,Married,1,0,8,10,5,18,314
C004605,18,Mobile Phone,2,16,Cash on Delivery,Female,5,2,Mobile Phone,5,Married,2,1,7,7,13,22,88
C004606,40,Mobile Phone,3,14,Debit Card,Male,4,3,Mobile Phone,3,Married,5,0,21,4,11,10,143
C004607,22,Mobile Phone,3,11,UPI,Female,4,2,Laptop & Accessory,1,Married,4,0,3,8,1,25,162
C004608,57,Mobile Phone,2,50,Credit Card,Female,3,5,Mobile Phone,3,Married,3,0,27,5,1,7,236
C004609,24,Mobile Phone,2,5,UPI,Female,1,4,Laptop & Accessory,5,Single,4,0,2,6,6,26,293
C004610,58,Mobile Phone,1,19,Cash on Delivery,Male,5,1,Mobile Phone,4,Married,1,1,24,0,13,14,200
C004611,19,Mobile Phone,1,5,E wallet,Male,3,3,Grocery,5,Married,4,0,21,5,2,27,74
C004612,37,Mobile Phone,2,49,Cash on Delivery,Male,1,1,Grocery,3,Married,7,0,2,9,11,27,204
C004613,39,Mobile Phone,2,24,E wallet,Female,5,3,Others,1,Single,2,0,3,3,2,13,247
C004614,21,Mobile Phone,2,6,E wallet,Female,3,1,Grocery,5,Divorced,2,0,26,9,6,26,57
C004615,8,Mobile Phone,3,7,E wallet,Male,2,1,Fashion,1,Married,6,1,7,4,9,12,88
C004616,28,Mobile Phone,2,40,Credit Card,Male,4,6,Fashion,1,Divorced,1,0,19,8,9,22,210
C004617,5,Mobile Phone,2,20,UPI,Female,2,2,Laptop & Accessory,2,Married,5,0,28,4,10,7,285
C004618,17,Mobile Phone,1,33,Cash on Delivery,Female,5,3,Fashion,1,Single,7,0,19,7,6,2,233
C004619,37,Mobile Phone,3,48,Cash on Delivery,Male,3,6,Mobile Phone,5,Single,7,1,24,10,10,22,72
C004620,36,Computer,3,40,E wallet,Male,3,4,Laptop & Accessory,5,Married,3,0,18,0,4,11,340
C004621,54,Computer,3,48,Credit Card,Female,3,1,Grocery,3,Married,7,1,9,2,9,21,117
C004622,19,Mobile Phone,2,43,Credit Card,Male,4,2,Grocery,3,Single,4,0,17,1,11,2,190
C004623,27,Mobile Phone,2,7,Debit Card,Male,3,5,Fashion,1,Single,1,0,22,7,13,2,194
C004624,53,Mobile Phone,2,41,Credit Card,Male,1,3,Fashion,4,Single,7,0,0,0,2,19,89
C004625,34,Mobile Phone,1,48,E wallet,Male,1,3,Mobile Phone,5,Single,2,1,2,1,9,10,167
C004626,11,Mobile Phone,2,16,E wallet,Male,1,4,Grocery,1,Married,7,0,25,8,4,0,381
C004627,54,Mobile Phone,3,24,UPI,Female,2,1,Fashion,3,Married,6,1,18,9,11,21,294
C004628,45,Mobile Phone,1,27,E wallet,Female,5,2,Grocery,5,Married,2,0,6,8,7,15,447
C004629,47,Mobile Phone,1,26,UPI,Male,2,1,Grocery,2,Single,1,0,9,0,6,26,343
C004630,12,Computer,2,36,Credit Card,Female,2,2,Fashion,3,Single,7,0,6,7,10,28,145
C004631,54,Mobile Phone,1,11,Debit Card,Female,4,4,Grocery,2,Single,7,0,24,10,1,25,114
C004632,21,Computer,2,26,Cash on Delivery,Male,2,1,Fashion,5,Single,1,0,1,6,13,3,288
C004633,54,Mobile Phone,2,48,E wallet,Male,4,5,Others,4,Single,7,1,21,3,1,9,212
C004634,11,Mobile Phone,1,6,Credit Card,Female,1,4,Fashion,1,Divorced,1,0,25,6,5,25,102
C004635,39,Tablet,3,18,E wallet,Female,1,4,Grocery,1,Married,4,1,22,9,5,11,168
C004636,28,Tablet,2,20,UPI,Female,2,3,Others,4,Single,2,0,17,9,4,17,443
C004637,5,Mobile Phone,3,28,Credit Card,Male,2,2,Grocery,1,Single,1,0,0,0,9,24,255
C004638,17,Mobile Phone,3,11,Cash on Delivery,Male,1,6,Grocery,1,Single,3,0,27,2,9,29,123
C004639,56,Mobile Phone,3,8,UPI,Female,3,1,Others,2,Married,1,0,30,1,14,20,50
C004640,20,Mobile Phone,1,41,Credit Card,Male,1,2,Mobile Phone,1,Married,1,0,2,7,12,19,393
C004641,41,Computer,1,50,Cash on Delivery,Female,3,4,Others,2,Married,4,0,20,8,7,29,121
C004642,46,Tablet,1,45,UPI,Male,1,1,Grocery,1,Divorced,6,0,28,4,10,10,220
C004643,58,Mobile Phone,2,9,Cash on Delivery,Male,5,5,Grocery,1,Single,5,0,9,4,6,19,151
C004644,12,Mobile Phone,3,6,Credit Card,Male,4,2,Mobile Phone,3,Single,7,0,2,4,14,27,67
C004645,6,Mobile Phone,2,9,UPI,Female,4,2,Others,4,Single,2,0,1,0,12,15,246
C004646,17,Mobile Phone,3,7,Debit Card,Male,5,5,Fashion,3,Single,6,0,26,0,11,19,172
C004647,51,Computer,1,46,E wallet,Male,3,6,Grocery,1,Married,1,0,14,7,3,14,345
C004648,19,Computer,1,12,Debit Card,Male,2,6,Others,2,Single,7,1,28,7,4,28,111
C004649,26,Mobile Phone,3,30,Cash on Delivery,Male,2,4,Laptop & Accessory,1,Married,4,0,13,1,15,4,300
C004650,48,Mobile Phone,2,14,Credit Card,Male,4,6,Grocery,5,Married,5,0,30,2,15,18,64
C004651,44,Mobile Phone,3,38,E wallet,Female,2,2,Fashion,5,Married,5,0,25,1,12,22,109
C004652,44,Mobile Phone,1,50,Credit Card,Male,3,3,Grocery,5,Single,5,0,14,7,5,21,268
C004653,52,Computer,3,40,Cash on Delivery,Male,2,3,Others,5,Single,1,0,9,8,15,16,467
C004654,32,Mobile Phone,2,16,Credit Card,Female,1,1,Mobile Phone,1,Single,7,0,10,8,10,3,468
C004655,6,Mobile Phone,3,24,UPI,Male,5,5,Laptop & Accessory,5,Married,6,0,21,5,2,20,266
C004656,55,Mobile Phone,1,33,UPI,Male,4,4,Fashion,4,Single,1,0,23,10,3,18,494
C004657,58,Computer,2,18,Cash on Delivery,Male,2,3,Grocery,1,Single,4,0,19,9,4,0,108
C004658,36,Mobile Phone,3,9,Credit Card,Male,3,1,Fashion,3,Married,2,0,1,9,3,3,435
C004659,38,Computer,3,31,Cash on Delivery,Female,2,1,Mobile Phone,1,Single,4,1,4,5,15,10,305
C004660,11,Computer,1,8,E wallet,Male,5,6,Laptop & Accessory,2,Single,7,1,9,8,12,14,200
C004661,33,Computer,1,33,Credit Card,Male,1,2,Fashion,4,Single,5,1,7,4,7,26,198
C004662,24,Mobile Phone,2,7,UPI,Male,4,4,Others,1,Single,6,0,24,9,7,21,54
C004663,23,Mobile Phone,1,37,Debit Card,Male,4,6,Others,3,Divorced,3,0,8,3,7,10,429
C004664,15,Mobile Phone,2,34,UPI,Female,3,6,Fashion,2,Married,2,0,13,4,9,20,268
C004665,27,Mobile Phone,1,40,Credit Card,Male,1,3,Laptop & Accessory,2,Single,4,1,19,7,5,6,451
C004666,11,Mobile Phone,1,13,Credit Card,Male,2,5,Grocery,3,Married,2,0,2,1,15,25,83
C004667,57,Mobile Phone,2,5,Credit Card,Female,2,6,Others,3,Married,3,1,0,7,11,19,149
C004668,51,Mobile Phone,2,27,Credit Card,Male,3,2,Grocery,3,Single,5,0,25,9,4,1,159
C004669,50,Computer,2,7,E wallet,Female,1,3,Grocery,3,Married,4,0,15,10,6,24,76
C004670,17,Mobile Phone,3,36,Debit Card,Male,3,1,Fashion,5,Married,2,1,15,1,9,13,430
C004671,51,Mobile Phone,1,28,UPI,Female,5,6,Others,4,Single,2,1,9,0,15,5,356
C004672,53,Computer,2,10,E wallet,Female,5,5,Fashion,3,Married,7,0,13,10,6,29,461
C004673,14,Computer,1,17,Cash on Delivery,Female,2,1,Mobile Phone,5,Married,1,0,18,9,14,4,128
C004674,27,Computer,2,19,Credit Card,Female,5,6,Grocery,1,Single,5,0,24,5,15,0,266
C004675,18,Computer,1,34,UPI,Male,3,2,Laptop & Accessory,2,Married,6,0,15,4,6,4,132
C004676,28,Computer,1,16,Cash on Delivery,Male,4,5,Grocery,1,Divorced,4,0,20,8,14,27,194
C004677,51,Mobile Phone,1,44,Debit Card,Female,5,5,Laptop & Accessory,1,Married,5,1,10,0,5,29,434
C004678,47,Mobile Phone,1,39,UPI,Female,3,2,Fashion,5,Married,6,0,20,10,7,30,76
C004679,47,Mobile Phone,3,32,E wallet,Female,4,1,Others,5,Married,1,0,14,5,13,23,108
C004680,4,Mobile Phone,2,8,Cash on Delivery,Male,4,6,Grocery,3,Married,6,1,1,6,13,12,344
C004681,7,Mobile Phone,3,11,UPI,Female,5,5,Mobile Phone,3,Divorced,3,0,4,8,3,9,359
C004682,45,Mobile Phone,2,47,E wallet,Male,1,4,Grocery,5,Single,6,0,18,5,6,14,251
C004683,35,Mobile Phone,1,20,Credit Card,Male,5,4,Laptop & Accessory,4,Married,7,1,8,1,6,18,401
C004684,48,Mobile Phone,1,26,UPI,Female,5,6,Laptop & Accessory,3,Single,5,0,10,6,6,20,487
C004685,9,Mobile Phone,1,50,Credit Card,Female,1,1,Laptop & Accessory,1,Single,1,0,27,10,5,11,377
C004686,8,Computer,1,49,Cash on Delivery,Male,5,5,Others,3,Married,3,0,11,7,6,2,122
C004687,52,Mobile Phone,2,45,Cash on Delivery,Female,3,1,Mobile Phone,3,Married,5,0,12,4,1,30,163
C004688,45,Computer,2,29,Cash on Delivery,Female,1,4,Mobile Phone,4,Single,3,0,1,7,1,11,341
C004689,17,Mobile Phone,1,7,Credit Card,Male,3,5,Laptop & Accessory,5,Single,7,0,0,5,15,25,67
C004690,17,Computer,1,26,Credit Card,Female,4,5,Mobile Phone,4,Single,6,0,20,2,14,7,310
C004691,49,Computer,1,35,E wallet,Female,1,6,Mobile Phone,3,Married,4,1,10,5,7,11,479
C004692,33,Mobile Phone,1,41,UPI,Male,4,6,Fashion,4,Married,2,0,27,10,3,21,168
C004693,32,Mobile Phone,1,26,E wallet,Female,2,6,Mobile Phone,3,Single,6,0,7,0,8,25,127
C004694,8,Mobile Phone,3,31,Credit Card,Female,2,6,Laptop & Accessory,4,Married,3,0,16,7,3,13,145
C004695,19,Tablet,1,6,UPI,Male,3,1,Others,2,Married,2,0,11,10,3,6,417
C004696,38,Computer,2,26,Cash on Delivery,Female,4,5,Fashion,2,Divorced,7,1,8,8,9,10,465
C004697,3,Computer,1,21,E wallet,Male,4,1,Mobile Phone,3,Divorced,4,0,22,6,10,2,125
C004698,59,Mobile Phone,1,24,E wallet,Female,1,3,Fashion,4,Single,6,0,30,7,5,18,431
C004699,5,Mobile Phone,3,28,E wallet,Male,2,3,Grocery,3,Married,6,1,24,8,3,3,246
C004700,13,Computer,2,49,Credit Card,Male,3,4,Fashion,4,Married,3,0,22,10,5,26,421
C004701,47,Mobile Phone,1,35,UPI,Female,3,4,Fashion,5,Married,2,0,19,7,7,8,461
C004702,46,Mobile Phone,3,47,Cash on Delivery,Male,1,2,Fashion,4,Married,3,0,30,9,8,11,270
C004703,31,Mobile Phone,1,12,Credit Card,Female,1,3,Mobile Phone,4,Single,1,0,23,3,10,14,427
C004704,55,Computer,1,9,Cash on Delivery,Male,3,3,Fashion,3,Married,3,0,11,4,12,6,291
C004705,16,Mobile Phone,3,6,Debit Card,Female,1,6,Others,4,Single,3,1,22,1,3,19,275
C004706,50,Mobile Phone,2,8,Debit Card,Male,4,6,Mobile Phone,3,Single,6,0,5,0,1,14,450
C004707,32,Mobile Phone,1,39,Cash on Delivery,Male,3,2,Laptop & Accessory,3,Single,5,0,26,7,5,9,359
C004708,22,Computer,1,38,Debit Card,Female,5,1,Grocery,1,Married,5,0,15,6,12,28,191
C004709,29,Mobile Phone,3,7,UPI,Female,2,3,Laptop & Accessory,3,Divorced,4,0,2,7,10,15,217
C004710,22,Mobile Phone,1,24,UPI,Male,2,6,Mobile Phone,4,Single,4,0,16,9,8,18,257
C004711,43,Mobile Phone,1,13,Credit Card,Male,5,3,Laptop & Accessory,2,Married,7,0,26,8,2,23,262
C004712,3,Computer,2,10,Cash on Delivery,Male,5,4,Grocery,5,Single,4,1,10,7,6,25,140
C004713,54,Tablet,3,9,Credit Card,Male,4,2,Fashion,4,Married,2,0,2,4,9,3,447
C004714,10,Computer,1,45,UPI,Male,3,2,Laptop & Accessory,4,Divorced,4,0,22,6,9,10,413
C004715,42,Mobile Phone,3,42,UPI,Male,1,4,Mobile Phone,4,Divorced,4,0,13,4,13,22,179
C004716,21,Computer,2,39,UPI,Male,2,3,Others,1,Married,5,1,6,0,7,18,56
C004717,16,Mobile Phone,2,35,E wallet,Male,5,5,Grocery,2,Married,3,1,7,2,1,12,388
C004718,12,Mobile Phone,2,17,Debit Card,Female,3,2,Laptop & Accessory,4,Single,6,0,16,0,1,12,199
C004719,2,Mobile Phone,3,30,Credit Card,Female,1,3,Others,3,Married,4,0,9,8,2,7,451
C004720,41,Mobile Phone,1,26,Credit Card,Female,2,1,Grocery,2,Married,4,0,25,3,15,17,270
C004721,24,Computer,1,36,UPI,Female,3,2,Laptop & Accessory,2,Single,3,0,30,0,9,3,393
C004722,35,Mobile Phone,3,19,E wallet,Male,2,4,Mobile Phone,4,Divorced,5,0,7,9,2,21,441
C004723,56,Mobile Phone,2,15,Credit Card,Male,4,2,Others,3,Married,6,0,20,0,7,30,404
C004724,30,Mobile Phone,2,20,Credit Card,Female,2,4,Others,2,Married,5,0,25,10,3,5,476
C004725,57,Mobile Phone,2,10,E wallet,Male,4,1,Laptop & Accessory,5,Single,3,0,19,0,14,14,277
C004726,30,Mobile Phone,2,50,UPI,Male,4,3,Laptop & Accessory,3,Single,5,0,27,6,10,19,176
C004727,47,Mobile Phone,3,15,E wallet,Female,4,4,Mobile Phone,2,Married,6,0,14,8,7,13,343
C004728,35,Mobile Phone,3,14,Debit Card,Female,1,4,Mobile Phone,2,Married,5,0,26,4,9,4,123
C004729,19,Mobile Phone,2,20,Credit Card,Female,1,6,Fashion,3,Married,1,0,30,5,10,30,488
C004730,50,Mobile Phone,1,16,Debit Card,Male,4,1,Laptop & Accessory,1,Single,2,1,28,2,10,21,227
C004731,8,Computer,2,11,Credit Card,Male,3,5,Mobile Phone,3,Single,3,0,21,0,10,8,226
C004732,26,Mobile Phone,2,43,Debit Card,Female,4,2,Laptop & Accessory,5,Married,2,0,5,9,6,7,283
C004733,49,Computer,2,31,Credit Card,Female,3,6,Mobile Phone,1,Married,7,1,26,4,12,11,341
C004734,40,Computer,2,28,UPI,Female,2,5,Grocery,4,Married,3,0,18,7,14,26,79
C004735,7,Computer,1,19,Cash on Delivery,Female,1,2,Mobile Phone,1,Married,1,0,7,2,3,4,256
C004736,30,Mobile Phone,2,10,E wallet,Male,3,1,Mobile Phone,5,Married,6,0,9,10,4,22,449
C004737,7,Mobile Phone,2,23,Credit Card,Female,3,1,Grocery,5,Married,3,0,30,5,11,1,151
C004738,3,Tablet,3,12,E wallet,Male,3,5,Grocery,5,Married,3,0,26,4,8,25,136
C004739,1,Mobile Phone,2,40,Credit Card,Female,5,1,Fashion,2,Single,3,0,4,2,4,29,384
C004740,36,Mobile Phone,1,17,Cash on Delivery,Male,1,3,Mobile Phone,1,Single,1,1,1,2,9,11,247
C004741,25,Mobile Phone,2,37,UPI,Male,5,5,Grocery,5,Married,6,1,28,8,7,0,256
C004742,37,Mobile Phone,3,36,UPI,Female,2,4,Fashion,1,Single,5,0,26,2,10,8,329
C004743,1,Tablet,2,32,E wallet,Male,3,4,Fashion,1,Married,7,0,2,8,12,25,500
C004744,15,Mobile Phone,2,44,Cash on Delivery,Female,1,1,Laptop & Accessory,4,Married,7,0,25,3,2,0,358
C004745,37,Mobile Phone,2,14,E wallet,Female,1,1,Grocery,4,Married,4,0,8,5,5,14,233
C004746,13,Mobile Phone,1,37,UPI,Female,1,2,Others,4,Single,6,0,23,8,9,1,481
C004747,40,Mobile Phone,3,5,Debit Card,Male,3,5,Grocery,2,Single,2,0,15,1,15,2,432
C004748,8,Mobile Phone,1,25,E wallet,Female,4,6,Grocery,2,Married,2,1,30,6,2,26,326
C004749,5,Mobile Phone,2,9,Credit Card,Male,4,5,Fashion,4,Single,7,0,1,0,8,7,442
C004750,60,Computer,1,5,UPI,Female,4,3,Grocery,5,Divorced,7,0,7,6,10,5,105
C004751,9,Mobile Phone,1,25,Credit Card,Male,5,4,Grocery,3,Married,7,0,14,4,3,21,90
C004752,1,Computer,2,29,Cash on Delivery,Female,3,4,Fashion,2,Single,2,0,15,9,14,22,348
C004753,36,Mobile Phone,2,24,UPI,Female,2,3,Fashion,3,Single,4,0,16,5,1,8,445
C004754,35,Mobile Phone,2,49,UPI,Male,5,2,Laptop & Accessory,2,Married,5,1,0,8,13,11,164
C004755,2,Mobile Phone,2,13,E wallet,Male,1,3,Laptop & Accessory,1,Single,1,0,29,2,4,19,329
C004756,40,Mobile Phone,2,20,E wallet,Male,4,2,Grocery,5,Divorced,3,0,25,6,9,7,349
C004757,23,Computer,2,32,Credit Card,Female,1,2,Grocery,2,Married,3,0,2,3,3,3,282
C004758,9,Computer,2,44,E wallet,Male,5,6,Mobile Phone,1,Married,5,0,4,0,2,14,69
C004759,34,Mobile Phone,2,50,Debit Card,Male,4,2,Others,5,Divorced,1,0,10,5,2,12,468
C004760,46,Mobile Phone,2,40,UPI,Male,3,1,Mobile Phone,2,Single,7,0,24,3,2,10,212
C004761,14,Computer,2,43,Cash on Delivery,Male,4,1,Mobile Phone,5,Married,6,0,19,0,2,12,275
C004762,4,Mobile Phone,3,28,UPI,Female,4,2,Grocery,2,Married,3,1,7,4,11,12,141
C004763,30,Mobile Phone,1,20,Credit Card,Male,4,3,Fashion,4,Married,6,0,28,0,15,19,354
C004764,31,Tablet,3,18,E wallet,Male,5,3,Fashion,2,Single,1,0,14,0,3,6,182
C004765,38,Mobile Phone,1,38,UPI,Female,4,3,Others,2,Married,5,0,6,10,4,12,97
C004766,11,Tablet,1,28,E wallet,Female,5,1,Fashion,1,Divorced,5,0,2,4,15,30,480
C004767,35,Mobile Phone,1,15,Credit Card,Female,1,6,Grocery,4,Single,5,0,27,3,4,30,387
C004768,8,Computer,2,49,E wallet,Male,3,2,Fashion,3,Single,3,0,27,10,13,3,488
C004769,3,Mobile Phone,1,40,Cash on Delivery,Male,4,4,Laptop & Accessory,5,Married,1,0,12,9,9,15,250
C004770,14,Mobile Phone,3,5,Credit Card,Male,5,3,Others,3,Married,2,0,24,5,15,22,119
C004771,60,Mobile Phone,3,16,UPI,Male,4,6,Fashion,3,Single,2,0,5,2,14,3,120
C004772,13,Mobile Phone,2,25,UPI,Male,4,1,Fashion,4,Married,3,0,3,3,1,6,416
C004773,45,Mobile Phone,2,13,Cash on Delivery,Female,4,5,Laptop & Accessory,4,Divorced,4,0,19,2,5,5,306
C004774,32,Mobile Phone,3,43,Debit Card,Male,2,2,Mobile Phone,4,Single,4,0,4,1,3,22,176
C004775,34,Mobile Phone,3,7,E wallet,Male,3,3,Grocery,1,Divorced,5,0,1,3,9,0,327
C004776,45,Computer,2,20,UPI,Male,3,1,Fashion,1,Single,1,0,4,1,9,10,146
C004777,19,Mobile Phone,2,8,Cash on Delivery,Male,5,5,Laptop & Accessory,5,Single,2,0,7,9,14,27,469
C004778,59,Mobile Phone,2,30,E wallet,Male,1,2,Laptop & Accessory,4,Single,5,0,29,0,12,15,166
C004779,38,Mobile Phone,2,50,Credit Card,Male,1,4,Mobile Phone,3,Married,6,1,8,4,13,12,368
C004780,16,Mobile Phone,1,17,Cash on Delivery,Female,1,2,Fashion,5,Divorced,6,0,15,10,6,23,310
C004781,2,Mobile Phone,2,24,Credit Card,Female,4,2,Mobile Phone,1,Single,3,0,10,5,13,16,352
C004782,40,Mobile Phone,1,23,Credit Card,Female,5,3,Others,2,Married,4,0,30,4,4,19,140
C004783,17,Computer,1,31,Credit Card,Female,4,6,Laptop & Accessory,2,Single,7,1,10,10,2,24,355
C004784,55,Mobile Phone,2,6,E wallet,Female,2,2,Grocery,5,Single,3,0,29,9,9,25,489
C004785,34,Mobile Phone,3,14,Debit Card,Female,5,5,Laptop & Accessory,1,Divorced,1,0,3,3,3,21,414
C004786,42,Computer,3,29,Credit Card,Male,5,5,Mobile Phone,5,Married,1,0,19,5,13,15,275
C004787,60,Computer,2,23,UPI,Male,5,2,Grocery,1,Married,1,1,29,0,11,11,469
C004788,16,Mobile Phone,2,19,E wallet,Female,2,2,Grocery,4,Married,4,0,11,1,2,18,134
C004789,38,Computer,1,43,E wallet,Female,5,6,Laptop & Accessory,2,Single,4,0,23,6,9,16,64
C004790,60,Mobile Phone,2,28,Credit Card,Male,2,5,Grocery,3,Single,5,0,18,5,10,21,259
C004791,2,Computer,1,20,UPI,Male,1,5,Fashion,4,Single,3,0,2,10,11,10,422
C004792,2,Mobile Phone,1,21,Cash on Delivery,Female,5,3,Laptop & Accessory,3,Divorced,2,0,0,1,14,13,98
C004793,26,Mobile Phone,2,20,E wallet,Female,4,4,Mobile Phone,5,Married,2,0,5,9,13,0,391
C004794,13,Tablet,1,22,Credit Card,Female,3,5,Others,2,Single,7,0,1,4,8,30,216
C004795,56,Mobile Phone,1,8,Credit Card,Male,2,4,Mobile Phone,3,Married,2,0,25,5,10,2,163
C004796,47,Mobile Phone,3,6,Debit Card,Female,1,4,Fashion,5,Divorced,7,0,19,6,12,13,119
C004797,31,Mobile Phone,1,35,Debit Card,Female,1,5,Others,1,Single,4,0,24,7,10,12,158
C004798,60,Mobile Phone,1,6,Cash on Delivery,Female,3,6,Others,4,Single,5,0,9,4,12,23,65
C004799,34,Mobile Phone,1,6,Cash on Delivery,Female,5,6,Mobile Phone,1,Single,7,0,11,10,11,20,359
C004800,39,Mobile Phone,1,19,Cash on Delivery,Male,4,3,Laptop & Accessory,4,Married,7,0,9,1,12,28,415
C004801,3,Mobile Phone,1,47,Cash on Delivery,Female,3,2,Laptop & Accessory,2,Married,1,0,15,0,10,19,397
C004802,8,Mobile Phone,3,33,Credit Card,Male,5,6,Others,3,Married,1,0,6,5,6,9,207
C004803,23,Mobile Phone,1,38,Credit Card,Male,5,1,Mobile Phone,1,Single,5,0,30,5,12,2,491
C004804,14,Mobile Phone,3,44,Credit Card,Female,2,2,Mobile Phone,1,Single,4,0,7,9,7,29,416
C004805,56,Mobile Phone,1,36,UPI,Female,4,1,Laptop & Accessory,3,Single,2,0,1,6,12,27,379
C004806,55,Computer,2,25,Cash on Delivery,Male,4,5,Fashion,3,Divorced,3,0,2,0,11,9,116
C004807,27,Mobile Phone,2,34,UPI,Male,2,2,Laptop & Accessory,5,Divorced,6,0,16,6,9,9,346
C004808,54,Mobile Phone,2,28,E wallet,Male,5,2,Laptop & Accessory,4,Single,6,1,18,3,8,25,416
C004809,29,Computer,2,48,E wallet,Male,5,1,Fashion,5,Single,7,0,19,1,14,21,323
C004810,39,Computer,3,18,Credit Card,Male,4,3,Laptop & Accessory,1,Married,6,0,17,9,6,30,135
C004811,53,Mobile Phone,1,32,E wallet,Female,4,6,Others,3,Single,4,0,13,8,1,3,112
C004812,39,Computer,2,18,Credit Card,Female,4,5,Others,2,Single,2,0,6,7,8,6,462
C004813,1,Mobile Phone,3,48,Cash on Delivery,Female,4,5,Others,1,Single,1,0,26,9,11,7,249
C004814,17,Computer,1,38,UPI,Male,5,6,Others,1,Married,5,0,26,2,3,14,237
C004815,41,Mobile Phone,1,18,Credit Card,Male,4,5,Others,4,Divorced,5,0,2,0,6,28,422
C004816,30,Mobile Phone,1,29,Debit Card,Male,5,2,Mobile Phone,5,Single,2,0,5,4,2,7,180
C004817,53,Mobile Phone,2,16,Debit Card,Male,2,4,Mobile Phone,4,Single,4,0,14,7,8,5,295
C004818,13,Computer,1,45,Cash on Delivery,Female,1,1,Fashion,1,Single,2,1,1,1,4,20,271
C004819,21,Mobile Phone,1,44,UPI,Female,2,6,Grocery,3,Single,4,0,17,7,13,29,59
C004820,19,Mobile Phone,2,24,Credit Card,Male,2,2,Others,2,Married,1,0,21,8,8,22,249
C004821,53,Mobile Phone,2,46,Cash on Delivery,Male,3,3,Grocery,4,Single,7,0,19,10,7,24,362
C004822,19,Computer,1,11,UPI,Female,2,3,Grocery,1,Single,5,0,30,5,8,9,120
C004823,57,Computer,1,19,Debit Card,Female,3,2,Others,5,Married,7,1,10,7,2,23,279
C004824,25,Mobile Phone,2,13,Credit Card,Female,3,1,Laptop & Accessory,4,Single,7,0,1,8,11,4,280
C004825,22,Mobile Phone,3,8,UPI,Male,3,6,Fashion,1,Single,6,0,27,7,7,27,452
C004826,31,Mobile Phone,2,35,E wallet,Female,2,5,Grocery,5,Married,4,1,23,9,8,2,447
C004827,17,Mobile Phone,3,27,Credit Card,Male,1,5,Laptop & Accessory,5,Married,1,0,6,4,14,12,483
C004828,55,Computer,1,10,E wallet,Female,3,4,Laptop & Accessory,2,Single,3,0,22,7,3,10,338
C004829,23,Mobile Phone,1,32,Cash on Delivery,Female,4,6,Others,3,Divorced,2,1,6,8,7,6,497
C004830,32,Mobile Phone,2,16,UPI,Female,4,2,Fashion,2,Married,4,0,19,9,7,15,429
C004831,10,Mobile Phone,3,26,UPI,Male,5,4,Others,5,Divorced,2,0,23,2,3,14,416
C004832,10,Mobile Phone,2,28,UPI,Male,4,3,Fashion,4,Married,2,0,18,6,13,22,141
C004833,36,Mobile Phone,3,38,UPI,Female,4,5,Others,3,Married,5,0,19,8,5,23,89
C004834,8,Mobile Phone,3,23,Credit Card,Male,3,6,Fashion,5,Divorced,6,0,14,1,9,27,242
C004835,54,Mobile Phone,1,28,E wallet,Female,2,5,Mobile Phone,3,Married,2,0,20,5,10,9,81
C004836,52,Mobile Phone,1,24,E wallet,Male,4,4,Laptop & Accessory,4,Single,3,0,16,6,6,26,209
C004837,20,Mobile Phone,1,38,Cash on Delivery,Female,2,2,Laptop & Accessory,1,Married,7,0,11,8,11,5,69
C004838,32,Mobile Phone,1,31,Cash on Delivery,Male,1,4,Laptop & Accessory,1,Single,7,0,24,6,5,26,302
C004839,50,Mobile Phone,1,48,UPI,Male,4,6,Fashion,5,Single,7,0,11,5,12,6,85
C004840,14,Computer,3,33,Debit Card,Female,1,3,Laptop & Accessory,5,Married,5,0,18,5,4,11,339
C004841,50,Mobile Phone,1,5,Debit Card,Female,1,6,Mobile Phone,2,Married,2,0,14,7,11,17,82
C004842,28,Mobile Phone,1,50,UPI,Male,5,2,Mobile Phone,5,Single,3,0,0,8,8,12,71
C004843,46,Computer,1,40,E wallet,Female,2,6,Grocery,1,Single,4,0,16,10,14,12,79
C004844,52,Mobile Phone,3,47,Cash on Delivery,Female,2,3,Laptop & Accessory,1,Married,1,1,0,8,9,13,496
C004845,53,Mobile Phone,2,43,Credit Card,Female,5,2,Others,2,Single,3,0,23,5,14,25,418
C004846,24,Mobile Phone,3,49,Debit Card,Female,3,4,Others,4,Single,4,0,21,10,6,15,352
C004847,15,Mobile Phone,3,50,Cash on Delivery,Male,5,1,Others,3,Single,4,0,22,0,5,17,313
C004848,22,Mobile Phone,2,11,Debit Card,Female,5,4,Mobile Phone,1,Married,4,0,5,3,13,29,333
C004849,30,Mobile Phone,1,47,E wallet,Male,5,2,Grocery,3,Single,1,0,16,7,4,15,134
C004850,4,Computer,1,24,E wallet,Male,1,6,Grocery,5,Single,2,0,3,3,8,11,122
C004851,13,Computer,1,24,UPI,Male,2,3,Mobile Phone,5,Married,2,0,21,4,9,28,478
C004852,59,Mobile Phone,2,29,UPI,Male,3,4,Grocery,4,Married,7,0,15,10,15,29,170
C004853,23,Mobile Phone,1,47,Debit Card,Female,4,2,Others,3,Married,2,0,24,9,10,12,257
C004854,8,Mobile Phone,1,25,Debit Card,Male,4,3,Others,1,Single,6,0,5,2,8,5,489
C004855,18,Mobile Phone,2,13,Cash on Delivery,Female,4,3,Mobile Phone,2,Married,3,0,26,1,3,16,488
C004856,12,Mobile Phone,2,31,UPI,Female,3,3,Others,1,Married,7,0,5,2,3,29,370
C004857,55,Computer,2,32,E wallet,Male,4,6,Fashion,3,Single,1,0,10,10,5,22,150
C004858,31,Mobile Phone,1,29,Cash on Delivery,Female,3,2,Others,3,Married,5,1,28,5,7,21,291
C004859,14,Computer,3,40,Cash on Delivery,Male,4,3,Laptop & Accessory,1,Married,1,0,29,9,2,18,182
C004860,34,Computer,2,38,Credit Card,Female,4,3,Mobile Phone,1,Married,6,1,18,7,8,7,360
C004861,18,Computer,1,6,E wallet,Female,3,4,Mobile Phone,4,Single,5,1,3,3,6,16,61
C004862,56,Mobile Phone,3,13,Cash on Delivery,Female,2,3,Grocery,5,Single,4,0,26,3,12,3,187
C004863,34,Mobile Phone,3,23,Credit Card,Male,3,6,Grocery,4,Single,2,0,6,3,1,7,259
C004864,11,Mobile Phone,1,19,UPI,Male,3,1,Grocery,1,Divorced,5,0,1,3,12,24,256
C004865,41,Mobile Phone,1,25,E wallet,Male,5,2,Laptop & Accessory,1,Single,2,0,8,10,10,1,350
C004866,12,Mobile Phone,2,20,UPI,Female,1,3,Others,2,Married,1,0,18,7,10,29,499
C004867,49,Mobile Phone,1,6,Credit Card,Male,1,3,Mobile Phone,5,Divorced,2,0,23,2,13,5,424
C004868,15,Mobile Phone,3,30,E wallet,Female,2,5,Others,2,Divorced,7,0,27,0,10,7,425
C004869,57,Mobile Phone,1,48,Debit Card,Female,2,4,Grocery,5,Single,6,0,14,4,1,29,293
C004870,31,Computer,3,33,Debit Card,Female,2,3,Mobile Phone,5,Married,7,1,13,0,4,10,168
C004871,49,Mobile Phone,2,37,Debit Card,Female,1,4,Grocery,3,Married,7,0,18,5,7,13,385
C004872,58,Mobile Phone,2,38,Cash on Delivery,Male,2,4,Laptop & Accessory,5,Married,2,0,27,4,10,2,409
C004873,29,Mobile Phone,1,50,Debit Card,Male,2,1,Mobile Phone,1,Single,6,0,14,5,4,23,378
C004874,26,Tablet,1,31,Cash on Delivery,Female,3,2,Grocery,5,Married,3,1,1,4,5,27,398
C004875,18,Mobile Phone,1,11,Cash on Delivery,Female,3,1,Grocery,4,Married,5,0,16,2,6,23,385
C004876,32,Mobile Phone,1,19,Credit Card,Female,1,2,Grocery,3,Married,3,0,13,9,14,11,301
C004877,22,Mobile Phone,1,21,Debit Card,Male,3,5,Laptop & Accessory,2,Married,1,0,17,10,13,2,343
C004878,38,Computer,3,13,E wallet,Female,2,1,Others,5,Single,7,0,9,9,5,3,210
C004879,17,Computer,1,17,Cash on Delivery,Male,3,4,Others,2,Single,7,0,5,8,12,18,415
C004880,23,Mobile Phone,3,36,Credit Card,Male,5,3,Others,1,Married,7,0,30,0,6,15,110
C004881,24,Mobile Phone,2,6,Cash on Delivery,Male,3,5,Laptop & Accessory,2,Single,6,0,20,6,9,18,266
C004882,50,Mobile Phone,3,36,E wallet,Female,1,2,Others,5,Single,6,0,22,2,3,4,264
C004883,8,Mobile Phone,3,24,E wallet,Male,2,1,Others,2,Divorced,4,0,16,1,7,6,96
C004884,41,Mobile Phone,1,47,Debit Card,Male,2,5,Laptop & Accessory,1,Single,4,0,6,10,13,17,402
C004885,6,Computer,3,23,Cash on Delivery,Male,1,6,Mobile Phone,5,Single,2,0,30,5,8,2,312
C004886,5,Tablet,2,50,E wallet,Male,3,1,Grocery,2,Single,4,0,17,2,11,8,262
C004887,44,Mobile Phone,3,31,UPI,Male,2,4,Grocery,2,Married,3,0,1,7,15,13,60
C004888,57,Mobile Phone,2,40,E wallet,Female,2,6,Laptop & Accessory,1,Married,7,0,6,6,9,18,252
C004889,29,Mobile Phone,2,34,E wallet,Female,5,1,Others,4,Single,6,1,5,7,7,5,390
C004890,28,Computer,1,15,Cash on Delivery,Male,1,2,Fashion,4,Married,6,0,0,3,3,21,268
C004891,11,Computer,1,20,E wallet,Female,3,6,Others,3,Single,2,0,17,5,10,20,445
C004892,57,Mobile Phone,2,30,Credit Card,Male,3,6,Fashion,1,Married,2,1,2,5,3,14,243
C004893,1,Mobile Phone,3,34,E wallet,Female,2,2,Grocery,4,Married,7,0,10,7,4,21,247
C004894,43,Mobile Phone,2,6,UPI,Female,4,3,Laptop & Accessory,2,Married,5,1,14,8,12,15,408
C004895,19,Mobile Phone,1,38,E wallet,Male,5,3,Others,1,Married,2,0,2,10,12,30,481
C004896,9,Computer,3,45,Debit Card,Male,5,2,Laptop & Accessory,2,Divorced,7,0,0,5,7,10,458
C004897,27,Mobile Phone,3,26,Cash on Delivery,Female,5,2,Others,2,Divorced,4,1,2,9,4,26,165
C004898,34,Computer,1,35,UPI,Female,2,2,Others,3,Married,5,0,17,4,5,28,88
C004899,44,Mobile Phone,1,25,Credit Card,Female,1,5,Others,3,Married,6,1,14,9,2,1,384
C004900,4,Computer,1,40,E wallet,Male,1,6,Fashion,5,Single,3,0,26,8,6,29,302
C004901,36,Mobile Phone,3,44,E wallet,Male,5,1,Laptop & Accessory,1,Single,4,0,13,3,9,22,457
C004902,18,Computer,3,27,Credit Card,Female,4,5,Grocery,4,Married,4,0,4,9,2,3,454
C004903,15,Mobile Phone,1,30,E wallet,Male,4,4,Mobile Phone,3,Married,6,0,21,0,8,20,325
C004904,51,Mobile Phone,1,22,Debit Card,Female,3,3,Fashion,1,Single,7,0,16,8,11,5,221
C004905,13,Mobile Phone,3,19,UPI,Male,4,1,Grocery,3,Single,4,0,27,4,7,11,427
C004906,19,Mobile Phone,3,38,E wallet,Male,5,3,Laptop & Accessory,4,Married,3,0,18,6,11,13,481
C004907,49,Mobile Phone,3,26,Credit Card,Male,3,4,Mobile Phone,3,Single,7,0,15,9,14,3,55
C004908,6,Mobile Phone,2,32,Credit Card,Female,5,2,Mobile Phone,5,Married,5,0,28,10,4,24,80
C004909,48,Tablet,1,47,UPI,Female,1,3,Laptop & Accessory,1,Married,5,0,18,5,4,21,376
C004910,56,Mobile Phone,2,11,Debit Card,Female,5,2,Fashion,1,Divorced,4,0,23,2,4,14,341
C004911,12,Computer,1,44,UPI,Male,3,3,Others,2,Single,2,0,19,6,4,30,141
C004912,51,Tablet,3,46,E wallet,Male,5,4,Others,5,Single,2,1,27,10,4,10,470
C004913,37,Mobile Phone,1,28,Debit Card,Female,2,3,Others,3,Single,6,0,20,6,9,29,339
C004914,17,Mobile Phone,3,39,Debit Card,Female,3,4,Grocery,2,Single,4,0,22,6,5,19,419
C004915,58,Mobile Phone,1,17,Credit Card,Male,4,1,Laptop & Accessory,3,Single,2,0,5,9,4,22,265
C004916,23,Mobile Phone,3,17,Debit Card,Male,1,5,Fashion,5,Married,3,0,19,10,6,15,405
C004917,26,Mobile Phone,1,35,E wallet,Male,4,4,Laptop & Accessory,2,Married,7,0,30,2,6,6,55
C004918,29,Computer,2,23,E wallet,Male,5,3,Mobile Phone,4,Married,5,0,7,2,13,11,381
C004919,33,Mobile Phone,2,33,E wallet,Male,4,1,Grocery,1,Married,3,0,14,1,3,19,290
C004920,60,Mobile Phone,1,26,Cash on Delivery,Male,3,4,Fashion,5,Married,4,0,10,4,12,13,109
C004921,27,Mobile Phone,3,45,Debit Card,Female,2,3,Mobile Phone,5,Divorced,2,1,22,4,12,0,336
C004922,25,Computer,2,25,Debit Card,Male,4,6,Others,3,Married,4,0,28,3,14,13,335
C004923,56,Mobile Phone,2,20,E wallet,Female,5,4,Others,4,Single,3,0,4,9,11,30,68
C004924,55,Mobile Phone,3,34,Credit Card,Male,4,4,Others,4,Single,5,0,9,8,1,4,199
C004925,10,Mobile Phone,3,9,Debit Card,Male,4,2,Laptop & Accessory,5,Single,7,0,16,1,9,19,462
C004926,47,Mobile Phone,2,45,Cash on Delivery,Female,3,3,Mobile Phone,5,Married,1,1,11,10,12,17,196
C004927,23,Computer,3,45,Debit Card,Male,5,5,Fashion,1,Single,4,0,17,0,5,29,263
C004928,21,Computer,1,10,UPI,Female,5,4,Mobile Phone,4,Married,4,0,18,9,10,24,425
C004929,21,Mobile Phone,1,25,Cash on Delivery,Female,2,1,Fashion,5,Single,4,0,16,10,6,25,225
C004930,43,Mobile Phone,2,46,Credit Card,Female,3,3,Grocery,1,Single,4,0,5,8,13,4,102
C004931,13,Mobile Phone,1,15,Cash on Delivery,Male,3,5,Grocery,3,Single,5,1,10,3,4,17,341
C004932,37,Mobile Phone,2,28,Cash on Delivery,Female,1,3,Fashion,4,Divorced,7,0,25,3,6,2,68
C004933,33,Mobile Phone,1,32,Debit Card,Female,2,6,Mobile Phone,2,Single,5,0,23,9,7,15,164
C004934,24,Mobile Phone,2,19,Cash on Delivery,Male,2,5,Fashion,2,Married,3,0,1,7,1,9,437
C004935,44,Mobile Phone,3,43,E wallet,Female,5,5,Fashion,5,Married,1,1,1,6,13,17,192
C004936,11,Tablet,2,50,Cash on Delivery,Female,5,4,Others,5,Single,4,0,16,10,1,17,305
C004937,17,Mobile Phone,3,44,Debit Card,Male,2,2,Fashion,1,Single,3,0,23,0,9,0,240
C004938,4,Computer,3,23,E wallet,Female,3,3,Others,5,Married,5,0,16,9,7,12,439
C004939,47,Mobile Phone,1,21,Credit Card,Male,1,1,Others,5,Married,2,1,29,2,8,2,431
C004940,25,Mobile Phone,1,7,UPI,Female,5,6,Fashion,1,Single,6,0,13,9,6,12,262
C004941,30,Computer,1,7,Cash on Delivery,Male,1,1,Laptop & Accessory,2,Divorced,7,1,25,5,9,1,498
C004942,9,Mobile Phone,3,43,E wallet,Female,2,2,Mobile Phone,1,Single,5,0,27,5,13,9,175
C004943,21,Mobile Phone,1,32,E wallet,Female,3,1,Fashion,4,Single,5,0,21,5,13,5,309
C004944,20,Mobile Phone,1,35,Credit Card,Male,1,3,Grocery,4,Single,2,0,29,5,5,25,129
C004945,19,Mobile Phone,3,46,Credit Card,Female,4,1,Fashion,5,Married,2,0,28,7,4,21,301
C004946,19,Computer,2,12,UPI,Female,2,6,Fashion,5,Single,3,0,19,6,12,19,270
C004947,12,Computer,1,21,UPI,Female,3,3,Grocery,2,Married,1,0,17,2,2,28,459
C004948,37,Mobile Phone,1,39,Debit Card,Male,2,5,Others,2,Single,1,0,19,3,14,7,177
C004949,42,Mobile Phone,3,40,UPI,Male,2,4,Others,3,Single,7,0,15,2,11,26,145
C004950,17,Mobile Phone,3,31,UPI,Male,1,2,Laptop & Accessory,4,Married,5,0,15,8,12,22,389
C004951,37,Mobile Phone,1,44,E wallet,Female,1,2,Fashion,4,Married,2,0,7,4,11,1,114
C004952,54,Mobile Phone,2,49,Cash on Delivery,Male,4,1,Fashion,3,Single,5,0,1,8,6,10,130
C004953,48,Mobile Phone,3,37,Cash on Delivery,Female,5,3,Mobile Phone,3,Married,1,0,23,6,14,16,309
C004954,39,Mobile Phone,3,15,UPI,Male,4,6,Others,4,Married,1,0,15,0,1,11,149
C004955,28,Mobile Phone,3,25,Debit Card,Male,3,4,Fashion,5,Married,4,1,15,8,6,4,85
C004956,41,Mobile Phone,2,10,Debit Card,Male,3,6,Mobile Phone,4,Married,1,0,1,1,10,20,387
C004957,35,Mobile Phone,3,25,Cash on Delivery,Male,2,1,Laptop & Accessory,3,Married,6,0,9,9,6,5,309
C004958,47,Mobile Phone,1,32,Credit Card,Female,1,6,Mobile Phone,2,Married,4,0,26,1,4,18,254
C004959,48,Tablet,1,21,E wallet,Male,2,4,Others,1,Married,5,0,15,3,15,17,171
C004960,18,Computer,2,22,UPI,Female,5,3,Others,2,Single,3,0,3,5,1,3,292
C004961,14,Mobile Phone,2,15,E wallet,Male,2,6,Laptop & Accessory,2,Single,1,1,9,5,8,10,331
C004962,35,Mobile Phone,3,50,UPI,Female,3,1,Fashion,3,Single,7,0,18,9,11,23,357
C004963,44,Computer,1,48,UPI,Female,3,1,Mobile Phone,4,Married,4,0,22,8,3,13,484
C004964,41,Computer,3,29,Cash on Delivery,Male,4,6,Fashion,3,Single,3,0,13,8,5,16,492
C004965,60,Computer,1,34,E wallet,Female,2,4,Fashion,3,Single,3,0,23,3,12,10,378
C004966,7,Mobile Phone,2,29,E wallet,Female,1,1,Fashion,5,Divorced,5,1,9,4,3,6,198
C004967,41,Tablet,1,11,Credit Card,Male,5,6,Grocery,5,Single,2,1,30,2,4,29,239
C004968,13,Mobile Phone,2,41,Credit Card,Male,5,4,Laptop & Accessory,1,Single,7,0,27,10,9,1,65
C004969,18,Computer,2,50,E wallet,Male,1,6,Fashion,5,Divorced,3,0,25,4,7,2,459
C004970,37,Computer,1,31,Credit Card,Female,5,6,Laptop & Accessory,1,Single,5,1,14,6,10,28,87
C004971,13,Mobile Phone,1,30,Credit Card,Male,1,3,Fashion,2,Married,2,1,26,1,8,17,463
C004972,36,Computer,2,17,UPI,Male,1,4,Mobile Phone,2,Single,6,0,27,9,12,2,203
C004973,31,Mobile Phone,3,28,Cash on Delivery,Female,4,3,Mobile Phone,3,Single,3,0,20,1,2,26,133
C004974,2,Tablet,1,16,UPI,Male,2,3,Laptop & Accessory,2,Single,5,1,13,0,10,18,173
C004975,16,Mobile Phone,1,18,Credit Card,Male,3,5,Fashion,5,Divorced,5,0,6,1,9,4,72
C004976,9,Tablet,1,13,UPI,Female,3,4,Laptop & Accessory,5,Married,4,0,6,4,12,4,401
C004977,9,Mobile Phone,3,35,UPI,Male,2,2,Laptop & Accessory,5,Single,5,0,5,8,7,18,463
C004978,38,Computer,1,8,Debit Card,Female,5,5,Grocery,4,Married,3,0,2,4,10,22,203
C004979,11,Mobile Phone,1,23,UPI,Male,1,5,Fashion,5,Single,3,0,15,10,1,21,412
C004980,54,Mobile Phone,3,5,UPI,Female,3,4,Grocery,3,Married,1,0,25,8,9,27,265
C004981,56,Mobile Phone,2,33,Cash on Delivery,Female,4,5,Fashion,3,Single,3,0,3,1,11,24,233
C004982,22,Computer,1,49,E wallet,Male,5,5,Others,2,Married,2,0,28,10,9,3,116
C004983,33,Mobile Phone,3,10,Debit Card,Male,4,1,Others,1,Married,1,0,9,5,1,13,393
C004984,36,Mobile Phone,2,5,Debit Card,Female,3,3,Grocery,4,Divorced,5,0,8,0,15,0,464
C004985,45,Mobile Phone,2,29,Debit Card,Female,2,2,Others,1,Married,1,0,25,0,5,26,327
C004986,23,Tablet,1,31,Debit Card,Female,2,4,Grocery,4,Married,2,0,12,2,1,25,299
C004987,45,Mobile Phone,3,26,Cash on Delivery,Male,4,1,Others,3,Married,1,1,10,4,7,22,170
C004988,45,Mobile Phone,1,21,E wallet,Female,5,6,Grocery,3,Married,2,0,20,6,12,5,455
C004989,34,Mobile Phone,1,33,Cash on Delivery,Female,3,6,Others,4,Single,5,0,17,9,10,20,425
C004990,9,Mobile Phone,1,7,Debit Card,Male,1,2,Laptop & Accessory,2,Married,1,0,7,6,8,30,233
C004991,24,Mobile Phone,3,21,E wallet,Male,2,2,Laptop & Accessory,5,Married,7,1,26,0,15,3,364
C004992,8,Mobile Phone,2,6,Cash on Delivery,Female,4,1,Laptop & Accessory,5,Single,3,0,11,1,7,4,314
C004993,7,Computer,2,36,E wallet,Female,3,6,Fashion,1,Single,3,0,26,0,2,21,392
C004994,36,Computer,1,26,Cash on Delivery,Female,5,4,Mobile Phone,3,Single,2,1,9,0,4,20,392
C004995,18,Mobile Phone,2,43,E wallet,Male,1,3,Grocery,5,Married,2,0,15,3,7,28,197
C004996,3,Mobile Phone,3,37,Cash on Delivery,Male,1,1,Mobile Phone,3,Single,2,0,17,10,2,0,332
C004997,28,Mobile Phone,1,26,Debit Card,Female,2,5,Laptop & Accessory,3,Single,6,0,2,0,5,9,76
C004998,6,Mobile Phone,3,8,Debit Card,Male,1,6,Grocery,3,Single,5,0,26,3,11,2,110
C004999,44,Computer,1,42,Debit Card,Male,3,2,Grocery,5,Single,6,0,21,10,14,3,334
C005000,44,Mobile Phone,3,17,Cash on Delivery,Male,2,5,Fashion,5,Single,2,1,6,2,10,17,485
C005001,21,Mobile Phone,1,27,E wallet,Male,2,4,Mobile Phone,5,Married,3,0,26,6,10,13,320
C005002,28,Mobile Phone,2,17,E wallet,Male,2,6,Mobile Phone,4,Single,7,1,17,8,11,6,184
C005003,40,Computer,3,24,Credit Card,Male,3,6,Others,5,Married,7,0,8,10,15,28,133
C005004,54,Mobile Phone,3,37,UPI,Female,4,3,Grocery,3,Married,3,0,21,10,11,0,250
C005005,54,Mobile Phone,1,38,Debit Card,Female,1,3,Laptop & Accessory,3,Divorced,2,0,14,9,8,28,417
C005006,1,Mobile Phone,2,42,Debit Card,Male,1,3,Others,1,Married,4,0,10,5,6,24,380
C005007,36,Computer,1,33,Debit Card,Female,4,6,Others,2,Divorced,6,0,23,4,1,12,371
C005008,21,Computer,3,36,Credit Card,Female,2,5,Grocery,4,Single,2,1,18,10,15,22,457
C005009,60,Mobile Phone,2,15,Credit Card,Female,5,4,Others,1,Married,7,1,6,4,4,25,371
C005010,43,Mobile Phone,1,22,Credit Card,Male,3,5,Grocery,4,Divorced,4,0,19,7,11,23,410
C005011,35,Computer,1,49,Debit Card,Male,2,6,Grocery,4,Single,1,1,6,1,5,27,427
C005012,13,Mobile Phone,3,25,E wallet,Female,2,2,Others,3,Single,1,0,30,8,8,19,381
C005013,57,Mobile Phone,2,16,Debit Card,Female,2,3,Laptop & Accessory,3,Married,3,0,28,0,3,5,455
C005014,49,Mobile Phone,1,43,Credit Card,Female,1,4,Others,3,Single,1,0,14,3,1,8,246
C005015,54,Mobile Phone,1,24,Credit Card,Female,1,5,Mobile Phone,3,Single,7,0,3,8,8,4,426
C005016,54,Mobile Phone,1,11,UPI,Female,5,5,Grocery,1,Married,1,1,13,4,3,26,476
C005017,10,Computer,2,31,Cash on Delivery,Female,3,5,Laptop & Accessory,2,Single,7,0,16,10,7,26,57
C005018,53,Mobile Phone,3,11,UPI,Male,2,5,Fashion,2,Single,7,0,18,3,1,4,100
C005019,44,Mobile Phone,3,6,UPI,Female,1,6,Fashion,1,Divorced,1,0,17,7,6,21,389
C005020,47,Computer,2,47,Debit Card,Male,4,5,Others,2,Single,5,0,24,9,15,30,427
C005021,53,Mobile Phone,3,37,Cash on Delivery,Female,1,2,Fashion,5,Married,5,0,25,5,1,11,140
C005022,10,Mobile Phone,2,25,Cash on Delivery,Female,2,3,Mobile Phone,5,Single,6,0,26,3,14,23,130
C005023,46,Mobile Phone,1,33,Debit Card,Female,2,5,Others,5,Divorced,2,0,5,6,9,19,259
C005024,13,Computer,3,36,E wallet,Male,1,2,Others,3,Married,4,1,4,10,4,19,253
C005025,37,Computer,1,49,Debit Card,Male,4,6,Laptop & Accessory,5,Single,3,0,9,4,10,20,464
C005026,38,Tablet,1,16,E wallet,Female,4,4,Grocery,4,Divorced,6,0,21,8,1,28,97
C005027,24,Computer,3,17,E wallet,Male,2,4,Others,4,Married,6,0,3,0,12,23,403
C005028,2,Mobile Phone,1,43,Cash on Delivery,Male,1,6,Others,1,Married,5,0,11,6,11,7,305
C005029,22,Mobile Phone,3,48,Debit Card,Male,3,2,Others,4,Married,5,0,14,5,15,3,224
C005030,17,Computer,3,44,Debit Card,Female,3,2,Laptop & Accessory,1,Single,6,0,15,0,2,12,105
C005031,36,Mobile Phone,2,7,Cash on Delivery,Female,2,2,Others,2,Married,3,0,25,5,1,3,500
C005032,14,Mobile Phone,1,43,UPI,Female,4,4,Grocery,4,Single,6,0,11,10,7,15,183
C005033,10,Mobile Phone,1,12,Debit Card,Male,3,5,Grocery,4,Single,5,0,16,9,1,12,369
C005034,35,Mobile Phone,1,50,Credit Card,Male,1,3,Others,1,Married,3,0,8,5,1,28,156
C005035,25,Computer,2,50,Credit Card,Female,5,5,Laptop & Accessory,4,Single,7,0,10,9,2,23,193
C005036,3,Mobile Phone,3,6,Debit Card,Female,5,1,Fashion,1,Married,2,1,7,8,1,9,129
C005037,47,Mobile Phone,2,10,E wallet,Male,4,2,Others,4,Single,2,1,14,9,11,20,462
C005038,38,Tablet,2,45,Cash on Delivery,Female,5,5,Others,3,Married,6,0,17,10,10,17,261
C005039,17,Mobile Phone,2,19,E wallet,Female,1,3,Mobile Phone,2,Single,1,0,24,6,14,12,321
C005040,12,Mobile Phone,2,16,Credit Card,Female,2,5,Laptop & Accessory,4,Married,7,0,23,0,8,15,443
C005041,54,Mobile Phone,3,45,Credit Card,Female,2,1,Grocery,2,Married,3,0,7,3,5,15,302
C005042,52,Computer,1,36,Cash on Delivery,Male,1,1,Laptop & Accessory,4,Single,3,1,10,4,4,21,456
C005043,24,Computer,3,10,Credit Card,Female,2,5,Laptop & Accessory,4,Single,2,1,0,2,14,18,466
C005044,29,Computer,2,31,UPI,Female,1,6,Others,3,Married,5,0,15,8,3,20,293
C005045,43,Computer,1,17,Credit Card,Male,1,6,Mobile Phone,5,Married,3,1,11,10,11,14,399
C005046,25,Mobile Phone,1,27,E wallet,Male,5,6,Others,5,Divorced,6,0,1,7,1,30,442
C005047,36,Computer,1,14,E wallet,Female,5,3,Laptop & Accessory,2,Single,3,0,2,4,4,23,466
C005048,58,Computer,2,18,UPI,Female,4,5,Others,2,Married,5,0,7,3,13,26,290
C005049,60,Mobile Phone,1,7,E wallet,Male,5,2,Laptop & Accessory,3,Married,2,0,19,1,4,13,53
C005050,26,Mobile Phone,3,16,E wallet,Female,2,3,Grocery,1,Married,3,0,0,10,13,28,406
C005051,38,Tablet,2,29,E wallet,Male,5,4,Others,2,Married,3,0,28,6,3,30,473
C005052,1,Computer,3,5,Debit Card,Female,1,3,Others,5,Married,5,0,4,6,11,17,304
C005053,20,Computer,1,36,UPI,Female,5,5,Grocery,3,Married,1,0,5,4,6,28,312
C005054,55,Computer,1,28,UPI,Female,2,5,Others,1,Single,5,0,20,6,14,14,344
C005055,28,Mobile Phone,1,46,Credit Card,Female,4,4,Laptop & Accessory,3,Single,6,0,26,10,4,0,247
C005056,16,Mobile Phone,1,13,UPI,Female,3,1,Fashion,5,Married,5,0,1,4,8,0,239
C005057,47,Mobile Phone,3,5,Cash on Delivery,Female,1,5,Others,3,Single,1,1,23,2,10,16,56
C005058,17,Mobile Phone,1,46,UPI,Male,2,1,Grocery,4,Married,3,0,29,6,1,10,183
C005059,40,Computer,2,43,Cash on Delivery,Male,2,1,Grocery,5,Married,1,0,19,5,12,26,179
C005060,28,Mobile Phone,1,14,E wallet,Female,3,2,Fashion,1,Married,4,1,30,7,14,5,124
C005061,58,Mobile Phone,2,48,Cash on Delivery,Male,4,6,Laptop & Accessory,3,Married,7,0,23,1,10,15,476
C005062,12,Mobile Phone,3,47,Debit Card,Male,1,1,Mobile Phone,5,Single,1,0,10,2,15,22,137
C005063,27,Mobile Phone,2,45,E wallet,Male,4,3,Laptop & Accessory,5,Single,2,0,7,1,12,21,430
C005064,54,Mobile Phone,2,34,Cash on Delivery,Female,3,6,Others,1,Married,3,0,29,6,12,3,375
C005065,53,Mobile Phone,1,9,E wallet,Male,1,1,Grocery,5,Married,4,0,4,2,2,17,287
C005066,42,Mobile Phone,3,8,Debit Card,Male,5,6,Grocery,1,Single,4,0,1,2,13,28,356
C005067,59,Mobile Phone,2,49,E wallet,Male,4,2,Laptop & Accessory,5,Single,1,0,30,7,9,23,291
C005068,47,Tablet,2,12,E wallet,Female,5,5,Laptop & Accessory,3,Single,7,0,9,5,5,13,101
C005069,30,Mobile Phone,2,20,UPI,Female,1,5,Others,1,Married,7,0,10,1,14,8,265
C005070,41,Mobile Phone,3,5,Credit Card,Male,3,4,Laptop & Accessory,1,Married,4,1,29,5,2,2,499
C005071,34,Mobile Phone,2,19,Cash on Delivery,Female,5,1,Fashion,5,Single,6,0,6,6,10,20,103
C005072,37,Mobile Phone,2,28,Credit Card,Female,5,3,Fashion,4,Married,3,1,1,6,13,13,345
C005073,6,Mobile Phone,2,19,Debit Card,Female,2,4,Mobile Phone,1,Single,3,0,4,6,10,7,64
C005074,7,Computer,1,10,Debit Card,Female,1,4,Grocery,4,Married,5,0,2,5,7,13,56
C005075,32,Computer,2,6,E wallet,Male,3,2,Others,2,Married,5,0,11,5,1,15,395
C005076,32,Mobile Phone,2,9,Credit Card,Female,2,5,Others,3,Single,6,0,2,1,4,6,210
C005077,53,Mobile Phone,2,43,Cash on Delivery,Male,4,1,Laptop & Accessory,4,Single,2,0,0,3,9,15,107
C005078,25,Computer,2,45,Cash on Delivery,Male,3,6,Grocery,3,Married,6,1,0,3,6,20,339
C005079,33,Computer,1,38,E wallet,Female,2,6,Mobile Phone,1,Divorced,1,0,28,3,2,1,124
C005080,55,Mobile Phone,3,43,Cash on Delivery,Female,4,1,Mobile Phone,3,Married,4,0,3,3,8,21,233
C005081,58,Mobile Phone,3,36,UPI,Female,3,5,Mobile Phone,4,Single,7,0,8,10,2,26,492
C005082,7,Mobile Phone,3,33,Credit Card,Male,2,6,Grocery,1,Divorced,5,0,20,0,8,14,456
C005083,52,Mobile Phone,1,33,Debit Card,Female,3,2,Mobile Phone,4,Married,3,1,11,5,2,0,360
C005084,57,Mobile Phone,2,28,Cash on Delivery,Female,5,2,Fashion,1,Married,6,0,24,6,8,11,74
C005085,12,Mobile Phone,3,50,Cash on Delivery,Female,2,2,Laptop & Accessory,4,Married,7,0,11,4,11,30,381
C005086,16,Mobile Phone,2,35,Cash on Delivery,Male,5,3,Mobile Phone,1,Single,4,0,9,3,2,15,146
C005087,16,Mobile Phone,2,28,E wallet,Female,2,1,Fashion,4,Married,1,0,21,7,3,29,347
C005088,43,Computer,3,19,Debit Card,Male,5,2,Fashion,2,Married,4,0,5,10,7,6,298
C005089,53,Computer,2,16,Credit Card,Female,1,2,Others,4,Divorced,4,0,18,1,4,15,262
C005090,36,Mobile Phone,2,24,Cash on Delivery,Female,5,5,Laptop & Accessory,4,Single,2,1,10,7,14,8,427
C005091,13,Computer,1,8,UPI,Female,1,4,Others,2,Married,1,0,12,3,15,30,177
C005092,7,Mobile Phone,1,17,E wallet,Female,3,4,Grocery,3,Married,4,0,19,3,3,13,442
C005093,36,Computer,1,45,Credit Card,Male,4,4,Fashion,1,Married,3,0,6,1,7,20,218
C005094,47,Mobile Phone,3,48,Cash on Delivery,Male,4,1,Others,4,Single,3,1,19,7,10,23,63
C005095,51,Mobile Phone,2,14,Credit Card,Male,4,3,Laptop & Accessory,3,Married,2,0,17,8,7,10,495
C005096,9,Mobile Phone,2,45,E wallet,Male,1,1,Fashion,5,Married,5,0,3,0,10,0,140
C005097,32,Mobile Phone,3,27,UPI,Female,4,6,Mobile Phone,3,Married,1,1,13,7,9,3,186
C005098,11,Computer,2,11,Cash on Delivery,Male,4,5,Laptop & Accessory,5,Married,4,0,14,2,5,17,157
C005099,8,Mobile Phone,2,16,UPI,Female,5,2,Mobile Phone,1,Married,2,1,27,6,9,10,158
C005100,33,Mobile Phone,1,19,E wallet,Male,4,1,Grocery,5,Married,7,0,3,1,9,24,268
C005101,23,Mobile Phone,3,11,UPI,Male,1,4,Mobile Phone,2,Married,3,1,25,8,5,12,251
C005102,25,Mobile Phone,1,12,E wallet,Female,5,3,Mobile Phone,2,Single,6,1,23,0,8,15,416
C005103,56,Mobile Phone,1,11,UPI,Female,1,5,Grocery,3,Single,4,1,29,4,2,28,408
C005104,8,Mobile Phone,1,47,Credit Card,Female,2,2,Grocery,2,Single,3,0,14,7,6,18,371
C005105,45,Computer,1,8,Credit Card,Male,4,3,Mobile Phone,2,Married,6,0,25,2,2,9,473
C005106,22,Computer,1,11,E wallet,Male,1,1,Fashion,3,Single,4,1,25,4,15,14,457
C005107,59,Tablet,2,49,Credit Card,Female,1,1,Fashion,4,Married,1,0,7,6,1,18,149
C005108,4,Mobile Phone,1,45,UPI,Male,5,3,Others,1,Single,3,0,11,10,9,30,428
C005109,40,Computer,2,34,UPI,Female,2,3,Others,5,Married,2,0,27,8,4,11,363
C005110,3,Mobile Phone,1,22,Cash on Delivery,Female,2,2,Grocery,3,Single,2,0,2,10,2,0,123
C005111,29,Mobile Phone,1,34,E wallet,Female,4,4,Laptop & Accessory,2,Single,7,0,19,8,10,5,357
C005112,41,Mobile Phone,2,11,Credit Card,Male,3,3,Mobile Phone,5,Single,2,0,30,4,9,5,150
C005113,29,Tablet,3,27,E wallet,Female,3,2,Grocery,4,Divorced,6,0,22,7,10,9,489
C005114,34,Computer,3,41,Credit Card,Female,5,3,Grocery,1,Single,2,0,20,10,4,25,231
C005115,34,Tablet,3,11,Cash on Delivery,Female,4,6,Grocery,1,Single,5,0,15,6,9,18,71
C005116,28,Computer,2,42,UPI,Male,5,3,Fashion,2,Married,6,1,1,1,4,23,54
C005117,13,Computer,2,33,UPI,Male,4,6,Laptop & Accessory,4,Single,4,0,3,8,12,20,159
C005118,15,Computer,2,38,Debit Card,Female,2,4,Fashion,1,Married,6,0,7,4,15,22,369
C005119,60,Mobile Phone,2,43,E wallet,Male,3,2,Others,5,Married,4,0,13,3,12,15,206
C005120,23,Mobile Phone,1,45,Credit Card,Male,1,1,Grocery,5,Married,4,0,17,9,11,9,273
C005121,44,Mobile Phone,2,49,Debit Card,Male,3,2,Fashion,2,Married,5,0,22,8,3,24,362
C005122,26,Mobile Phone,1,22,E wallet,Male,4,2,Grocery,4,Married,7,0,17,9,7,3,155
C005123,4,Mobile Phone,2,47,Credit Card,Male,3,2,Laptop & Accessory,5,Married,6,1,4,1,8,16,238
C005124,26,Mobile Phone,2,29,Cash on Delivery,Male,1,4,Mobile Phone,1,Divorced,2,0,15,6,12,17,321
C005125,40,Mobile Phone,1,31,E wallet,Male,2,4,Fashion,5,Married,1,0,25,1,5,3,173
C005126,9,Tablet,1,31,Credit Card,Female,2,5,Laptop & Accessory,1,Married,2,0,25,7,10,28,244
C005127,55,Computer,1,16,UPI,Male,4,6,Mobile Phone,4,Single,5,0,17,0,5,26,217
C005128,5,Mobile Phone,3,27,E wallet,Female,3,1,Grocery,2,Divorced,1,0,18,9,1,18,252
C005129,56,Mobile Phone,1,21,Credit Card,Female,4,4,Laptop & Accessory,2,Single,5,0,2,1,10,19,89
C005130,32,Mobile Phone,1,48,UPI,Male,3,6,Others,2,Single,3,0,19,2,5,2,378
C005131,20,Mobile Phone,3,11,UPI,Female,5,4,Mobile Phone,3,Single,7,0,26,0,5,7,297
C005132,50,Computer,2,28,Debit Card,Female,4,2,Mobile Phone,2,Single,4,1,19,5,15,24,398
C005133,11,Mobile Phone,1,11,Credit Card,Female,3,2,Grocery,2,Married,4,0,10,0,1,13,78
C005134,15,Mobile Phone,1,33,Debit Card,Female,5,6,Others,1,Single,5,0,30,10,12,27,280
C005135,32,Computer,1,32,Debit Card,Male,4,3,Fashion,4,Single,1,0,12,2,15,15,154
C005136,28,Computer,1,27,Cash on Delivery,Male,2,3,Laptop & Accessory,4,Single,3,0,1,0,9,11,470
C005137,22,Mobile Phone,1,14,Debit Card,Female,5,3,Grocery,5,Single,3,1,12,2,4,9,85
C005138,41,Computer,2,20,Debit Card,Female,4,6,Others,2,Married,2,0,19,7,2,24,129
C005139,17,Mobile Phone,3,47,Cash on Delivery,Female,1,4,Mobile Phone,4,Married,2,0,27,4,8,30,150
C005140,59,Mobile Phone,2,38,Cash on Delivery,Male,2,3,Mobile Phone,4,Married,1,0,6,9,1,1,339
C005141,26,Mobile Phone,2,29,E wallet,Female,5,1,Mobile Phone,4,Married,7,0,0,8,2,5,214
C005142,44,Mobile Phone,1,6,Debit Card,Male,3,6,Others,4,Single,7,0,21,6,3,13,482
C005143,7,Mobile Phone,1,9,UPI,Male,1,3,Others,1,Married,2,1,26,6,15,5,162
C005144,42,Mobile Phone,3,18,Cash on Delivery,Female,3,5,Fashion,2,Married,4,0,30,6,3,15,206
C005145,57,Mobile Phone,1,35,Credit Card,Female,1,5,Laptop & Accessory,4,Single,5,0,7,5,5,23,392
C005146,26,Computer,3,44,E wallet,Male,4,2,Mobile Phone,1,Single,4,0,5,7,14,3,230
C005147,25,Mobile Phone,2,10,E wallet,Female,4,4,Fashion,3,Single,7,0,7,8,3,16,157
C005148,10,Mobile Phone,3,32,Debit Card,Female,3,6,Others,5,Single,3,0,26,5,14,27,283
C005149,59,Computer,1,13,UPI,Female,3,5,Fashion,1,Married,3,0,28,8,3,13,223
C005150,45,Mobile Phone,1,10,Cash on Delivery,Male,3,1,Mobile Phone,5,Single,5,0,29,6,1,28,414
C005151,19,Computer,3,21,Credit Card,Female,5,2,Laptop & Accessory,5,Single,1,0,22,10,8,2,264
C005152,11,Mobile Phone,3,44,Debit Card,Male,2,5,Fashion,3,Single,3,0,2,0,5,1,219
C005153,13,Mobile Phone,1,39,UPI,Female,3,3,Others,3,Single,1,0,13,0,8,30,85
C005154,53,Mobile Phone,3,16,Debit Card,Male,4,5,Grocery,3,Single,4,0,22,8,1,6,382
C005155,8,Mobile Phone,1,49,Debit Card,Male,4,5,Grocery,1,Married,6,0,4,10,9,20,64
C005156,40,Mobile Phone,1,22,E wallet,Female,3,2,Fashion,3,Single,6,0,2,8,1,8,204
C005157,4,Mobile Phone,2,47,Credit Card,Male,3,4,Others,4,Married,2,0,9,4,3,19,311
C005158,47,Mobile Phone,2,38,Credit Card,Female,4,3,Fashion,1,Married,5,0,6,2,13,2,498
C005159,31,Mobile Phone,3,50,Credit Card,Female,5,3,Fashion,2,Married,2,0,11,6,12,24,498
C005160,28,Mobile Phone,2,5,Credit Card,Female,1,3,Grocery,3,Single,7,0,18,10,8,6,308
C005161,11,Mobile Phone,1,19,Cash on Delivery,Female,4,3,Fashion,1,Married,7,1,14,0,1,0,249
C005162,43,Mobile Phone,2,22,Cash on Delivery,Female,1,4,Grocery,3,Single,1,0,1,5,7,16,300
C005163,1,Mobile Phone,1,26,Credit Card,Female,3,3,Others,5,Single,6,0,22,2,5,13,99
C005164,49,Mobile Phone,2,22,UPI,Male,2,4,Others,4,Married,1,0,30,4,14,2,362
C005165,47,Mobile Phone,2,5,Cash on Delivery,Male,3,2,Others,5,Single,4,0,0,3,13,2,433
C005166,52,Computer,1,50,Cash on Delivery,Female,3,1,Grocery,3,Married,4,1,0,1,3,16,284
C005167,38,Mobile Phone,2,24,UPI,Male,3,4,Mobile Phone,1,Married,1,0,13,7,11,29,337
C005168,24,Computer,2,40,Credit Card,Female,4,3,Mobile Phone,4,Single,4,0,20,8,8,15,229
C005169,54,Mobile Phone,2,42,Debit Card,Female,4,2,Mobile Phone,5,Single,5,1,29,7,12,0,159
C005170,60,Mobile Phone,2,29,Cash on Delivery,Male,2,2,Mobile Phone,4,Divorced,3,0,1,5,7,1,108
C005171,57,Mobile Phone,1,20,Debit Card,Male,1,5,Others,4,Married,5,0,14,10,2,1,268
C005172,47,Computer,1,24,Debit Card,Female,1,5,Mobile Phone,3,Single,7,0,16,10,13,2,65
C005173,31,Mobile Phone,1,42,UPI,Female,1,1,Fashion,4,Married,1,0,28,4,12,26,228
C005174,41,Mobile Phone,1,37,Credit Card,Female,3,1,Grocery,2,Single,6,1,7,1,12,9,97
C005175,46,Mobile Phone,2,11,Debit Card,Female,2,5,Mobile Phone,2,Married,3,0,12,10,9,2,385
C005176,50,Mobile Phone,3,27,Credit Card,Male,3,6,Others,5,Single,1,1,16,5,6,15,303
C005177,26,Mobile Phone,2,15,E wallet,Male,2,5,Mobile Phone,5,Married,6,0,15,9,10,12,345
C005178,49,Mobile Phone,2,37,Credit Card,Female,5,2,Grocery,1,Divorced,5,0,24,4,2,24,430
C005179,50,Mobile Phone,2,44,UPI,Male,4,4,Laptop & Accessory,3,Divorced,6,0,10,1,13,16,414
C005180,5,Mobile Phone,1,50,UPI,Male,3,5,Laptop & Accessory,5,Single,7,0,27,3,2,20,129
C005181,20,Mobile Phone,3,9,E wallet,Male,5,3,Others,1,Divorced,7,0,7,5,14,25,85
C005182,52,Computer,3,49,UPI,Male,1,4,Others,5,Single,1,0,0,2,1,1,248
C005183,41,Computer,2,45,Credit Card,Female,5,6,Others,1,Single,4,0,6,9,12,4,398
C005184,11,Mobile Phone,1,12,Credit Card,Female,4,4,Mobile Phone,3,Single,1,0,2,0,13,20,103
C005185,56,Mobile Phone,3,21,Credit Card,Female,4,3,Grocery,3,Married,5,1,12,0,4,18,284
C005186,54,Computer,1,22,UPI,Male,4,3,Grocery,5,Married,6,0,5,3,12,11,77
C005187,33,Mobile Phone,3,31,Credit Card,Male,5,3,Grocery,2,Married,4,0,13,7,5,1,408
C005188,50,Mobile Phone,3,35,Cash on Delivery,Female,1,2,Laptop & Accessory,4,Divorced,3,0,12,8,14,23,129
C005189,38,Computer,1,8,E wallet,Female,3,5,Grocery,5,Single,5,1,25,7,9,1,301
C005190,27,Mobile Phone,3,6,Cash on Delivery,Female,1,6,Others,1,Single,2,0,1,5,9,1,435
C005191,34,Mobile Phone,3,9,Credit Card,Female,2,5,Mobile Phone,3,Married,2,0,10,1,14,28,206
C005192,15,Computer,3,21,UPI,Male,2,2,Laptop & Accessory,5,Married,7,1,0,6,2,1,237
C005193,32,Mobile Phone,2,43,E wallet,Female,3,4,Mobile Phone,3,Single,7,0,20,10,7,14,235
C005194,58,Computer,1,36,Cash on Delivery,Female,4,2,Fashion,5,Divorced,5,0,22,0,6,9,438
C005195,21,Computer,2,33,Credit Card,Female,3,5,Others,3,Single,7,0,7,1,5,5,62
C005196,46,Tablet,2,20,UPI,Male,5,1,Laptop & Accessory,2,Married,5,0,20,4,14,18,375
C005197,5,Mobile Phone,1,5,Credit Card,Male,4,2,Others,1,Single,7,1,6,0,15,12,492
C005198,6,Mobile Phone,2,16,Cash on Delivery,Female,3,1,Mobile Phone,5,Married,2,0,13,10,13,20,441
C005199,38,Mobile Phone,2,23,Cash on Delivery,Male,3,1,Grocery,3,Married,7,0,17,1,4,18,378
C005200,22,Mobile Phone,1,13,E wallet,Male,5,6,Fashion,5,Single,2,0,10,10,12,15,130
C005201,18,Mobile Phone,1,11,UPI,Female,5,3,Others,1,Married,6,1,16,8,15,6,51
C005202,14,Mobile Phone,1,34,Debit Card,Female,1,3,Fashion,5,Married,2,0,16,3,6,27,404
C005203,10,Mobile Phone,2,19,Credit Card,Male,2,3,Mobile Phone,4,Married,5,0,9,1,10,28,187
C005204,46,Mobile Phone,2,48,UPI,Female,3,1,Others,3,Married,6,0,0,5,2,18,403
C005205,13,Mobile Phone,1,8,Debit Card,Male,1,5,Grocery,1,Single,4,0,2,5,4,0,309
C005206,31,Computer,3,10,UPI,Male,4,3,Fashion,2,Divorced,1,0,4,4,1,23,340
C005207,30,Computer,1,42,Credit Card,Male,4,6,Laptop & Accessory,4,Single,6,0,23,7,6,18,482
C005208,3,Computer,2,39,Credit Card,Male,2,3,Mobile Phone,5,Married,6,0,6,1,9,16,152
C005209,30,Mobile Phone,3,6,E wallet,Female,4,4,Others,5,Divorced,1,0,17,0,5,27,163
C005210,6,Tablet,3,9,Cash on Delivery,Female,2,6,Laptop & Accessory,4,Single,7,0,8,7,9,18,452
C005211,29,Computer,1,12,Cash on Delivery,Female,4,1,Grocery,2,Married,4,0,13,1,8,4,312
C005212,8,Mobile Phone,3,34,Cash on Delivery,Female,4,1,Grocery,2,Single,1,0,21,6,13,4,463
C005213,44,Mobile Phone,3,23,E wallet,Male,3,3,Fashion,5,Single,6,0,12,9,8,24,367
C005214,45,Mobile Phone,2,34,Cash on Delivery,Male,5,4,Mobile Phone,5,Single,4,0,7,0,6,2,328
C005215,43,Mobile Phone,2,35,UPI,Male,3,4,Others,2,Divorced,4,1,15,7,11,27,246
C005216,44,Mobile Phone,1,20,Cash on Delivery,Male,1,2,Laptop & Accessory,2,Single,1,0,19,4,8,25,204
C005217,33,Mobile Phone,2,42,Cash on Delivery,Female,5,2,Others,2,Single,1,0,1,9,4,10,419
C005218,17,Computer,2,26,Credit Card,Male,3,3,Laptop & Accessory,5,Divorced,7,1,7,3,2,10,327
C005219,48,Mobile Phone,3,37,E wallet,Male,5,6,Mobile Phone,3,Single,1,0,1,4,7,6,446
C005220,11,Mobile Phone,2,26,E wallet,Female,5,1,Grocery,4,Married,3,0,19,5,11,25,124
C005221,13,Computer,2,12,Cash on Delivery,Female,5,6,Grocery,2,Married,1,1,10,5,4,14,198
C005222,50,Mobile Phone,1,41,Debit Card,Male,4,4,Others,5,Married,5,0,17,2,10,3,81
C005223,11,Tablet,1,16,Credit Card,Male,5,4,Others,1,Single,7,1,28,8,11,18,171
C005224,31,Mobile Phone,1,9,Cash on Delivery,Female,4,4,Fashion,5,Married,7,0,20,2,13,1,224
C005225,28,Tablet,1,29,Debit Card,Female,5,1,Laptop & Accessory,3,Divorced,5,0,23,5,10,9,311
C005226,44,Mobile Phone,2,33,UPI,Female,4,2,Fashion,3,Single,3,1,9,6,6,1,111
C005227,6,Mobile Phone,3,17,Credit Card,Male,5,3,Laptop & Accessory,2,Single,5,0,2,10,13,6,113
C005228,41,Mobile Phone,2,30,E wallet,Male,1,2,Mobile Phone,4,Divorced,1,0,11,8,1,11,445
C005229,16,Computer,2,26,Debit Card,Male,3,4,Others,5,Single,3,0,1,9,13,2,471
C005230,4,Computer,2,33,Cash on Delivery,Female,5,6,Laptop & Accessory,4,Single,6,0,15,0,4,29,184
C005231,35,Mobile Phone,1,16,Debit Card,Female,1,6,Grocery,1,Single,2,0,1,9,12,14,496
C005232,60,Computer,1,50,E wallet,Female,3,4,Mobile Phone,4,Single,6,1,5,6,4,11,188
C005233,48,Mobile Phone,1,47,UPI,Male,2,1,Grocery,4,Married,2,0,14,0,2,30,333
C005234,56,Mobile Phone,2,32,Debit Card,Male,5,1,Mobile Phone,2,Single,4,1,18,0,12,14,334
C005235,59,Computer,1,13,Cash on Delivery,Female,2,1,Laptop & Accessory,1,Single,7,0,10,4,8,11,89
C005236,26,Mobile Phone,1,14,Debit Card,Female,3,3,Grocery,3,Married,1,0,20,3,4,12,332
C005237,57,Mobile Phone,2,46,UPI,Female,3,5,Laptop & Accessory,4,Married,4,0,15,8,10,10,337
C005238,12,Computer,3,30,Debit Card,Male,5,6,Fashion,1,Single,2,0,13,3,12,7,250
C005239,11,Computer,2,40,UPI,Male,1,5,Mobile Phone,1,Single,5,0,15,3,11,6,197
C005240,37,Tablet,3,44,UPI,Female,5,6,Others,3,Divorced,3,1,26,3,15,20,264
C005241,25,Computer,2,15,Credit Card,Female,1,3,Grocery,2,Divorced,7,0,28,3,4,26,349
C005242,18,Mobile Phone,2,10,Credit Card,Male,5,6,Laptop & Accessory,1,Divorced,2,0,1,8,15,22,278
C005243,19,Computer,2,8,Cash on Delivery,Female,1,3,Grocery,3,Divorced,4,1,15,1,6,16,273
C005244,23,Mobile Phone,3,31,Cash on Delivery,Female,4,3,Laptop & Accessory,5,Married,5,0,5,7,11,10,419
C005245,55,Tablet,1,28,Cash on Delivery,Female,1,2,Fashion,1,Single,3,1,15,3,4,7,234
C005246,38,Mobile Phone,1,9,UPI,Male,1,6,Others,5,Divorced,6,1,18,4,1,26,171
C005247,54,Mobile Phone,1,7,UPI,Male,3,3,Grocery,5,Married,5,0,22,8,14,9,104
C005248,18,Mobile Phone,2,11,Credit Card,Male,2,2,Grocery,1,Married,2,0,7,0,3,2,51
C005249,26,Mobile Phone,3,28,UPI,Male,5,6,Laptop & Accessory,3,Married,5,0,14,0,8,22,113
C005250,6,Mobile Phone,1,26,Credit Card,Male,3,1,Laptop & Accessory,5,Married,5,0,30,1,2,27,349
C005251,4,Computer,1,16,Debit Card,Male,2,6,Grocery,2,Married,4,0,26,5,8,3,378
C005252,44,Computer,3,39,Cash on Delivery,Male,3,4,Fashion,4,Single,5,0,3,10,15,29,356
C005253,51,Mobile Phone,2,21,Cash on Delivery,Female,3,5,Grocery,5,Single,3,0,20,1,6,17,492
C005254,29,Computer,2,7,E wallet,Female,5,4,Mobile Phone,5,Single,2,0,20,7,13,25,381
C005255,59,Mobile Phone,3,15,Credit Card,Male,4,5,Mobile Phone,4,Married,1,1,13,7,9,26,211
C005256,34,Mobile Phone,2,10,E wallet,Female,3,1,Grocery,3,Married,5,0,18,3,2,19,452
C005257,17,Mobile Phone,2,47,Cash on Delivery,Male,5,5,Fashion,2,Single,6,1,17,2,14,6,268
C005258,43,Computer,1,40,E wallet,Male,1,1,Laptop & Accessory,2,Married,7,0,18,4,1,10,52
C005259,43,Computer,1,21,Debit Card,Male,2,6,Laptop & Accessory,5,Single,2,0,4,5,12,17,176
C005260,53,Mobile Phone,2,26,E wallet,Female,5,4,Grocery,1,Divorced,5,0,23,8,2,4,177
C005261,16,Mobile Phone,2,5,Debit Card,Male,4,2,Others,1,Single,5,0,29,9,5,21,490
C005262,2,Mobile Phone,3,48,Cash on Delivery,Female,5,6,Laptop & Accessory,5,Married,6,0,3,6,7,4,97
C005263,34,Mobile Phone,3,7,UPI,Male,5,6,Mobile Phone,1,Single,4,0,20,10,7,27,489
C005264,55,Mobile Phone,3,20,Credit Card,Female,1,5,Mobile Phone,2,Single,2,0,29,2,9,6,68
C005265,8,Mobile Phone,1,39,E wallet,Male,2,6,Others,2,Single,3,0,23,8,5,12,233
C005266,13,Mobile Phone,3,18,Debit Card,Female,2,3,Others,4,Married,1,1,22,5,9,21,370
C005267,42,Computer,2,11,Cash on Delivery,Male,4,2,Mobile Phone,2,Single,5,0,25,10,8,26,232
C005268,8,Mobile Phone,1,30,Cash on Delivery,Female,2,2,Grocery,3,Divorced,2,0,25,1,8,20,144
C005269,30,Mobile Phone,2,47,UPI,Female,1,1,Grocery,2,Married,2,1,23,1,5,8,383
C005270,32,Mobile Phone,1,35,Cash on Delivery,Female,4,4,Grocery,5,Single,5,0,19,4,5,26,338
C005271,36,Computer,1,28,Cash on Delivery,Male,1,3,Mobile Phone,1,Married,1,1,1,1,2,18,206
C005272,47,Computer,3,23,UPI,Female,1,4,Others,1,Single,7,0,1,0,4,16,252
C005273,30,Computer,2,41,Cash on Delivery,Male,5,4,Fashion,2,Married,5,0,8,7,12,11,497
C005274,1,Mobile Phone,1,5,Debit Card,Male,5,2,Mobile Phone,2,Married,1,0,12,5,5,11,198
C005275,43,Computer,2,29,E wallet,Female,5,3,Mobile Phone,1,Single,2,1,14,1,4,2,433
C005276,39,Mobile Phone,3,14,E wallet,Female,3,5,Laptop & Accessory,1,Married,7,0,1,9,14,23,375
C005277,17,Mobile Phone,2,22,Debit Card,Female,1,3,Grocery,2,Married,5,0,0,8,7,27,154
C005278,59,Mobile Phone,1,46,E wallet,Female,2,1,Laptop & Accessory,3,Married,2,1,14,10,11,29,196
C005279,20,Mobile Phone,1,5,Cash on Delivery,Male,4,6,Mobile Phone,3,Married,5,0,20,8,11,26,63
C005280,24,Computer,1,33,E wallet,Female,3,2,Mobile Phone,1,Single,5,0,8,7,6,10,98
C005281,50,Computer,3,17,E wallet,Female,5,3,Mobile Phone,4,Single,3,0,15,6,13,25,323
C005282,22,Mobile Phone,2,8,Cash on Delivery,Male,3,1,Fashion,3,Single,4,1,8,0,13,20,492
C005283,29,Mobile Phone,2,16,E wallet,Female,3,5,Laptop & Accessory,5,Married,5,0,26,8,7,5,107
C005284,22,Mobile Phone,2,23,Cash on Delivery,Male,1,4,Others,1,Single,6,0,5,10,11,7,51
C005285,44,Mobile Phone,3,30,UPI,Female,1,4,Grocery,3,Married,5,0,15,2,11,5,389
C005286,9,Mobile Phone,2,48,UPI,Female,2,1,Grocery,2,Married,2,0,19,2,11,30,435
C005287,37,Computer,2,42,E wallet,Female,4,2,Fashion,4,Married,1,0,24,10,8,20,99
C005288,10,Tablet,1,20,UPI,Female,4,4,Laptop & Accessory,2,Single,2,1,17,1,2,0,302
C005289,36,Mobile Phone,1,48,E wallet,Male,5,2,Grocery,2,Single,6,0,19,5,9,10,180
C005290,37,Computer,3,29,UPI,Female,2,2,Mobile Phone,4,Married,4,0,21,8,2,20,472
C005291,28,Mobile Phone,3,14,E wallet,Male,4,4,Laptop & Accessory,1,Single,5,0,16,7,3,11,387
C005292,28,Mobile Phone,3,41,Credit Card,Male,3,5,Grocery,2,Single,2,0,29,2,9,11,70
C005293,42,Mobile Phone,3,32,Debit Card,Female,3,6,Laptop & Accessory,1,Single,6,0,17,3,12,23,79
C005294,43,Mobile Phone,3,32,UPI,Female,4,3,Fashion,1,Single,1,1,1,7,3,4,264
C005295,21,Computer,2,29,Cash on Delivery,Female,3,6,Others,1,Single,4,0,30,2,3,13,490
C005296,24,Mobile Phone,3,29,Debit Card,Female,3,4,Others,2,Divorced,4,0,14,3,12,21,186
C005297,42,Mobile Phone,2,16,E wallet,Female,5,3,Laptop & Accessory,1,Single,5,0,16,8,9,5,52
C005298,60,Mobile Phone,1,12,Debit Card,Male,3,2,Fashion,2,Married,4,1,8,8,7,18,197
C005299,40,Tablet,1,40,Cash on Delivery,Male,4,5,Grocery,1,Single,1,0,0,8,11,15,477
C005300,2,Mobile Phone,3,43,Cash on Delivery,Female,1,2,Mobile Phone,5,Married,7,0,12,10,1,11,72
C005301,55,Computer,1,28,E wallet,Female,3,5,Laptop & Accessory,2,Married,2,1,0,9,10,6,227
C005302,8,Computer,3,27,UPI,Male,4,6,Laptop & Accessory,5,Single,4,0,3,6,13,12,162
C005303,48,Mobile Phone,1,41,UPI,Male,3,6,Grocery,1,Married,6,1,26,10,15,13,274
C005304,27,Mobile Phone,1,15,Credit Card,Female,2,6,Mobile Phone,2,Single,3,0,0,1,2,8,278
C005305,22,Computer,1,21,Cash on Delivery,Male,5,1,Mobile Phone,4,Married,7,0,8,4,5,1,214
C005306,37,Mobile Phone,1,32,Credit Card,Female,1,6,Grocery,5,Married,2,0,7,9,3,28,493
C005307,27,Computer,1,7,Cash on Delivery,Male,3,5,Laptop & Accessory,3,Single,1,0,15,6,7,28,310
C005308,57,Mobile Phone,1,6,Credit Card,Female,4,5,Grocery,3,Married,7,0,28,3,2,2,383
C005309,29,Mobile Phone,3,33,UPI,Female,1,6,Others,4,Married,7,0,11,8,2,21,291
C005310,3,Computer,1,38,Cash on Delivery,Female,3,2,Grocery,4,Married,1,0,7,10,14,4,87
C005311,44,Computer,1,18,UPI,Male,2,6,Fashion,3,Single,5,0,22,7,4,4,136
C005312,13,Tablet,1,37,Debit Card,Male,4,6,Laptop & Accessory,2,Single,6,0,9,7,6,11,152
C005313,45,Mobile Phone,2,22,UPI,Male,5,4,Fashion,1,Married,4,0,24,9,8,17,353
C005314,10,Computer,2,33,Cash on Delivery,Male,3,4,Laptop & Accessory,2,Single,5,0,22,8,13,22,287
C005315,36,Computer,2,6,Debit Card,Female,4,3,Laptop & Accessory,3,Single,4,0,9,8,8,19,169
C005316,9,Computer,1,15,Credit Card,Female,3,1,Others,5,Single,7,1,10,1,5,24,300
C005317,54,Mobile Phone,1,35,E wallet,Male,5,5,Grocery,5,Single,6,0,29,4,3,0,253
C005318,56,Mobile Phone,2,17,Cash on Delivery,Male,2,3,Grocery,1,Married,6,1,23,0,12,11,489
C005319,55,Computer,3,48,E wallet,Female,5,6,Others,1,Married,2,0,30,4,4,4,254
C005320,27,Mobile Phone,1,30,E wallet,Female,5,5,Others,3,Married,5,0,0,7,13,29,433
C005321,34,Mobile Phone,2,38,Debit Card,Male,5,5,Mobile Phone,3,Married,5,0,15,6,12,6,385
C005322,51,Mobile Phone,1,14,Credit Card,Male,1,1,Fashion,1,Married,5,0,15,7,1,4,367
C005323,1,Mobile Phone,1,16,UPI,Male,4,1,Laptop & Accessory,5,Single,5,0,5,7,3,0,396
C005324,32,Mobile Phone,2,26,Debit Card,Female,3,3,Mobile Phone,4,Single,3,0,18,4,10,18,362
C005325,25,Mobile Phone,2,50,Credit Card,Female,2,4,Grocery,4,Single,3,0,1,5,7,8,201
C005326,29,Computer,1,35,UPI,Female,3,5,Mobile Phone,4,Married,6,0,16,10,13,16,342
C005327,7,Mobile Phone,1,23,UPI,Female,1,2,Grocery,5,Married,7,0,16,1,12,6,237
C005328,49,Mobile Phone,3,49,Credit Card,Male,2,3,Others,2,Single,5,0,27,3,12,8,250
C005329,3,Mobile Phone,3,28,UPI,Female,1,5,Laptop & Accessory,2,Single,4,0,30,2,12,19,322
C005330,20,Mobile Phone,3,29,Cash on Delivery,Male,3,1,Laptop & Accessory,5,Married,5,0,27,9,15,15,220
C005331,20,Mobile Phone,2,39,Cash on Delivery,Female,2,6,Laptop & Accessory,2,Single,3,1,16,4,11,18,305
C005332,53,Computer,2,12,Debit Card,Male,3,1,Others,4,Single,7,0,10,4,10,14,264
C005333,30,Mobile Phone,1,9,UPI,Male,4,1,Grocery,5,Married,3,0,28,8,12,13,445
C005334,35,Computer,1,26,UPI,Female,1,1,Others,1,Married,5,0,2,10,15,3,309
C005335,35,Mobile Phone,2,32,Credit Card,Male,4,6,Laptop & Accessory,5,Single,5,0,27,6,2,3,292
C005336,49,Mobile Phone,2,16,Cash on Delivery,Male,4,4,Laptop & Accessory,3,Married,4,1,27,0,2,11,54
C005337,39,Mobile Phone,1,37,E wallet,Female,3,4,Laptop & Accessory,4,Single,6,0,12,6,15,24,144
C005338,27,Mobile Phone,3,20,Debit Card,Male,3,5,Grocery,4,Married,6,1,3,0,15,2,440
C005339,26,Computer,1,30,Cash on Delivery,Female,5,5,Grocery,3,Married,6,0,19,8,3,25,488
C005340,14,Computer,1,16,Credit Card,Female,5,3,Mobile Phone,4,Married,3,0,15,6,7,14,380
C005341,17,Mobile Phone,1,27,Debit Card,Female,2,1,Mobile Phone,3,Single,7,0,21,7,4,10,170
C005342,18,Mobile Phone,2,30,E wallet,Male,3,1,Fashion,3,Married,5,0,1,8,12,10,355
C005343,45,Mobile Phone,1,45,Debit Card,Male,1,6,Grocery,4,Married,7,0,20,1,10,27,381
C005344,52,Mobile Phone,1,17,Cash on Delivery,Female,3,2,Others,5,Married,1,1,15,3,15,7,215
C005345,29,Tablet,2,27,E wallet,Female,3,2,Grocery,3,Married,5,0,19,10,12,10,434
C005346,20,Mobile Phone,2,35,Credit Card,Male,4,1,Mobile Phone,1,Married,3,0,29,6,6,22,377
C005347,53,Computer,2,40,Debit Card,Female,4,2,Laptop & Accessory,3,Single,7,0,5,10,11,10,130
C005348,27,Mobile Phone,1,31,Cash on Delivery,Female,5,2,Mobile Phone,1,Married,1,0,2,8,4,11,357
C005349,18,Mobile Phone,2,40,Credit Card,Female,2,1,Mobile Phone,5,Divorced,1,1,3,6,12,9,70
C005350,4,Mobile Phone,2,46,E wallet,Male,2,4,Mobile Phone,3,Single,1,0,16,1,4,26,176
C005351,1,Mobile Phone,1,27,Debit Card,Male,3,4,Fashion,3,Single,4,0,4,9,11,11,309
C005352,50,Computer,3,42,UPI,Male,1,5,Fashion,3,Married,7,0,22,1,2,0,354
C005353,1,Mobile Phone,2,7,Cash on Delivery,Female,4,4,Fashion,1,Single,5,0,13,10,14,4,461
C005354,58,Computer,1,34,Cash on Delivery,Female,1,1,Others,5,Single,6,0,21,8,10,20,400
C005355,26,Mobile Phone,3,36,UPI,Female,4,2,Fashion,4,Single,1,0,2,5,4,29,314
C005356,45,Tablet,3,19,Credit Card,Female,3,1,Others,2,Married,4,0,22,5,6,0,358
C005357,20,Mobile Phone,3,42,Cash on Delivery,Male,2,3,Grocery,3,Married,3,0,5,2,7,9,97
C005358,52,Computer,2,15,Credit Card,Male,3,2,Grocery,3,Single,1,0,0,5,3,0,304
C005359,23,Computer,1,6,E wallet,Female,4,1,Fashion,3,Divorced,6,0,30,9,4,28,94
C005360,10,Tablet,1,30,UPI,Male,2,5,Grocery,4,Married,7,0,7,2,8,6,146
C005361,59,Mobile Phone,2,38,Credit Card,Female,1,5,Grocery,5,Divorced,5,0,0,3,7,18,277
C005362,11,Computer,3,5,E wallet,Female,1,2,Laptop & Accessory,1,Single,1,0,9,4,11,0,150
C005363,41,Mobile Phone,2,15,Debit Card,Male,5,4,Fashion,4,Married,3,0,25,0,3,0,457
C005364,41,Mobile Phone,3,9,Cash on Delivery,Male,1,5,Fashion,5,Single,3,0,2,2,2,30,489
C005365,5,Mobile Phone,1,30,UPI,Female,5,6,Mobile Phone,2,Single,1,1,21,2,14,15,485
C005366,58,Mobile Phone,2,10,Debit Card,Female,2,3,Mobile Phone,5,Divorced,5,0,12,1,1,0,426
C005367,1,Tablet,3,39,Debit Card,Male,3,6,Grocery,5,Married,7,1,18,4,1,2,241
C005368,17,Mobile Phone,3,9,Debit Card,Male,3,6,Mobile Phone,1,Married,7,0,14,6,13,30,53
C005369,22,Mobile Phone,3,13,Credit Card,Male,2,6,Laptop & Accessory,5,Single,4,0,29,1,5,1,256
C005370,34,Mobile Phone,3,32,Cash on Delivery,Female,2,2,Fashion,5,Single,1,0,8,0,14,17,466
C005371,56,Mobile Phone,2,23,UPI,Male,4,3,Laptop & Accessory,3,Single,7,0,1,1,6,7,182
C005372,45,Mobile Phone,2,9,Cash on Delivery,Male,1,2,Fashion,1,Married,3,0,24,10,9,17,495
C005373,41,Mobile Phone,3,27,Cash on Delivery,Male,1,4,Others,5,Single,4,0,16,4,10,23,436
C005374,29,Mobile Phone,2,48,Cash on Delivery,Female,1,1,Fashion,5,Divorced,5,0,22,10,13,23,273
C005375,4,Mobile Phone,1,48,E wallet,Male,5,6,Laptop & Accessory,3,Single,1,0,7,5,14,8,230
C005376,5,Computer,2,20,E wallet,Male,1,2,Grocery,1,Single,3,1,1,9,7,11,155
C005377,11,Computer,2,11,E wallet,Male,4,1,Mobile Phone,2,Divorced,4,0,5,7,1,26,481
C005378,56,Tablet,1,18,E wallet,Male,3,2,Mobile Phone,1,Married,2,0,22,10,2,26,326
C005379,51,Mobile Phone,2,26,Cash on Delivery,Female,3,4,Laptop & Accessory,4,Married,4,0,17,8,7,6,358
C005380,21,Mobile Phone,1,13,Cash on Delivery,Male,5,3,Mobile Phone,5,Married,3,0,12,4,13,4,50
C005381,35,Mobile Phone,2,27,UPI,Female,4,1,Grocery,4,Divorced,3,0,0,3,13,2,459
C005382,12,Mobile Phone,3,47,UPI,Male,2,3,Mobile Phone,4,Married,2,0,9,1,1,25,204
C005383,26,Mobile Phone,2,8,UPI,Male,3,2,Others,2,Divorced,2,0,2,10,15,9,96
C005384,51,Mobile Phone,3,47,UPI,Male,4,6,Fashion,5,Single,6,0,8,8,13,9,82
C005385,19,Mobile Phone,1,30,UPI,Male,2,2,Others,1,Married,6,0,29,2,2,27,262
C005386,45,Mobile Phone,3,45,E wallet,Male,5,4,Fashion,3,Married,7,0,21,0,6,19,271
C005387,60,Computer,1,10,Cash on Delivery,Male,1,2,Others,5,Married,2,0,12,8,1,2,349
C005388,7,Mobile Phone,1,35,UPI,Female,4,4,Mobile Phone,4,Married,5,0,4,1,10,12,390
C005389,47,Mobile Phone,3,21,Credit Card,Female,3,2,Mobile Phone,4,Divorced,3,0,5,7,5,21,106
C005390,55,Mobile Phone,3,13,UPI,Female,5,6,Grocery,5,Single,1,0,8,3,2,20,65
C005391,7,Mobile Phone,1,31,UPI,Female,4,3,Others,2,Married,5,0,11,7,4,1,342
C005392,26,Mobile Phone,3,10,Cash on Delivery,Female,5,2,Fashion,1,Married,3,0,22,8,11,21,442
C005393,40,Mobile Phone,2,10,E wallet,Male,2,1,Fashion,3,Single,7,1,16,2,13,20,206
C005394,5,Mobile Phone,3,8,Debit Card,Male,4,5,Mobile Phone,2,Single,4,1,10,4,12,25,453
C005395,21,Computer,2,47,Cash on Delivery,Male,1,1,Mobile Phone,1,Married,7,0,14,7,15,9,441
C005396,14,Computer,2,7,E wallet,Male,2,1,Mobile Phone,5,Divorced,2,1,28,7,15,11,255
C005397,4,Mobile Phone,2,28,Credit Card,Female,1,4,Others,2,Married,4,0,30,3,11,19,480
C005398,23,Mobile Phone,1,22,Debit Card,Female,5,2,Fashion,3,Married,6,0,1,1,1,22,279
C005399,42,Mobile Phone,2,36,E wallet,Male,1,3,Others,1,Married,1,0,21,5,3,24,474
C005400,20,Computer,2,25,E wallet,Male,2,2,Fashion,5,Divorced,7,1,17,5,15,16,347
C005401,15,Mobile Phone,1,33,Cash on Delivery,Female,2,5,Fashion,1,Single,5,0,23,6,8,23,56
C005402,50,Mobile Phone,1,36,E wallet,Female,2,2,Grocery,3,Married,4,1,13,4,6,0,109
C005403,52,Mobile Phone,1,29,UPI,Male,5,5,Mobile Phone,5,Married,1,0,5,0,1,10,90
C005404,45,Mobile Phone,3,16,E wallet,Female,3,5,Others,4,Married,4,0,8,0,12,15,450
C005405,29,Computer,2,50,Debit Card,Male,5,1,Others,4,Single,6,0,1,0,3,14,251
C005406,8,Mobile Phone,3,13,E wallet,Male,2,5,Mobile Phone,2,Divorced,3,0,16,3,5,4,470
C005407,41,Mobile Phone,3,11,Credit Card,Female,5,5,Others,5,Single,6,0,3,6,12,16,367
C005408,48,Mobile Phone,2,18,UPI,Female,4,6,Grocery,5,Single,4,0,9,7,8,1,292
C005409,19,Mobile Phone,3,24,Debit Card,Male,4,3,Others,2,Single,6,0,7,0,11,10,425
C005410,48,Computer,1,24,Debit Card,Female,3,6,Fashion,1,Married,2,0,5,4,2,29,266
C005411,39,Computer,1,14,Cash on Delivery,Female,5,4,Mobile Phone,2,Married,2,0,26,4,14,7,136
C005412,46,Mobile Phone,2,15,Cash on Delivery,Male,5,2,Mobile Phone,5,Single,3,1,30,6,15,14,349
C005413,28,Mobile Phone,2,43,UPI,Male,4,3,Grocery,4,Single,6,0,29,0,2,12,422
C005414,46,Mobile Phone,3,23,Debit Card,Male,2,4,Others,1,Single,5,0,2,7,8,24,287
C005415,57,Mobile Phone,2,23,Credit Card,Female,1,1,Fashion,5,Married,2,0,6,3,1,12,341
C005416,27,Mobile Phone,1,47,E wallet,Male,2,3,Laptop & Accessory,3,Divorced,4,0,28,10,12,16,241
C005417,4,Mobile Phone,2,10,E wallet,Male,3,3,Fashion,4,Single,2,0,9,7,2,9,219
C005418,58,Mobile Phone,2,12,E wallet,Male,1,1,Fashion,4,Married,6,1,16,7,15,27,79
C005419,15,Mobile Phone,1,5,Cash on Delivery,Female,2,5,Others,2,Single,3,0,23,1,11,28,55
C005420,35,Mobile Phone,2,27,Debit Card,Female,5,1,Laptop & Accessory,5,Married,6,0,23,3,13,6,384
C005421,37,Computer,3,44,Debit Card,Male,5,2,Grocery,5,Married,6,1,27,2,9,19,73
C005422,1,Mobile Phone,3,41,Credit Card,Female,4,1,Others,2,Married,5,0,30,1,14,3,296
C005423,3,Computer,2,14,Cash on Delivery,Female,5,3,Mobile Phone,5,Single,6,0,18,3,11,5,78
C005424,47,Mobile Phone,1,6,Credit Card,Male,5,1,Laptop & Accessory,5,Married,6,1,28,3,8,9,155
C005425,24,Mobile Phone,1,40,Debit Card,Female,3,2,Mobile Phone,4,Married,3,0,15,4,1,15,286
C005426,27,Computer,2,6,E wallet,Female,1,5,Laptop & Accessory,1,Divorced,4,0,0,3,7,19,193
C005427,40,Mobile Phone,3,19,Cash on Delivery,Male,2,5,Mobile Phone,3,Single,2,1,2,6,15,12,488
C005428,36,Computer,1,24,Cash on Delivery,Female,2,4,Others,3,Single,4,0,22,0,6,29,122
C005429,34,Mobile Phone,1,46,Cash on Delivery,Female,3,6,Laptop & Accessory,1,Married,2,0,17,0,2,26,127
C005430,29,Mobile Phone,3,25,E wallet,Female,1,4,Grocery,3,Married,2,1,6,10,4,12,450
C005431,24,Mobile Phone,3,34,Cash on Delivery,Female,5,2,Others,1,Divorced,1,0,4,2,5,24,361
C005432,24,Mobile Phone,2,28,UPI,Female,3,4,Laptop & Accessory,5,Single,6,0,12,5,10,8,444
C005433,42,Mobile Phone,1,6,Cash on Delivery,Male,5,5,Mobile Phone,2,Married,7,0,16,5,7,22,77
C005434,4,Mobile Phone,1,42,E wallet,Male,2,6,Fashion,5,Married,3,0,7,4,4,16,56
C005435,3,Mobile Phone,1,26,Cash on Delivery,Female,3,5,Laptop & Accessory,2,Single,1,0,12,5,13,5,274
C005436,34,Mobile Phone,2,33,UPI,Male,3,4,Others,1,Single,6,0,2,5,8,20,206
C005437,57,Mobile Phone,1,18,UPI,Male,3,1,Mobile Phone,5,Married,4,1,16,8,12,20,206
C005438,49,Mobile Phone,3,9,Cash on Delivery,Male,2,5,Others,1,Single,4,0,10,10,2,27,110
C005439,23,Mobile Phone,3,28,Debit Card,Male,2,4,Mobile Phone,4,Married,5,0,18,0,5,11,115
C005440,53,Mobile Phone,1,30,Debit Card,Female,4,4,Others,1,Married,6,0,5,7,3,7,463
C005441,56,Computer,2,6,Credit Card,Female,2,2,Laptop & Accessory,5,Single,7,0,17,5,8,4,452
C005442,52,Computer,2,50,UPI,Female,2,2,Laptop & Accessory,2,Married,2,0,12,5,8,18,477
C005443,23,Mobile Phone,3,49,Debit Card,Male,5,5,Laptop & Accessory,4,Single,1,0,1,9,8,14,105
C005444,45,Tablet,3,38,Credit Card,Female,2,3,Mobile Phone,5,Married,5,0,21,5,6,30,367
C005445,5,Mobile Phone,1,27,Debit Card,Male,1,4,Grocery,5,Single,7,1,19,6,6,17,157
C005446,31,Computer,1,45,Cash on Delivery,Female,5,1,Others,5,Single,1,0,3,10,10,19,251
C005447,53,Computer,3,39,UPI,Female,4,3,Grocery,4,Married,7,0,30,6,9,11,370
C005448,41,Computer,2,19,Debit Card,Male,1,4,Grocery,5,Married,7,0,30,4,5,4,483
C005449,57,Mobile Phone,1,7,Cash on Delivery,Female,4,3,Grocery,2,Single,4,0,17,6,12,22,148
C005450,57,Mobile Phone,2,16,Credit Card,Male,3,4,Fashion,5,Married,5,1,27,10,10,10,130
C005451,60,Mobile Phone,3,42,Cash on Delivery,Female,3,4,Others,3,Single,3,1,19,1,4,19,147
C005452,54,Computer,1,21,Credit Card,Male,3,3,Fashion,1,Married,5,1,29,2,3,8,406
C005453,6,Mobile Phone,3,42,Debit Card,Male,2,2,Others,3,Divorced,2,0,1,9,12,22,298
C005454,37,Computer,1,31,E wallet,Male,2,4,Fashion,2,Married,4,0,21,1,2,5,99
C005455,57,Mobile Phone,3,23,Cash on Delivery,Female,5,5,Others,2,Single,3,0,25,8,13,8,233
C005456,10,Computer,2,25,E wallet,Female,1,3,Laptop & Accessory,1,Married,4,1,17,0,15,7,193
C005457,40,Mobile Phone,1,44,UPI,Male,1,6,Grocery,2,Married,2,0,3,4,10,19,374
C005458,7,Mobile Phone,2,28,E wallet,Male,3,2,Mobile Phone,2,Single,4,0,7,4,9,28,166
C005459,39,Mobile Phone,3,28,UPI,Male,3,1,Grocery,5,Single,6,0,23,0,9,4,370
C005460,38,Mobile Phone,3,23,Debit Card,Female,2,4,Others,1,Married,3,1,28,0,8,29,65
C005461,21,Mobile Phone,1,35,Debit Card,Male,4,6,Mobile Phone,3,Married,5,1,21,5,15,12,377
C005462,20,Computer,2,44,Cash on Delivery,Female,1,4,Grocery,5,Single,5,1,2,10,12,26,375
C005463,3,Mobile Phone,2,24,E wallet,Female,1,6,Others,5,Single,6,0,26,2,4,16,239
C005464,51,Mobile Phone,2,19,UPI,Female,4,5,Grocery,3,Single,5,0,12,10,14,17,156
C005465,22,Computer,3,44,UPI,Male,1,2,Others,2,Married,3,0,1,7,14,3,240
C005466,47,Mobile Phone,1,39,E wallet,Female,1,4,Fashion,4,Single,6,0,8,0,10,2,157
C005467,4,Computer,1,39,Debit Card,Male,2,6,Fashion,4,Single,5,1,8,2,4,26,126
C005468,28,Tablet,2,37,Debit Card,Male,1,2,Laptop & Accessory,2,Single,1,0,25,8,4,12,58
C005469,12,Mobile Phone,1,44,UPI,Female,3,4,Mobile Phone,5,Divorced,6,1,26,7,14,13,216
C005470,38,Mobile Phone,3,45,Cash on Delivery,Female,3,6,Fashion,3,Single,1,0,0,0,6,11,419
C005471,51,Mobile Phone,2,48,Debit Card,Male,5,1,Others,4,Married,5,0,28,0,4,18,101
C005472,36,Computer,2,22,Credit Card,Female,2,6,Grocery,5,Married,6,0,8,6,13,0,186
C005473,47,Mobile Phone,3,21,UPI,Female,2,5,Laptop & Accessory,4,Married,2,0,20,3,9,7,499
C005474,41,Mobile Phone,2,12,E wallet,Female,3,1,Grocery,3,Divorced,3,0,24,0,13,1,351
C005475,5,Computer,2,24,E wallet,Female,2,1,Grocery,5,Single,6,1,15,9,6,19,374
C005476,13,Mobile Phone,1,15,UPI,Male,2,6,Mobile Phone,1,Married,2,0,10,2,10,23,264
C005477,23,Computer,1,34,UPI,Female,5,3,Grocery,5,Married,6,0,17,8,11,2,57
C005478,58,Computer,1,31,Debit Card,Female,4,1,Mobile Phone,1,Divorced,7,1,6,6,1,2,463
C005479,50,Mobile Phone,2,43,UPI,Female,1,5,Others,2,Single,4,0,30,6,2,16,253
C005480,30,Computer,2,18,UPI,Female,5,5,Grocery,3,Married,6,0,13,3,4,30,52
C005481,37,Computer,1,46,Credit Card,Female,4,6,Grocery,4,Divorced,2,0,0,1,3,11,419
C005482,25,Mobile Phone,2,19,E wallet,Female,1,4,Grocery,2,Single,2,0,13,3,8,18,207
C005483,48,Mobile Phone,1,16,Debit Card,Female,3,6,Others,2,Divorced,2,0,0,8,3,6,453
C005484,27,Mobile Phone,3,24,Cash on Delivery,Female,4,1,Fashion,5,Married,7,0,23,7,11,30,216
C005485,51,Mobile Phone,1,21,Debit Card,Female,1,2,Fashion,5,Single,5,1,13,5,14,9,273
C005486,14,Tablet,3,44,E wallet,Male,5,3,Others,1,Single,7,1,23,4,13,9,160
C005487,57,Mobile Phone,2,30,Cash on Delivery,Male,1,6,Laptop & Accessory,1,Single,4,0,22,1,14,17,226
C005488,48,Mobile Phone,2,18,UPI,Female,2,3,Laptop & Accessory,2,Single,4,0,23,8,2,21,408
C005489,59,Mobile Phone,1,29,Credit Card,Female,1,3,Mobile Phone,2,Single,5,0,13,10,13,6,266
C005490,47,Mobile Phone,3,30,Credit Card,Male,3,5,Others,5,Divorced,1,0,22,10,5,19,275
C005491,54,Computer,1,29,E wallet,Male,5,5,Laptop & Accessory,5,Married,7,0,15,1,15,25,486
C005492,36,Computer,2,29,E wallet,Female,4,4,Mobile Phone,4,Single,1,0,29,7,14,4,255
C005493,39,Mobile Phone,3,31,Credit Card,Male,1,1,Grocery,3,Single,4,0,7,4,9,5,405
C005494,16,Mobile Phone,3,47,Cash on Delivery,Male,5,5,Grocery,4,Married,6,0,1,2,13,25,273
C005495,56,Mobile Phone,2,16,Cash on Delivery,Male,3,3,Laptop & Accessory,3,Married,6,0,4,5,4,30,407
C005496,22,Mobile Phone,3,24,Debit Card,Male,4,5,Mobile Phone,2,Married,3,0,5,2,3,3,446
C005497,21,Mobile Phone,2,20,UPI,Male,1,6,Mobile Phone,5,Married,5,0,23,4,10,13,348
C005498,54,Mobile Phone,1,29,Cash on Delivery,Male,3,1,Fashion,4,Married,2,0,0,2,13,0,125
C005499,21,Tablet,2,31,UPI,Male,2,5,Laptop & Accessory,3,Married,3,0,3,6,10,28,146
C005500,8,Mobile Phone,1,22,E wallet,Male,5,6,Fashion,1,Single,7,0,6,10,8,18,402
C005501,49,Computer,1,14,Cash on Delivery,Female,5,1,Others,3,Single,1,0,7,3,9,9,90
C005502,16,Mobile Phone,3,34,Cash on Delivery,Male,1,4,Mobile Phone,3,Single,4,1,28,7,6,22,474
C005503,59,Mobile Phone,2,5,Cash on Delivery,Female,3,5,Fashion,5,Single,1,0,28,7,3,8,347
C005504,55,Computer,1,8,Debit Card,Male,4,1,Mobile Phone,4,Single,7,1,4,10,15,7,305
C005505,31,Mobile Phone,3,27,E wallet,Female,4,6,Others,2,Single,4,0,5,0,9,23,406
C005506,42,Computer,1,11,Credit Card,Female,4,6,Fashion,4,Single,5,0,29,2,5,5,53
C005507,10,Mobile Phone,3,34,Debit Card,Female,4,1,Others,2,Married,6,0,23,0,10,4,350
C005508,32,Mobile Phone,3,30,Debit Card,Female,1,6,Mobile Phone,1,Single,4,0,14,5,9,26,355
C005509,59,Computer,3,5,Cash on Delivery,Male,1,2,Mobile Phone,5,Married,3,0,27,7,7,10,65
C005510,34,Mobile Phone,3,33,Debit Card,Female,5,4,Grocery,3,Divorced,3,0,11,6,3,29,105
C005511,9,Computer,1,29,Credit Card,Male,3,5,Mobile Phone,4,Married,3,0,7,0,5,14,480
C005512,17,Computer,2,44,Debit Card,Female,2,2,Grocery,4,Married,3,0,7,1,13,25,366
C005513,11,Mobile Phone,1,30,Debit Card,Male,1,5,Others,2,Married,2,0,15,9,3,2,223
C005514,32,Mobile Phone,1,21,Cash on Delivery,Female,4,3,Laptop & Accessory,4,Single,1,0,26,3,1,9,259
C005515,10,Mobile Phone,2,35,E wallet,Male,2,3,Others,3,Single,5,1,14,7,2,17,461
C005516,22,Mobile Phone,1,12,Credit Card,Male,5,1,Grocery,2,Divorced,5,1,18,2,11,12,182
C005517,57,Computer,3,9,Cash on Delivery,Female,4,2,Laptop & Accessory,3,Married,5,0,2,0,15,16,121
C005518,17,Mobile Phone,3,5,Debit Card,Male,3,1,Grocery,2,Single,1,0,7,6,9,15,297
C005519,4,Mobile Phone,1,19,Credit Card,Male,2,1,Mobile Phone,3,Single,7,0,22,4,8,20,215
C005520,48,Computer,2,40,UPI,Female,5,1,Grocery,2,Single,4,0,15,2,12,28,156
C005521,52,Mobile Phone,2,11,Debit Card,Male,1,3,Laptop & Accessory,5,Divorced,5,1,17,0,1,11,174
C005522,47,Computer,3,50,E wallet,Female,3,6,Grocery,4,Married,7,0,13,7,1,15,483
C005523,25,Mobile Phone,2,48,Debit Card,Female,4,1,Fashion,3,Single,5,0,27,10,12,27,412
C005524,59,Computer,1,31,E wallet,Male,2,6,Fashion,1,Married,6,1,25,2,3,13,130
C005525,21,Mobile Phone,2,39,UPI,Female,5,6,Others,5,Single,2,0,17,8,3,9,68
C005526,37,Mobile Phone,2,31,Cash on Delivery,Female,2,1,Others,5,Single,6,0,11,5,1,16,154
C005527,38,Mobile Phone,3,24,Cash on Delivery,Male,3,1,Laptop & Accessory,3,Single,5,1,11,7,12,18,497
C005528,49,Mobile Phone,1,22,Cash on Delivery,Male,1,1,Grocery,3,Married,5,0,23,1,10,8,154
C005529,1,Tablet,1,44,Credit Card,Male,1,2,Mobile Phone,1,Married,4,0,18,6,1,13,274
C005530,25,Mobile Phone,3,6,E wallet,Female,3,5,Laptop & Accessory,3,Married,5,0,16,6,14,26,391
C005531,51,Computer,3,34,Debit Card,Female,4,2,Laptop & Accessory,1,Married,5,0,13,6,10,5,459
C005532,36,Mobile Phone,3,42,Credit Card,Male,2,4,Laptop & Accessory,3,Married,1,0,17,6,13,23,320
C005533,17,Mobile Phone,2,34,Credit Card,Male,4,6,Others,1,Married,2,0,11,2,14,30,110
C005534,41,Mobile Phone,2,11,Debit Card,Male,5,2,Laptop & Accessory,2,Single,1,0,27,9,3,15,82
C005535,24,Mobile Phone,2,43,UPI,Male,4,6,Grocery,4,Single,7,0,7,0,1,17,112
C005536,2,Mobile Phone,1,17,Cash on Delivery,Male,3,6,Laptop & Accessory,4,Single,5,1,22,5,9,0,443
C005537,40,Mobile Phone,2,37,UPI,Male,1,6,Mobile Phone,3,Single,2,0,14,7,12,4,246
C005538,15,Computer,1,44,UPI,Male,3,4,Laptop & Accessory,3,Single,6,0,21,3,4,21,257
C005539,32,Mobile Phone,1,34,Cash on Delivery,Male,3,3,Others,4,Divorced,4,0,30,9,14,30,346
C005540,39,Mobile Phone,3,34,UPI,Male,2,5,Others,4,Single,1,0,2,4,5,27,296
C005541,59,Mobile Phone,1,27,Credit Card,Male,3,1,Mobile Phone,1,Single,4,0,30,2,12,10,176
C005542,6,Mobile Phone,3,49,Debit Card,Female,5,4,Laptop & Accessory,1,Single,5,0,26,1,2,7,162
C005543,1,Computer,1,28,Credit Card,Female,2,3,Laptop & Accessory,2,Single,5,1,22,5,7,25,442
C005544,47,Mobile Phone,1,24,Credit Card,Female,2,5,Laptop & Accessory,2,Single,2,0,7,5,4,1,335
C005545,23,Mobile Phone,2,32,E wallet,Male,4,4,Others,1,Single,6,0,9,2,4,12,343
C005546,58,Mobile Phone,3,23,Cash on Delivery,Male,3,3,Laptop & Accessory,2,Divorced,4,0,22,2,8,25,391
C005547,39,Mobile Phone,2,17,Cash on Delivery,Female,4,1,Others,5,Single,5,0,8,5,7,15,116
C005548,57,Mobile Phone,3,20,Credit Card,Female,4,3,Others,1,Single,4,0,8,2,9,8,131
C005549,17,Mobile Phone,1,19,Cash on Delivery,Female,2,3,Grocery,2,Married,4,1,30,5,4,13,263
C005550,34,Mobile Phone,3,15,E wallet,Male,4,1,Fashion,2,Single,2,0,12,2,9,19,490
C005551,59,Mobile Phone,1,16,Debit Card,Male,4,6,Others,3,Single,2,1,28,4,15,16,160
C005552,41,Computer,3,26,UPI,Female,2,6,Fashion,3,Single,5,0,26,10,10,16,465
C005553,29,Mobile Phone,2,29,Cash on Delivery,Male,2,4,Grocery,3,Married,5,0,13,3,13,4,277
C005554,9,Computer,3,7,Credit Card,Female,1,3,Fashion,4,Married,4,0,21,4,5,28,297
C005555,13,Mobile Phone,2,28,Cash on Delivery,Female,3,1,Fashion,4,Single,6,0,1,6,9,18,118
C005556,6,Computer,1,29,Credit Card,Female,1,4,Mobile Phone,4,Divorced,1,1,30,0,5,22,97
C005557,6,Mobile Phone,3,13,UPI,Male,2,1,Mobile Phone,1,Married,5,0,12,10,8,25,114
C005558,20,Mobile Phone,1,32,Cash on Delivery,Female,5,2,Fashion,3,Married,4,1,25,9,6,26,105
C005559,52,Mobile Phone,1,50,UPI,Male,4,4,Others,3,Married,6,0,0,4,8,28,225
C005560,53,Mobile Phone,3,34,Credit Card,Female,4,2,Laptop & Accessory,1,Married,7,0,10,0,15,10,333
C005561,3,Mobile Phone,1,11,E wallet,Female,2,6,Laptop & Accessory,4,Married,7,0,23,9,6,11,166
C005562,17,Mobile Phone,1,15,E wallet,Male,4,3,Grocery,2,Single,4,0,25,9,12,24,183
C005563,49,Mobile Phone,2,14,Debit Card,Male,1,3,Others,5,Single,3,0,29,5,15,28,480
C005564,12,Mobile Phone,3,7,Credit Card,Female,4,3,Fashion,3,Single,6,0,15,9,11,17,498
C005565,48,Mobile Phone,1,23,Credit Card,Male,5,4,Mobile Phone,4,Single,7,0,16,6,3,28,487
C005566,47,Computer,2,6,Credit Card,Female,3,5,Laptop & Accessory,2,Divorced,3,0,24,10,11,6,448
C005567,45,Mobile Phone,2,21,E wallet,Female,1,4,Fashion,3,Divorced,6,0,23,10,14,20,98
C005568,55,Mobile Phone,3,33,E wallet,Male,3,4,Laptop & Accessory,3,Single,1,1,23,9,6,7,110
C005569,1,Mobile Phone,3,6,E wallet,Female,3,5,Mobile Phone,5,Single,2,0,9,10,3,8,58
C005570,17,Mobile Phone,3,20,Cash on Delivery,Female,5,4,Mobile Phone,4,Married,1,0,25,10,12,9,109
C005571,3,Mobile Phone,2,14,Cash on Delivery,Female,5,6,Others,1,Single,1,0,4,5,10,26,417
C005572,26,Computer,2,8,E wallet,Female,5,2,Fashion,2,Married,5,1,28,7,2,29,286
C005573,15,Mobile Phone,1,47,UPI,Female,5,5,Fashion,2,Married,4,0,6,6,8,21,130
C005574,36,Mobile Phone,2,30,Cash on Delivery,Female,1,5,Grocery,4,Married,7,1,11,8,7,25,215
C005575,32,Mobile Phone,3,28,Cash on Delivery,Female,5,2,Grocery,2,Married,6,0,15,1,5,2,86
C005576,32,Mobile Phone,2,16,Cash on Delivery,Male,1,5,Mobile Phone,1,Single,1,0,15,2,7,18,120
C005577,4,Computer,1,25,Cash on Delivery,Male,4,5,Others,2,Single,6,0,21,8,12,4,77
C005578,18,Computer,2,46,Debit Card,Female,3,2,Fashion,4,Single,2,0,8,3,6,28,272
C005579,49,Mobile Phone,2,20,Cash on Delivery,Female,4,1,Others,1,Married,4,0,15,1,13,14,405
C005580,19,Mobile Phone,2,40,UPI,Male,4,1,Mobile Phone,5,Single,6,1,11,4,5,21,436
C005581,43,Mobile Phone,2,39,Debit Card,Female,2,6,Mobile Phone,4,Divorced,5,0,4,8,10,14,339
C005582,52,Mobile Phone,2,13,Cash on Delivery,Male,4,1,Grocery,5,Single,3,0,8,9,6,12,374
C005583,35,Mobile Phone,1,10,Credit Card,Male,4,2,Grocery,2,Married,1,0,1,10,15,7,121
C005584,40,Computer,3,48,Debit Card,Male,2,3,Fashion,1,Single,6,0,0,1,11,8,230
C005585,14,Mobile Phone,2,5,Cash on Delivery,Female,4,4,Others,2,Divorced,4,0,17,4,1,21,386
C005586,58,Mobile Phone,1,18,UPI,Female,2,5,Mobile Phone,4,Single,7,0,18,3,4,14,320
C005587,33,Mobile Phone,1,28,E wallet,Male,1,2,Grocery,5,Married,3,0,17,10,11,20,376
C005588,14,Computer,3,14,Cash on Delivery,Male,3,4,Others,5,Divorced,7,0,16,3,5,2,246
C005589,34,Mobile Phone,3,22,Credit Card,Female,5,2,Mobile Phone,2,Single,6,0,6,3,9,13,400
C005590,55,Computer,2,49,UPI,Female,4,5,Others,4,Married,5,0,20,10,11,12,161
C005591,4,Mobile Phone,1,13,Debit Card,Male,1,3,Laptop & Accessory,2,Married,2,0,15,5,2,1,86
C005592,24,Mobile Phone,1,31,UPI,Male,3,2,Laptop & Accessory,3,Single,6,0,1,8,8,11,264
C005593,59,Computer,1,23,Cash on Delivery,Male,1,4,Grocery,4,Married,5,1,14,7,12,17,213
C005594,29,Computer,2,40,Credit Card,Female,2,6,Laptop & Accessory,4,Married,2,1,19,6,6,15,239
C005595,19,Mobile Phone,2,7,UPI,Female,1,4,Mobile Phone,1,Single,2,0,18,7,2,8,400
C005596,6,Mobile Phone,2,42,UPI,Male,4,5,Grocery,3,Married,2,1,5,0,13,6,325
C005597,57,Computer,2,13,E wallet,Female,4,6,Others,5,Married,5,1,2,2,7,0,197
C005598,33,Mobile Phone,1,14,E wallet,Female,5,1,Fashion,2,Married,1,0,9,8,13,4,159
C005599,49,Mobile Phone,1,13,Cash on Delivery,Male,5,5,Laptop & Accessory,5,Divorced,3,0,11,1,3,16,440
C005600,40,Computer,1,21,Debit Card,Female,4,6,Laptop & Accessory,4,Married,4,1,27,5,14,10,79
C005601,19,Mobile Phone,1,46,Debit Card,Female,1,6,Grocery,2,Married,1,0,30,7,13,10,316
C005602,53,Mobile Phone,1,42,Credit Card,Male,4,5,Mobile Phone,5,Married,1,0,8,2,9,21,339
C005603,1,Mobile Phone,2,47,Cash on Delivery,Male,1,1,Laptop & Accessory,2,Married,4,0,22,1,6,1,406
C005604,5,Mobile Phone,3,24,Debit Card,Female,4,3,Others,5,Married,4,0,13,1,1,7,161
C005605,27,Mobile Phone,3,11,UPI,Female,3,2,Mobile Phone,2,Single,7,0,2,5,13,13,498
C005606,16,Mobile Phone,3,8,Cash on Delivery,Male,1,4,Laptop & Accessory,5,Single,3,0,25,7,3,13,151
C005607,6,Mobile Phone,2,14,UPI,Female,2,2,Laptop & Accessory,5,Married,6,0,3,10,1,10,284
C005608,40,Mobile Phone,2,25,Credit Card,Male,2,2,Others,2,Divorced,7,0,1,5,15,3,466
C005609,13,Mobile Phone,1,18,Cash on Delivery,Male,5,4,Laptop & Accessory,1,Single,1,0,0,8,15,15,97
C005610,48,Mobile Phone,3,29,Credit Card,Male,3,1,Mobile Phone,2,Married,3,1,17,5,12,6,453
C005611,35,Computer,1,21,E wallet,Female,2,4,Fashion,5,Single,1,0,1,5,14,0,153
C005612,19,Mobile Phone,1,32,Credit Card,Male,4,1,Fashion,3,Married,6,0,21,7,3,24,444
C005613,12,Tablet,1,18,E wallet,Female,2,1,Laptop & Accessory,4,Married,6,0,3,3,11,5,167
C005614,16,Mobile Phone,3,17,Cash on Delivery,Male,4,5,Grocery,1,Single,4,0,29,7,1,19,371
C005615,59,Computer,3,38,UPI,Male,3,3,Mobile Phone,2,Single,7,0,3,7,13,7,117
C005616,43,Mobile Phone,3,45,UPI,Female,5,6,Fashion,4,Single,2,0,19,1,10,22,275
C005617,10,Mobile Phone,2,7,UPI,Male,2,5,Grocery,1,Divorced,3,0,4,4,7,29,151
C005618,25,Computer,2,8,Credit Card,Male,5,3,Fashion,3,Married,3,0,8,2,12,6,423
C005619,20,Computer,3,48,Cash on Delivery,Female,3,1,Grocery,4,Single,2,0,30,10,2,17,327
C005620,31,Mobile Phone,2,19,Cash on Delivery,Female,1,6,Laptop & Accessory,2,Single,6,1,22,10,6,18,362
C005621,4,Computer,3,24,E wallet,Male,3,6,Grocery,3,Single,1,0,27,2,14,30,349
C005622,44,Mobile Phone,1,12,Cash on Delivery,Male,3,5,Laptop & Accessory,2,Married,7,0,20,5,11,2,422
C005623,23,Computer,1,9,UPI,Female,3,2,Grocery,4,Married,2,0,0,2,9,24,465
C005624,2,Mobile Phone,3,6,Cash on Delivery,Male,1,4,Grocery,2,Divorced,6,1,6,7,5,9,71
C005625,56,Mobile Phone,1,32,E wallet,Male,1,4,Grocery,3,Married,2,0,13,4,3,30,310
C005626,22,Mobile Phone,3,26,Cash on Delivery,Male,3,4,Mobile Phone,3,Married,5,0,24,1,4,14,118
C005627,51,Mobile Phone,2,13,Cash on Delivery,Female,1,3,Fashion,4,Married,1,1,26,4,3,28,461
C005628,57,Computer,3,32,UPI,Female,4,4,Grocery,4,Married,2,0,6,6,4,12,63
C005629,37,Mobile Phone,1,50,Cash on Delivery,Female,3,3,Laptop & Accessory,5,Single,6,0,11,8,5,30,363
C005630,8,Mobile Phone,2,5,Credit Card,Female,2,3,Grocery,3,Married,6,0,18,0,14,10,96
C005631,7,Mobile Phone,2,40,E wallet,Male,4,6,Mobile Phone,5,Single,2,0,4,10,8,8,310
C005632,14,Mobile Phone,2,46,E wallet,Female,3,3,Mobile Phone,2,Single,7,0,7,5,4,18,390
C005633,56,Mobile Phone,2,6,E wallet,Female,2,2,Mobile Phone,4,Divorced,5,1,22,2,14,26,480
C005634,55,Mobile Phone,3,42,Cash on Delivery,Female,2,6,Grocery,1,Married,5,0,12,2,8,1,436
C005635,3,Computer,2,30,Credit Card,Female,5,1,Grocery,2,Married,5,0,4,8,4,3,492
C005636,50,Mobile Phone,1,35,E wallet,Male,5,2,Grocery,5,Married,4,0,14,10,1,18,274
C005637,16,Mobile Phone,3,45,Debit Card,Female,2,1,Fashion,3,Married,3,0,29,8,13,17,324
C005638,55,Computer,1,23,UPI,Female,3,2,Grocery,4,Single,5,1,25,4,3,0,281
C005639,19,Mobile Phone,1,35,Debit Card,Male,3,3,Others,4,Married,1,0,8,7,8,28,312
C005640,51,Computer,1,13,Debit Card,Male,3,1,Mobile Phone,2,Single,4,0,9,6,3,18,445
C005641,18,Computer,3,7,E wallet,Female,3,6,Grocery,2,Single,3,0,13,0,5,15,188
C005642,52,Mobile Phone,1,42,Debit Card,Female,2,4,Fashion,4,Divorced,4,0,3,3,8,11,128
C005643,16,Mobile Phone,1,10,Debit Card,Female,1,2,Laptop & Accessory,5,Married,5,0,6,3,2,7,150
C005644,8,Mobile Phone,3,49,Credit Card,Male,1,1,Mobile Phone,3,Divorced,2,1,5,4,13,5,455
C005645,60,Mobile Phone,3,49,UPI,Female,3,4,Grocery,4,Married,2,0,2,9,13,10,208
C005646,33,Computer,1,11,Cash on Delivery,Male,5,5,Grocery,4,Single,6,0,1,2,12,18,52
C005647,49,Mobile Phone,3,45,E wallet,Male,2,3,Laptop & Accessory,2,Married,4,0,20,5,4,25,374
C005648,12,Mobile Phone,3,29,E wallet,Male,1,2,Fashion,3,Married,3,0,29,5,6,5,210
C005649,53,Mobile Phone,1,29,Debit Card,Male,2,2,Others,4,Single,3,0,26,1,8,24,453
C005650,11,Mobile Phone,3,5,Cash on Delivery,Female,5,6,Laptop & Accessory,2,Married,1,0,22,10,4,16,80
C005651,5,Mobile Phone,2,26,Cash on Delivery,Male,2,6,Fashion,1,Single,5,0,13,9,3,11,385
C005652,27,Computer,2,24,Cash on Delivery,Female,5,5,Fashion,4,Single,2,0,12,6,1,19,122
C005653,12,Mobile Phone,2,17,E wallet,Male,5,1,Grocery,1,Single,3,1,24,3,7,30,484
C005654,17,Mobile Phone,2,44,E wallet,Female,4,2,Grocery,3,Married,1,1,28,3,10,7,118
C005655,6,Mobile Phone,1,25,Credit Card,Female,5,2,Mobile Phone,3,Single,4,0,15,10,12,27,131
C005656,33,Computer,3,27,E wallet,Female,4,2,Grocery,4,Single,6,1,12,0,15,5,426
C005657,5,Mobile Phone,1,45,E wallet,Male,5,2,Grocery,5,Married,1,1,16,5,7,27,269
C005658,57,Computer,2,37,Credit Card,Male,5,5,Fashion,2,Married,2,0,11,4,8,28,132
C005659,28,Mobile Phone,1,13,E wallet,Female,2,3,Grocery,2,Single,6,1,27,2,2,15,446
C005660,14,Computer,3,33,Debit Card,Male,4,2,Grocery,5,Divorced,5,0,17,3,2,19,131
C005661,5,Mobile Phone,1,36,Debit Card,Female,1,5,Grocery,1,Married,6,1,16,4,9,30,446
C005662,54,Mobile Phone,2,15,Credit Card,Male,1,4,Others,3,Married,1,0,3,6,9,22,188
C005663,56,Mobile Phone,2,40,Credit Card,Male,2,2,Others,4,Single,4,1,13,5,11,30,182
C005664,59,Mobile Phone,3,33,Debit Card,Male,1,1,Mobile Phone,2,Divorced,1,0,24,6,6,1,277
C005665,33,Mobile Phone,2,35,Cash on Delivery,Female,1,5,Laptop & Accessory,2,Divorced,4,1,15,8,5,0,196
C005666,50,Mobile Phone,3,18,E wallet,Female,5,1,Fashion,4,Married,1,0,10,5,14,8,390
C005667,48,Mobile Phone,1,29,UPI,Male,3,3,Mobile Phone,4,Divorced,2,0,30,3,1,25,239
C005668,41,Mobile Phone,1,30,UPI,Female,3,4,Fashion,2,Married,3,0,30,3,14,16,283
C005669,19,Computer,2,26,Credit Card,Male,1,1,Laptop & Accessory,2,Single,7,0,23,4,4,16,434
C005670,22,Mobile Phone,3,13,UPI,Female,2,2,Laptop & Accessory,2,Married,5,1,3,0,5,12,124
C005671,5,Computer,1,37,Cash on Delivery,Female,2,5,Mobile Phone,4,Married,4,0,28,6,10,29,212
C005672,59,Mobile Phone,1,27,UPI,Female,4,4,Others,1,Single,2,0,9,3,15,4,182
C005673,2,Mobile Phone,1,39,Debit Card,Male,2,5,Others,2,Single,4,0,14,0,3,15,266
C005674,30,Mobile Phone,2,24,Credit Card,Female,2,6,Others,1,Married,3,0,5,8,5,29,496
C005675,47,Mobile Phone,1,37,UPI,Male,5,4,Grocery,2,Married,4,0,11,7,15,13,135
C005676,39,Tablet,3,39,E wallet,Male,5,6,Grocery,4,Married,3,0,5,8,7,19,439
C005677,4,Mobile Phone,1,50,Credit Card,Male,1,1,Mobile Phone,5,Married,3,0,27,7,8,27,50
C005678,33,Computer,1,34,Cash on Delivery,Female,2,3,Grocery,1,Single,4,1,2,9,9,15,479
C005679,13,Computer,1,50,Debit Card,Female,3,6,Fashion,5,Married,2,0,0,3,15,18,318
C005680,20,Mobile Phone,2,34,UPI,Male,2,5,Mobile Phone,2,Married,1,1,30,6,2,20,488
C005681,54,Computer,2,26,Debit Card,Female,2,2,Mobile Phone,2,Married,6,0,7,0,15,25,196
C005682,7,Mobile Phone,1,49,Cash on Delivery,Male,1,5,Laptop & Accessory,4,Married,6,0,30,4,8,17,135
C005683,15,Tablet,3,5,UPI,Male,3,6,Laptop & Accessory,5,Divorced,2,0,15,9,8,26,334
C005684,23,Computer,1,19,Credit Card,Male,1,3,Mobile Phone,5,Married,6,0,21,9,13,4,143
C005685,14,Mobile Phone,2,29,Credit Card,Female,2,6,Others,2,Married,2,0,4,8,8,12,308
C005686,23,Computer,2,24,E wallet,Female,3,1,Laptop & Accessory,3,Married,2,0,6,7,9,25,56
C005687,19,Mobile Phone,1,11,Cash on Delivery,Female,2,2,Grocery,3,Divorced,7,0,5,8,2,28,398
C005688,54,Mobile Phone,3,20,UPI,Male,1,2,Mobile Phone,5,Single,4,0,23,1,1,19,439
C005689,29,Mobile Phone,3,27,Debit Card,Female,1,1,Fashion,5,Married,6,0,20,5,10,4,219
C005690,56,Mobile Phone,1,25,Debit Card,Male,5,5,Mobile Phone,1,Divorced,1,0,10,1,12,12,111
C005691,20,Mobile Phone,2,5,UPI,Male,3,2,Fashion,2,Divorced,1,0,24,5,7,29,315
C005692,29,Computer,1,24,Cash on Delivery,Female,5,5,Laptop & Accessory,3,Single,3,1,9,3,12,25,208
C005693,24,Mobile Phone,2,23,Cash on Delivery,Female,3,5,Others,4,Single,1,0,8,4,11,7,441
C005694,18,Mobile Phone,1,10,Debit Card,Male,4,1,Fashion,1,Single,2,0,20,4,2,4,119
C005695,10,Mobile Phone,3,42,UPI,Male,3,3,Others,3,Married,4,0,22,6,7,15,440
C005696,41,Mobile Phone,1,36,UPI,Female,2,3,Fashion,2,Married,1,0,1,4,11,8,119
C005697,57,Computer,1,5,Debit Card,Female,3,5,Others,2,Married,7,0,4,9,9,12,196
C005698,8,Computer,1,34,UPI,Male,5,1,Fashion,2,Married,3,0,5,0,8,23,76
C005699,26,Computer,1,20,UPI,Female,1,3,Mobile Phone,3,Married,1,0,19,5,15,25,243
C005700,29,Mobile Phone,2,31,Credit Card,Female,1,6,Mobile Phone,2,Married,4,0,12,8,11,14,420
C005701,10,Mobile Phone,1,22,Credit Card,Male,3,5,Laptop & Accessory,4,Single,2,0,13,10,7,8,226
C005702,17,Computer,3,17,E wallet,Female,4,2,Mobile Phone,2,Married,1,1,2,6,8,27,479
C005703,2,Computer,1,48,E wallet,Male,1,2,Grocery,1,Single,4,0,11,4,5,22,216
C005704,6,Mobile Phone,2,32,Cash on Delivery,Female,1,6,Laptop & Accessory,4,Married,3,0,8,6,1,24,469
C005705,58,Mobile Phone,2,14,Credit Card,Male,1,4,Mobile Phone,1,Single,2,0,11,3,11,12,433
C005706,5,Computer,3,18,Credit Card,Male,4,4,Mobile Phone,1,Single,7,1,21,10,8,20,357
C005707,28,Computer,3,33,Credit Card,Female,5,4,Grocery,5,Single,6,0,8,6,5,18,107
C005708,41,Mobile Phone,3,15,Credit Card,Female,3,3,Others,5,Married,3,0,24,6,1,3,402
C005709,5,Computer,3,31,Cash on Delivery,Female,4,6,Mobile Phone,2,Divorced,5,0,18,6,10,1,176
C005710,18,Mobile Phone,1,48,Debit Card,Female,3,2,Fashion,4,Single,6,0,14,8,11,1,253
C005711,26,Mobile Phone,3,21,Cash on Delivery,Male,2,2,Others,3,Divorced,3,0,9,0,9,17,462
C005712,20,Mobile Phone,3,7,Debit Card,Female,3,3,Fashion,5,Single,3,1,12,3,11,26,58
C005713,41,Mobile Phone,1,35,E wallet,Female,1,2,Others,4,Divorced,7,0,27,0,2,17,90
C005714,49,Mobile Phone,2,25,Credit Card,Male,4,2,Fashion,5,Divorced,1,0,26,8,2,0,392
C005715,27,Mobile Phone,1,37,Debit Card,Male,4,5,Mobile Phone,4,Single,1,1,10,6,1,19,75
C005716,49,Mobile Phone,2,5,Cash on Delivery,Male,5,2,Fashion,2,Married,3,0,3,5,4,20,240
C005717,12,Computer,2,10,Debit Card,Female,2,5,Mobile Phone,1,Married,4,0,5,0,14,22,205
C005718,7,Tablet,2,8,UPI,Male,5,4,Grocery,5,Married,7,0,25,0,6,5,102
C005719,59,Mobile Phone,2,26,E wallet,Female,5,1,Fashion,1,Married,5,0,12,5,14,17,121
C005720,3,Mobile Phone,3,17,E wallet,Male,2,5,Laptop & Accessory,1,Single,1,1,18,2,6,6,124
C005721,10,Computer,2,48,Credit Card,Female,1,6,Laptop & Accessory,3,Married,2,0,0,0,2,27,252
C005722,34,Mobile Phone,3,34,Credit Card,Male,4,2,Fashion,3,Single,4,0,9,2,9,20,423
C005723,25,Computer,1,44,Cash on Delivery,Male,3,4,Mobile Phone,2,Married,7,0,28,3,4,14,208
C005724,35,Computer,2,30,Debit Card,Female,2,1,Others,4,Married,1,0,27,2,6,28,170
C005725,16,Mobile Phone,2,43,UPI,Female,5,1,Grocery,2,Married,7,0,2,5,10,0,254
C005726,2,Computer,1,43,E wallet,Female,3,4,Fashion,4,Married,2,0,12,5,13,16,348
C005727,60,Computer,1,11,Debit Card,Male,2,4,Grocery,3,Married,2,1,18,4,12,4,193
C005728,24,Mobile Phone,2,18,UPI,Female,2,1,Mobile Phone,2,Married,3,0,12,4,5,1,252
C005729,10,Mobile Phone,2,30,Debit Card,Male,1,1,Laptop & Accessory,4,Single,5,0,0,4,3,7,353
C005730,38,Mobile Phone,2,22,Credit Card,Female,1,2,Mobile Phone,3,Single,6,0,4,0,3,13,466
C005731,22,Mobile Phone,1,28,E wallet,Female,4,6,Mobile Phone,4,Single,7,0,13,4,8,2,292
C005732,26,Mobile Phone,1,29,UPI,Male,4,5,Fashion,2,Married,1,0,8,6,5,18,294
C005733,43,Mobile Phone,2,36,Credit Card,Male,3,5,Grocery,5,Divorced,3,0,3,2,12,25,451
C005734,55,Mobile Phone,1,10,Cash on Delivery,Female,4,1,Others,5,Single,3,0,1,2,7,28,208
C005735,39,Computer,1,20,Cash on Delivery,Male,2,1,Grocery,2,Married,5,0,20,8,1,9,293
C005736,27,Mobile Phone,1,7,Credit Card,Female,2,6,Others,1,Married,7,0,13,8,12,23,208
C005737,29,Mobile Phone,1,25,UPI,Female,2,6,Laptop & Accessory,5,Married,4,0,2,9,12,10,444
C005738,47,Mobile Phone,1,36,UPI,Female,2,3,Grocery,5,Married,3,0,3,10,6,28,151
C005739,38,Mobile Phone,1,6,E wallet,Female,1,1,Others,5,Single,4,0,12,9,13,29,248
C005740,20,Mobile Phone,1,24,Credit Card,Female,2,5,Grocery,1,Divorced,5,0,6,8,13,29,335
C005741,27,Mobile Phone,2,15,Cash on Delivery,Female,2,2,Mobile Phone,3,Single,3,0,14,6,7,16,387
C005742,41,Mobile Phone,1,22,Credit Card,Female,2,3,Laptop & Accessory,3,Single,1,0,19,2,12,0,151
C005743,54,Computer,2,15,Debit Card,Female,5,5,Grocery,1,Single,4,0,27,5,15,10,304
C005744,20,Tablet,3,39,UPI,Female,3,2,Mobile Phone,1,Divorced,5,1,3,6,10,22,68
C005745,44,Mobile Phone,3,40,Debit Card,Female,3,6,Mobile Phone,2,Single,6,0,15,6,12,14,386
C005746,19,Mobile Phone,1,42,Cash on Delivery,Female,2,6,Laptop & Accessory,2,Single,2,1,11,0,7,16,75
C005747,20,Mobile Phone,3,16,UPI,Male,2,3,Grocery,2,Married,3,0,26,6,13,22,69
C005748,35,Computer,1,35,Cash on Delivery,Male,3,3,Fashion,3,Married,3,0,16,8,6,9,180
C005749,47,Mobile Phone,1,40,Cash on Delivery,Female,4,3,Fashion,4,Married,3,0,16,10,8,11,284
C005750,2,Computer,3,34,Cash on Delivery,Female,5,3,Fashion,5,Married,1,0,5,8,4,30,327
C005751,30,Mobile Phone,3,48,E wallet,Female,5,3,Mobile Phone,2,Single,1,0,18,0,6,29,339
C005752,53,Mobile Phone,2,8,Cash on Delivery,Female,4,3,Grocery,5,Single,2,0,11,2,13,3,403
C005753,34,Mobile Phone,2,6,Cash on Delivery,Male,2,4,Others,1,Single,6,0,15,5,6,29,103
C005754,22,Tablet,2,48,Debit Card,Male,3,6,Grocery,3,Single,3,0,2,0,2,7,105
C005755,3,Computer,1,17,Debit Card,Male,5,2,Laptop & Accessory,2,Single,5,0,11,4,5,0,496
C005756,6,Mobile Phone,1,30,Debit Card,Female,4,5,Others,4,Divorced,1,1,21,6,13,25,53
C005757,15,Mobile Phone,2,33,UPI,Male,4,1,Laptop & Accessory,3,Single,1,0,19,6,6,24,436
C005758,27,Mobile Phone,3,40,E wallet,Male,1,5,Grocery,1,Single,6,0,1,2,5,24,267
C005759,10,Mobile Phone,1,32,UPI,Male,4,4,Laptop & Accessory,5,Divorced,2,0,0,4,15,21,179
C005760,9,Computer,3,12,E wallet,Male,1,4,Mobile Phone,3,Married,5,0,18,4,7,12,293
C005761,33,Computer,1,9,E wallet,Male,1,3,Fashion,5,Married,4,0,4,7,8,1,481
C005762,32,Computer,2,36,Credit Card,Female,5,4,Grocery,2,Divorced,1,0,5,0,7,21,452
C005763,48,Tablet,2,34,Credit Card,Male,2,5,Others,1,Married,5,0,14,3,2,10,486
C005764,6,Mobile Phone,2,18,Credit Card,Male,2,4,Others,4,Married,7,1,29,8,8,15,55
C005765,41,Computer,1,47,E wallet,Male,4,5,Laptop & Accessory,3,Married,4,0,19,10,13,9,465
C005766,59,Computer,2,14,E wallet,Female,3,3,Fashion,5,Married,1,1,20,6,6,25,215
C005767,36,Mobile Phone,2,14,UPI,Male,3,3,Grocery,1,Married,1,0,15,3,13,7,182
C005768,59,Computer,1,10,E wallet,Male,1,4,Mobile Phone,1,Married,6,0,1,2,5,24,387
C005769,60,Mobile Phone,1,20,Cash on Delivery,Female,4,6,Laptop & Accessory,2,Single,5,0,21,7,14,4,292
C005770,2,Computer,2,30,Cash on Delivery,Female,4,1,Grocery,3,Single,6,0,8,1,11,12,407
C005771,29,Mobile Phone,2,25,E wallet,Male,2,3,Grocery,2,Single,6,0,7,10,10,8,485
C005772,4,Mobile Phone,1,40,Cash on Delivery,Male,3,2,Fashion,2,Single,6,1,3,1,6,20,340
C005773,1,Mobile Phone,2,45,E wallet,Male,5,2,Others,2,Married,1,0,4,3,8,17,157
C005774,19,Mobile Phone,3,46,Credit Card,Female,4,3,Fashion,1,Married,4,1,25,7,14,26,152
C005775,26,Mobile Phone,1,34,E wallet,Female,4,6,Laptop & Accessory,5,Married,7,0,8,10,15,18,487
C005776,25,Mobile Phone,2,9,Credit Card,Male,2,6,Laptop & Accessory,5,Married,7,0,20,7,6,2,101
C005777,10,Mobile Phone,1,14,Debit Card,Male,5,4,Fashion,4,Married,1,0,10,9,7,28,133
C005778,53,Mobile Phone,1,35,Cash on Delivery,Male,5,3,Grocery,4,Single,6,0,22,2,11,3,193
C005779,15,Computer,1,15,Debit Card,Male,5,4,Others,5,Single,6,1,22,6,6,14,63
C005780,59,Computer,2,42,Cash on Delivery,Male,5,5,Laptop & Accessory,2,Single,3,0,23,1,15,5,152
C005781,22,Mobile Phone,3,11,Debit Card,Male,3,1,Fashion,1,Divorced,4,0,27,10,7,8,427
C005782,51,Computer,1,16,E wallet,Male,1,1,Laptop & Accessory,2,Married,5,0,6,9,15,21,393
C005783,48,Mobile Phone,2,49,Debit Card,Male,5,5,Others,2,Married,6,0,1,2,9,22,313
C005784,21,Computer,2,45,Cash on Delivery,Female,1,5,Mobile Phone,2,Single,5,0,28,2,11,19,92
C005785,59,Mobile Phone,1,12,UPI,Male,1,5,Mobile Phone,3,Married,1,1,23,5,10,21,173
C005786,56,Mobile Phone,2,32,Cash on Delivery,Male,2,1,Grocery,3,Married,4,0,22,7,9,13,283
C005787,22,Mobile Phone,3,20,UPI,Female,5,3,Grocery,2,Married,7,0,26,10,15,0,164
C005788,36,Mobile Phone,3,7,E wallet,Female,3,2,Mobile Phone,4,Married,6,0,22,5,10,3,340
C005789,34,Computer,3,41,Cash on Delivery,Female,2,6,Others,4,Married,5,0,20,10,7,23,371
C005790,30,Computer,1,36,Debit Card,Male,2,6,Fashion,5,Divorced,3,0,1,5,2,8,114
C005791,25,Mobile Phone,3,25,E wallet,Male,1,4,Fashion,1,Divorced,6,1,11,9,12,18,419
C005792,45,Mobile Phone,1,49,Cash on Delivery,Male,4,2,Others,3,Single,2,0,16,3,7,18,384
C005793,28,Computer,2,22,E wallet,Female,3,4,Fashion,2,Married,3,0,5,3,7,7,163
C005794,1,Computer,3,50,UPI,Male,5,1,Grocery,3,Single,7,0,0,3,14,1,462
C005795,49,Mobile Phone,1,15,E wallet,Male,5,3,Fashion,5,Divorced,6,0,22,8,13,29,441
C005796,45,Mobile Phone,2,12,Debit Card,Male,3,2,Fashion,4,Divorced,3,0,8,4,10,29,157
C005797,4,Mobile Phone,2,16,Cash on Delivery,Male,5,5,Grocery,4,Married,4,0,9,8,13,11,360
C005798,7,Mobile Phone,2,6,UPI,Female,4,5,Laptop & Accessory,1,Divorced,1,0,21,7,15,0,467
C005799,49,Mobile Phone,1,45,E wallet,Male,4,5,Mobile Phone,1,Married,7,0,5,4,3,26,361
C005800,9,Mobile Phone,3,26,Credit Card,Male,5,6,Fashion,5,Married,5,0,0,5,15,8,125
C005801,36,Computer,2,13,UPI,Male,2,2,Mobile Phone,1,Married,1,0,27,9,3,5,75
C005802,19,Mobile Phone,1,18,UPI,Male,5,3,Mobile Phone,5,Single,4,1,15,3,4,18,353
C005803,1,Tablet,1,19,Debit Card,Female,5,3,Others,3,Divorced,7,1,9,1,12,23,367
C005804,10,Computer,3,15,Debit Card,Male,3,5,Others,2,Single,4,0,28,5,13,0,195
C005805,36,Computer,1,17,E wallet,Female,4,2,Others,4,Married,5,0,13,9,5,30,313
C005806,9,Mobile Phone,1,32,Credit Card,Male,2,5,Laptop & Accessory,2,Single,3,0,13,0,3,3,356
C005807,45,Computer,2,29,UPI,Male,3,4,Laptop & Accessory,3,Married,4,0,23,0,3,8,298
C005808,46,Mobile Phone,2,41,E wallet,Female,3,4,Mobile Phone,1,Single,5,0,13,4,12,2,156
C005809,42,Mobile Phone,2,10,Credit Card,Female,2,2,Mobile Phone,4,Single,6,0,12,1,10,16,409
C005810,32,Mobile Phone,1,41,E wallet,Male,2,4,Mobile Phone,1,Divorced,7,0,1,1,2,22,424
C005811,32,Mobile Phone,3,37,UPI,Female,3,1,Mobile Phone,2,Married,3,0,19,5,8,10,433
C005812,6,Computer,3,29,E wallet,Male,5,1,Grocery,1,Married,6,0,22,8,9,22,58
C005813,48,Computer,1,27,Debit Card,Male,2,1,Mobile Phone,5,Married,2,0,1,3,4,22,344
C005814,38,Mobile Phone,2,12,Debit Card,Female,1,4,Others,2,Single,2,0,17,5,13,7,475
C005815,17,Mobile Phone,3,21,Cash on Delivery,Male,2,3,Mobile Phone,1,Married,6,0,4,0,12,13,145
C005816,10,Mobile Phone,2,35,Credit Card,Male,3,1,Others,2,Married,4,0,25,5,2,5,123
C005817,50,Mobile Phone,2,30,UPI,Female,1,5,Others,1,Divorced,7,0,3,9,10,25,469
C005818,27,Computer,1,15,Credit Card,Female,3,3,Mobile Phone,1,Married,5,0,24,0,14,12,109
C005819,54,Mobile Phone,2,34,Debit Card,Male,4,2,Mobile Phone,2,Single,6,0,6,1,7,12,164
C005820,50,Computer,2,15,UPI,Male,4,4,Fashion,3,Married,2,0,30,8,3,11,163
C005821,35,Mobile Phone,2,7,Cash on Delivery,Male,5,5,Others,2,Married,7,0,27,3,10,6,420
C005822,52,Mobile Phone,3,44,Debit Card,Female,2,2,Mobile Phone,4,Single,1,0,3,7,4,10,457
C005823,59,Mobile Phone,1,44,Debit Card,Male,3,4,Mobile Phone,4,Married,1,0,12,3,7,11,95
C005824,21,Mobile Phone,1,25,Credit Card,Male,1,6,Fashion,3,Single,7,0,29,0,3,13,313
C005825,25,Mobile Phone,1,39,E wallet,Female,2,4,Grocery,1,Single,7,0,24,3,8,11,394
C005826,28,Computer,2,32,Credit Card,Male,5,5,Others,2,Single,5,0,10,7,8,29,139
C005827,47,Computer,1,26,Debit Card,Female,3,6,Others,1,Divorced,1,0,1,3,14,6,125
C005828,15,Mobile Phone,2,46,Credit Card,Female,3,4,Fashion,1,Married,7,0,8,3,11,8,459
C005829,4,Mobile Phone,1,50,E wallet,Male,4,4,Grocery,4,Single,4,1,12,4,14,28,84
C005830,29,Mobile Phone,2,22,Cash on Delivery,Female,5,4,Laptop & Accessory,2,Married,2,1,23,3,3,22,415
C005831,59,Mobile Phone,1,27,UPI,Male,3,3,Fashion,5,Single,2,0,29,5,6,19,221
C005832,9,Mobile Phone,3,30,Debit Card,Male,4,1,Mobile Phone,4,Single,5,0,9,8,8,15,482
C005833,27,Mobile Phone,2,39,Credit Card,Female,4,6,Mobile Phone,1,Divorced,3,1,20,2,9,2,73
C005834,26,Computer,3,33,Debit Card,Female,1,5,Mobile Phone,1,Married,2,0,15,0,5,26,490
C005835,19,Computer,2,50,UPI,Female,5,3,Laptop & Accessory,5,Divorced,3,1,17,7,15,1,193
C005836,56,Computer,1,15,Credit Card,Male,5,5,Mobile Phone,1,Single,3,1,4,3,9,28,218
C005837,28,Mobile Phone,1,46,Cash on Delivery,Male,3,3,Laptop & Accessory,3,Married,5,0,28,8,6,3,93
C005838,17,Computer,3,50,UPI,Female,1,4,Fashion,5,Single,3,0,28,4,13,21,292
C005839,43,Mobile Phone,2,5,E wallet,Male,2,6,Laptop & Accessory,1,Single,7,0,17,0,8,1,439
C005840,57,Mobile Phone,1,20,E wallet,Female,3,4,Mobile Phone,4,Married,3,0,26,5,14,13,217
C005841,41,Tablet,2,29,Debit Card,Male,4,6,Others,4,Single,5,0,13,7,14,10,152
C005842,42,Mobile Phone,2,42,E wallet,Male,2,6,Mobile Phone,3,Married,5,0,8,7,13,14,387
C005843,50,Mobile Phone,1,22,Credit Card,Male,2,6,Laptop & Accessory,5,Single,5,0,1,9,14,20,405
C005844,20,Computer,1,20,E wallet,Male,3,3,Laptop & Accessory,5,Married,5,1,10,8,12,2,62
C005845,45,Computer,3,23,Cash on Delivery,Female,1,4,Grocery,1,Single,5,0,22,7,14,11,403
C005846,40,Computer,1,20,Credit Card,Male,5,6,Grocery,1,Single,7,0,24,10,5,24,229
C005847,39,Mobile Phone,1,9,Debit Card,Female,1,1,Grocery,2,Married,1,0,17,7,4,12,295
C005848,49,Mobile Phone,1,31,Debit Card,Male,3,5,Mobile Phone,3,Married,4,0,7,0,6,30,171
C005849,53,Tablet,1,48,E wallet,Male,5,6,Laptop & Accessory,5,Married,2,0,6,10,7,22,172
C005850,23,Mobile Phone,2,10,E wallet,Female,2,4,Grocery,1,Single,6,0,0,1,11,1,327
C005851,47,Mobile Phone,1,38,Debit Card,Male,4,6,Others,5,Single,5,0,26,4,4,17,302
C005852,32,Mobile Phone,1,20,Credit Card,Female,1,6,Fashion,3,Married,3,0,22,7,2,24,440
C005853,52,Mobile Phone,3,27,UPI,Male,5,2,Fashion,4,Single,2,1,28,0,15,9,159
C005854,47,Mobile Phone,1,47,Debit Card,Male,1,3,Grocery,3,Single,5,0,5,10,1,16,451
C005855,33,Mobile Phone,1,48,Cash on Delivery,Male,5,6,Grocery,5,Married,1,0,3,9,4,7,313
C005856,57,Mobile Phone,2,36,Credit Card,Female,4,3,Grocery,1,Single,3,0,16,6,13,21,305
C005857,46,Mobile Phone,2,47,UPI,Male,3,6,Fashion,5,Married,7,0,25,6,14,28,355
C005858,5,Mobile Phone,3,27,UPI,Female,3,4,Grocery,2,Divorced,1,0,11,9,14,3,81
C005859,43,Mobile Phone,1,24,Credit Card,Male,5,3,Others,3,Single,6,0,16,0,4,15,182
C005860,48,Computer,3,23,Debit Card,Female,5,2,Others,2,Married,4,0,8,6,7,21,319
C005861,34,Mobile Phone,3,33,UPI,Female,3,3,Others,5,Single,4,0,27,5,4,22,482
C005862,40,Mobile Phone,2,12,Cash on Delivery,Female,2,2,Others,5,Divorced,7,0,4,3,11,27,51
C005863,11,Computer,1,33,Credit Card,Female,2,3,Laptop & Accessory,2,Single,5,0,1,8,8,21,216
C005864,50,Mobile Phone,1,22,E wallet,Male,2,3,Grocery,1,Single,4,0,9,3,14,29,73
C005865,3,Mobile Phone,2,9,Debit Card,Female,4,2,Mobile Phone,1,Single,5,1,30,1,15,12,62
C005866,58,Mobile Phone,3,16,Credit Card,Female,5,5,Laptop & Accessory,3,Single,5,0,4,3,1,5,135
C005867,33,Computer,2,14,Cash on Delivery,Male,1,6,Mobile Phone,2,Married,4,0,18,3,11,17,444
C005868,11,Computer,1,41,UPI,Female,1,1,Mobile Phone,3,Married,4,0,8,8,1,8,282
C005869,16,Computer,1,21,Debit Card,Male,5,6,Laptop & Accessory,3,Married,1,1,10,6,1,28,324
C005870,18,Computer,2,36,Debit Card,Male,3,2,Grocery,4,Divorced,1,1,21,10,5,20,221
C005871,30,Mobile Phone,2,8,Credit Card,Male,5,1,Laptop & Accessory,3,Single,7,0,19,4,14,11,399
C005872,48,Mobile Phone,1,35,Credit Card,Male,2,6,Fashion,3,Married,6,0,25,6,3,12,309
C005873,55,Mobile Phone,1,30,Cash on Delivery,Female,2,6,Others,4,Single,7,0,19,3,4,23,164
C005874,10,Mobile Phone,2,16,E wallet,Male,1,3,Laptop & Accessory,3,Married,1,0,16,5,10,26,230
C005875,18,Computer,2,22,Credit Card,Female,5,5,Laptop & Accessory,3,Divorced,3,0,25,0,2,12,77
C005876,38,Mobile Phone,2,12,Credit Card,Male,1,2,Fashion,3,Divorced,3,0,14,3,14,8,347
C005877,19,Mobile Phone,3,36,Credit Card,Female,3,5,Others,2,Married,7,0,3,5,5,30,98
C005878,36,Computer,2,24,Cash on Delivery,Male,4,2,Mobile Phone,4,Divorced,2,0,1,3,5,4,373
C005879,59,Mobile Phone,1,44,UPI,Female,4,6,Fashion,1,Married,5,1,17,5,5,8,321
C005880,13,Mobile Phone,2,17,E wallet,Male,3,4,Grocery,3,Divorced,5,1,30,9,5,22,75
C005881,56,Mobile Phone,3,27,Cash on Delivery,Female,2,2,Laptop & Accessory,2,Married,7,0,17,4,11,29,141
C005882,46,Mobile Phone,3,7,Credit Card,Female,2,1,Laptop & Accessory,2,Single,3,0,10,3,1,22,170
C005883,3,Mobile Phone,3,39,UPI,Female,2,4,Fashion,2,Married,3,0,13,3,12,19,464
C005884,10,Mobile Phone,1,43,Credit Card,Male,1,3,Laptop & Accessory,4,Single,7,1,27,3,4,15,168
C005885,38,Mobile Phone,3,25,Cash on Delivery,Female,1,6,Others,4,Single,7,0,12,8,11,14,232
C005886,1,Computer,3,11,Debit Card,Female,4,2,Others,5,Married,5,0,1,10,6,18,440
C005887,55,Computer,2,30,Credit Card,Female,2,6,Fashion,3,Single,2,1,16,8,12,22,193
C005888,56,Mobile Phone,1,27,UPI,Male,2,1,Fashion,1,Single,7,0,29,10,8,2,415
C005889,27,Mobile Phone,3,36,E wallet,Male,3,3,Fashion,1,Single,4,0,18,9,10,11,225
C005890,46,Computer,2,6,Debit Card,Female,4,1,Grocery,5,Single,2,1,26,0,8,7,363
C005891,8,Computer,1,43,Credit Card,Female,1,3,Laptop & Accessory,1,Divorced,3,0,15,10,12,7,293
C005892,51,Mobile Phone,1,6,Credit Card,Female,4,6,Mobile Phone,3,Married,3,0,29,7,6,9,418
C005893,46,Mobile Phone,2,43,UPI,Female,2,2,Mobile Phone,1,Divorced,4,1,28,3,7,16,304
C005894,42,Computer,2,50,Debit Card,Female,2,5,Mobile Phone,3,Married,4,0,14,10,1,10,215
C005895,17,Mobile Phone,1,19,Debit Card,Male,1,3,Fashion,4,Married,6,0,28,3,14,8,161
C005896,9,Mobile Phone,2,20,Debit Card,Male,1,6,Grocery,4,Married,7,0,18,0,7,0,318
C005897,6,Mobile Phone,3,30,Credit Card,Male,4,5,Grocery,3,Single,2,0,26,8,4,3,391
C005898,43,Mobile Phone,2,12,Debit Card,Male,5,3,Mobile Phone,3,Single,5,0,27,10,15,16,103
C005899,25,Mobile Phone,1,20,Credit Card,Male,2,5,Mobile Phone,4,Married,5,0,26,0,1,26,231
C005900,39,Mobile Phone,2,25,Credit Card,Male,2,2,Grocery,3,Single,1,0,10,8,8,30,86
C005901,49,Computer,1,43,Debit Card,Female,5,1,Fashion,5,Single,2,1,1,4,13,12,241
C005902,60,Mobile Phone,1,15,Cash on Delivery,Male,4,2,Fashion,4,Single,3,0,4,0,11,8,456
C005903,28,Mobile Phone,1,28,E wallet,Female,3,3,Mobile Phone,1,Single,7,0,15,2,10,18,132
C005904,33,Mobile Phone,3,40,E wallet,Male,3,4,Others,4,Single,1,0,3,2,14,24,101
C005905,54,Computer,1,22,Cash on Delivery,Female,2,1,Fashion,1,Married,2,0,18,0,7,18,55
C005906,37,Mobile Phone,1,27,Debit Card,Female,3,5,Others,1,Married,5,1,27,10,12,5,294
C005907,9,Mobile Phone,1,17,Credit Card,Female,4,1,Laptop & Accessory,5,Single,4,0,20,2,10,10,425
C005908,18,Mobile Phone,2,48,UPI,Female,3,1,Fashion,4,Single,6,0,2,5,15,9,189
C005909,56,Computer,3,46,Cash on Delivery,Male,1,2,Others,4,Single,3,0,7,10,12,5,188
C005910,59,Mobile Phone,3,43,E wallet,Male,4,3,Laptop & Accessory,5,Single,7,0,1,8,8,8,351
C005911,21,Mobile Phone,1,48,E wallet,Female,5,6,Laptop & Accessory,4,Single,7,1,13,10,13,7,445
C005912,2,Mobile Phone,1,48,Credit Card,Female,2,6,Mobile Phone,1,Married,1,1,10,2,1,7,249
C005913,58,Computer,1,49,E wallet,Female,4,2,Others,3,Married,4,1,4,7,14,20,316
C005914,43,Mobile Phone,3,5,E wallet,Female,3,3,Mobile Phone,5,Single,3,0,11,1,8,27,59
C005915,59,Computer,1,11,Credit Card,Male,4,4,Laptop & Accessory,5,Married,6,0,17,8,11,0,334
C005916,60,Computer,1,25,Debit Card,Male,5,2,Fashion,3,Married,6,0,8,4,11,20,384
C005917,38,Computer,2,20,E wallet,Female,4,4,Fashion,1,Divorced,5,0,30,8,10,29,174
C005918,58,Mobile Phone,1,18,Debit Card,Female,5,3,Fashion,3,Married,5,0,16,6,1,7,158
C005919,40,Tablet,1,47,UPI,Female,5,1,Others,4,Married,5,0,20,8,11,3,147
C005920,36,Mobile Phone,1,47,Debit Card,Female,4,4,Grocery,3,Married,2,0,15,1,15,18,114
C005921,50,Mobile Phone,1,6,Credit Card,Female,2,4,Mobile Phone,5,Single,3,1,28,1,10,12,472
C005922,60,Computer,2,35,Credit Card,Female,2,3,Grocery,2,Married,2,0,25,2,9,17,55
C005923,43,Mobile Phone,3,43,Credit Card,Male,3,3,Grocery,4,Married,5,0,29,7,13,13,94
C005924,37,Mobile Phone,1,13,E wallet,Female,4,2,Laptop & Accessory,3,Married,6,0,19,6,7,9,229
C005925,15,Mobile Phone,1,45,Cash on Delivery,Female,4,2,Mobile Phone,3,Married,3,0,18,6,13,13,396
C005926,28,Mobile Phone,3,18,E wallet,Female,1,3,Laptop & Accessory,1,Single,3,1,24,10,8,26,83
C005927,18,Mobile Phone,3,14,Debit Card,Female,2,4,Grocery,4,Married,5,0,16,7,10,19,479
C005928,34,Computer,1,28,UPI,Female,5,5,Laptop & Accessory,1,Married,2,0,12,4,14,15,362
C005929,22,Computer,2,37,UPI,Female,1,2,Laptop & Accessory,5,Single,1,0,28,9,5,3,161
C005930,11,Mobile Phone,1,38,UPI,Female,4,3,Others,5,Single,5,0,27,2,6,1,446
C005931,58,Mobile Phone,2,24,UPI,Male,1,5,Mobile Phone,1,Single,5,0,14,0,4,15,216
C005932,57,Computer,3,32,Cash on Delivery,Female,2,5,Mobile Phone,4,Single,1,1,6,8,12,14,67
C005933,13,Mobile Phone,2,8,UPI,Male,4,5,Grocery,1,Single,6,1,9,7,9,17,447
C005934,4,Mobile Phone,2,38,E wallet,Female,2,5,Fashion,1,Divorced,1,0,15,0,13,24,454
C005935,22,Mobile Phone,1,8,UPI,Male,1,1,Laptop & Accessory,4,Married,3,1,21,4,11,29,209
C005936,7,Mobile Phone,2,10,Credit Card,Male,3,2,Mobile Phone,5,Married,1,1,0,9,15,2,336
C005937,43,Mobile Phone,2,26,Debit Card,Male,5,5,Fashion,2,Divorced,3,0,15,8,8,28,305
C005938,54,Mobile Phone,2,8,E wallet,Male,5,5,Mobile Phone,1,Married,6,0,3,7,2,7,341
C005939,24,Mobile Phone,1,9,Cash on Delivery,Female,3,3,Grocery,1,Single,1,0,9,10,7,29,159
C005940,4,Mobile Phone,2,15,E wallet,Male,3,6,Laptop & Accessory,3,Single,2,0,0,4,11,23,398
C005941,28,Mobile Phone,2,49,Credit Card,Female,3,3,Others,4,Single,7,0,18,1,7,24,201
C005942,15,Computer,1,39,UPI,Female,2,6,Grocery,3,Single,3,0,11,2,12,6,462
C005943,1,Computer,1,23,UPI,Female,4,1,Grocery,5,Married,2,0,0,5,13,16,59
C005944,55,Mobile Phone,1,15,Cash on Delivery,Female,3,5,Grocery,3,Married,1,0,17,8,7,24,405
C005945,3,Mobile Phone,2,15,Debit Card,Male,2,1,Fashion,4,Single,2,0,16,10,3,15,500
C005946,14,Tablet,2,31,UPI,Female,1,6,Grocery,1,Married,5,0,26,6,2,27,137
C005947,38,Mobile Phone,3,6,Cash on Delivery,Male,1,3,Others,1,Single,7,1,28,6,1,19,108
C005948,50,Computer,1,12,UPI,Male,3,6,Laptop & Accessory,2,Single,1,0,4,1,8,5,406
C005949,57,Mobile Phone,3,38,E wallet,Female,1,2,Mobile Phone,5,Single,3,0,21,1,1,7,199
C005950,1,Computer,2,44,Cash on Delivery,Female,3,4,Fashion,1,Divorced,7,0,27,6,2,27,127
C005951,38,Mobile Phone,1,24,Cash on Delivery,Male,1,4,Grocery,3,Single,6,0,17,10,15,21,431
C005952,38,Mobile Phone,1,27,Cash on Delivery,Male,1,6,Mobile Phone,2,Divorced,1,1,2,2,6,5,51
C005953,21,Computer,1,19,UPI,Male,4,1,Grocery,2,Married,6,1,17,8,12,5,391
C005954,48,Mobile Phone,3,17,Cash on Delivery,Female,4,3,Laptop & Accessory,5,Married,4,0,22,2,14,11,73
C005955,29,Mobile Phone,1,35,E wallet,Male,1,4,Others,2,Married,6,1,15,3,7,28,195
C005956,5,Mobile Phone,1,50,Debit Card,Female,4,5,Others,4,Single,5,0,11,1,7,29,323
C005957,49,Computer,1,18,Debit Card,Male,3,2,Fashion,3,Married,3,0,10,9,10,27,230
C005958,10,Mobile Phone,3,5,Credit Card,Male,5,3,Mobile Phone,2,Single,1,0,16,1,2,7,112
C005959,28,Mobile Phone,1,31,E wallet,Female,3,1,Mobile Phone,1,Divorced,5,0,6,7,13,28,405
C005960,21,Mobile Phone,1,37,E wallet,Male,4,3,Others,3,Married,7,0,4,0,8,18,165
C005961,50,Mobile Phone,2,39,Cash on Delivery,Female,2,2,Laptop & Accessory,5,Divorced,7,0,30,3,3,29,360
C005962,7,Mobile Phone,2,19,Credit Card,Male,1,6,Fashion,2,Divorced,3,0,8,6,2,16,435
C005963,3,Mobile Phone,2,9,E wallet,Female,4,3,Grocery,3,Single,5,0,22,5,14,25,469
C005964,45,Mobile Phone,2,41,E wallet,Female,4,6,Fashion,1,Divorced,3,0,29,10,2,16,318
C005965,47,Mobile Phone,3,8,E wallet,Female,4,1,Others,2,Single,5,0,15,8,1,21,320
C005966,20,Mobile Phone,3,50,UPI,Male,3,5,Grocery,5,Married,3,0,0,7,11,20,357
C005967,19,Mobile Phone,3,24,E wallet,Female,1,3,Fashion,5,Married,3,0,17,1,1,22,139
C005968,35,Mobile Phone,1,43,UPI,Female,5,1,Laptop & Accessory,5,Single,4,0,5,9,12,3,166
C005969,4,Mobile Phone,3,26,E wallet,Male,4,6,Mobile Phone,2,Single,3,0,15,9,7,12,457
C005970,5,Tablet,1,28,Debit Card,Female,2,6,Grocery,2,Married,4,1,1,9,9,5,466
C005971,1,Mobile Phone,1,15,UPI,Female,1,5,Fashion,2,Single,1,1,13,5,14,21,500
C005972,4,Computer,3,50,UPI,Male,5,4,Laptop & Accessory,1,Single,6,1,3,0,6,15,156
C005973,12,Mobile Phone,3,10,Cash on Delivery,Male,2,3,Fashion,5,Married,1,0,14,2,15,17,217
C005974,60,Mobile Phone,2,31,E wallet,Female,5,5,Grocery,3,Married,5,0,16,7,8,29,172
C005975,27,Mobile Phone,3,14,Credit Card,Male,5,6,Laptop & Accessory,3,Married,2,0,23,9,12,16,278
C005976,56,Mobile Phone,3,43,Credit Card,Male,1,4,Mobile Phone,2,Married,2,0,24,0,14,16,58
C005977,42,Tablet,2,14,Credit Card,Female,3,6,Laptop & Accessory,5,Married,6,0,8,0,12,7,64
C005978,23,Computer,2,50,Credit Card,Male,2,3,Fashion,5,Married,1,0,13,0,3,5,168
C005979,25,Computer,3,30,Debit Card,Male,4,3,Fashion,2,Married,4,0,12,4,12,29,138
C005980,21,Mobile Phone,1,41,Credit Card,Female,5,2,Fashion,1,Married,3,0,23,6,2,13,240
C005981,58,Mobile Phone,1,37,Cash on Delivery,Male,2,3,Fashion,3,Single,6,0,10,3,2,7,155
C005982,52,Mobile Phone,3,12,Credit Card,Female,1,3,Fashion,3,Divorced,7,0,28,8,1,30,226
C005983,24,Computer,1,32,Cash on Delivery,Female,2,5,Others,4,Married,5,0,24,5,7,18,216
C005984,25,Mobile Phone,1,40,UPI,Male,4,1,Laptop & Accessory,2,Married,6,1,3,4,9,7,473
C005985,45,Mobile Phone,1,44,E wallet,Female,4,2,Laptop & Accessory,3,Single,3,0,2,4,3,20,80
C005986,55,Mobile Phone,1,29,Credit Card,Male,1,3,Laptop & Accessory,3,Married,3,0,5,5,4,10,418
C005987,46,Mobile Phone,3,40,Cash on Delivery,Female,2,5,Laptop & Accessory,1,Married,2,0,18,1,2,11,450
C005988,32,Computer,2,17,Cash on Delivery,Female,3,6,Grocery,2,Single,1,0,16,2,8,26,139
C005989,55,Mobile Phone,2,11,E wallet,Male,3,6,Fashion,2,Married,4,0,27,2,9,23,425
C005990,32,Mobile Phone,3,5,UPI,Male,5,5,Others,3,Married,2,0,15,8,5,16,471
C005991,5,Mobile Phone,3,13,Credit Card,Female,5,1,Grocery,3,Single,7,0,4,3,14,16,481
C005992,36,Computer,2,32,Cash on Delivery,Female,2,4,Laptop & Accessory,5,Single,3,0,9,5,3,15,272
C005993,46,Mobile Phone,3,40,Credit Card,Female,5,3,Laptop & Accessory,4,Single,3,0,28,0,12,16,224
C005994,42,Computer,2,50,Debit Card,Male,4,4,Others,3,Married,1,0,26,6,11,21,350
C005995,49,Mobile Phone,1,34,Cash on Delivery,Male,1,1,Laptop & Accessory,2,Married,4,1,3,5,15,27,64
C005996,42,Computer,1,13,UPI,Male,5,5,Laptop & Accessory,5,Married,7,0,24,6,12,13,376
C005997,58,Computer,2,34,E wallet,Female,3,4,Laptop & Accessory,1,Single,6,0,20,9,12,28,478
C005998,39,Mobile Phone,2,39,Cash on Delivery,Male,4,1,Laptop & Accessory,2,Single,1,0,15,2,11,14,325
C005999,16,Mobile Phone,2,31,Debit Card,Male,3,4,Grocery,5,Married,7,0,10,0,1,24,113
C006000,33,Mobile Phone,2,33,E wallet,Male,5,6,Grocery,2,Divorced,5,0,1,4,15,6,379
C006001,49,Mobile Phone,1,9,UPI,Female,5,5,Grocery,2,Divorced,5,0,16,5,1,21,310
C006002,21,Computer,1,5,Credit Card,Male,4,3,Laptop & Accessory,2,Married,2,0,14,9,4,25,287
C006003,9,Mobile Phone,2,47,Credit Card,Female,3,6,Mobile Phone,3,Single,6,1,8,3,15,20,486
C006004,6,Mobile Phone,1,9,Cash on Delivery,Male,1,6,Grocery,3,Single,6,1,1,7,2,10,158
C006005,51,Mobile Phone,2,33,E wallet,Male,1,2,Fashion,4,Married,1,0,6,10,4,12,186
C006006,45,Mobile Phone,2,21,Debit Card,Male,4,6,Fashion,1,Single,3,0,12,2,13,3,225
C006007,35,Computer,2,41,Debit Card,Male,5,5,Mobile Phone,1,Single,5,0,5,10,9,19,336
C006008,39,Mobile Phone,1,28,UPI,Female,4,4,Others,3,Divorced,2,0,26,7,3,4,288
C006009,22,Tablet,2,31,E wallet,Female,3,3,Fashion,2,Single,5,0,20,4,12,5,372
C006010,41,Computer,3,13,E wallet,Female,1,2,Others,2,Married,7,0,1,8,1,18,220
C006011,54,Mobile Phone,3,42,Credit Card,Male,5,6,Fashion,5,Single,5,1,27,10,1,0,478
C006012,5,Mobile Phone,3,17,UPI,Female,3,1,Mobile Phone,5,Single,5,0,7,8,12,16,434
C006013,42,Computer,2,30,UPI,Female,1,3,Grocery,5,Married,7,0,21,4,4,21,291
C006014,23,Mobile Phone,1,15,UPI,Female,1,5,Others,1,Single,7,0,7,10,9,22,459
C006015,17,Mobile Phone,2,28,E wallet,Female,2,4,Others,1,Divorced,5,1,19,10,13,5,460
C006016,12,Mobile Phone,3,37,Credit Card,Male,5,6,Mobile Phone,5,Married,1,0,25,3,3,18,304
C006017,23,Mobile Phone,1,10,UPI,Male,4,2,Others,5,Married,3,0,5,3,4,29,78
C006018,16,Computer,1,39,Credit Card,Female,2,6,Fashion,5,Married,1,0,8,0,4,7,223
C006019,3,Mobile Phone,1,20,UPI,Female,1,3,Grocery,1,Married,2,0,18,6,14,13,273
C006020,30,Mobile Phone,2,17,E wallet,Male,5,2,Laptop & Accessory,3,Married,6,1,10,3,10,10,419
C006021,57,Computer,2,48,Credit Card,Female,5,2,Mobile Phone,2,Married,6,0,24,5,4,16,432
C006022,22,Computer,1,15,Cash on Delivery,Female,2,3,Others,3,Married,2,0,29,6,15,30,141
C006023,9,Mobile Phone,3,27,UPI,Female,3,6,Others,1,Married,2,0,21,5,13,28,463
C006024,29,Computer,2,6,E wallet,Male,3,4,Others,1,Married,3,0,27,10,13,15,75
C006025,47,Mobile Phone,1,34,Credit Card,Male,4,6,Others,5,Single,1,1,16,1,4,18,135
C006026,37,Computer,1,23,Debit Card,Male,5,1,Mobile Phone,3,Single,2,1,3,8,11,14,393
C006027,23,Mobile Phone,1,44,E wallet,Female,2,3,Fashion,1,Married,1,0,20,4,11,11,158
C006028,13,Mobile Phone,2,49,E wallet,Female,1,1,Fashion,4,Single,3,0,1,1,4,15,459
C006029,32,Computer,1,50,Debit Card,Female,3,2,Grocery,3,Married,3,0,6,0,4,11,222
C006030,46,Mobile Phone,2,19,Debit Card,Female,2,2,Grocery,3,Married,2,0,19,10,15,27,370
C006031,52,Tablet,3,46,Cash on Delivery,Male,4,4,Laptop & Accessory,1,Single,1,0,24,3,5,24,89
C006032,47,Mobile Phone,2,37,Cash on Delivery,Male,4,3,Fashion,2,Married,4,1,9,3,7,20,136
C006033,48,Computer,1,48,Cash on Delivery,Male,5,6,Mobile Phone,1,Married,7,0,3,8,2,26,371
C006034,23,Computer,2,45,E wallet,Male,4,3,Fashion,3,Single,7,0,24,1,15,14,347
C006035,45,Mobile Phone,3,9,E wallet,Male,4,5,Fashion,4,Single,3,0,20,0,4,30,167
C006036,17,Computer,1,26,E wallet,Female,3,4,Grocery,3,Single,2,0,5,7,11,29,60
C006037,55,Mobile Phone,1,31,Cash on Delivery,Male,3,3,Others,1,Married,6,0,8,10,7,24,248
C006038,40,Computer,2,39,Credit Card,Female,4,2,Others,5,Married,3,0,12,3,12,0,231
C006039,21,Mobile Phone,2,23,E wallet,Female,5,4,Fashion,2,Single,1,0,25,1,9,16,447
C006040,2,Computer,1,43,E wallet,Female,3,5,Fashion,3,Single,6,0,22,7,5,29,496
C006041,37,Mobile Phone,2,11,E wallet,Male,3,5,Fashion,4,Single,6,0,12,7,5,20,254
C006042,6,Mobile Phone,2,43,Cash on Delivery,Male,4,6,Fashion,4,Married,4,0,3,0,8,24,178
C006043,44,Mobile Phone,3,38,UPI,Male,5,2,Grocery,4,Married,7,0,28,3,10,27,410
C006044,18,Mobile Phone,1,38,Cash on Delivery,Male,4,6,Fashion,2,Married,7,1,8,9,7,19,76
C006045,30,Computer,3,31,UPI,Female,1,3,Fashion,3,Single,6,0,19,9,3,18,110
C006046,22,Mobile Phone,1,48,Cash on Delivery,Male,1,2,Laptop & Accessory,5,Single,4,0,20,4,12,18,172
C006047,54,Mobile Phone,2,9,Credit Card,Female,5,5,Laptop & Accessory,1,Divorced,4,1,8,0,2,28,500
C006048,33,Mobile Phone,2,8,Credit Card,Female,1,4,Fashion,3,Married,7,0,7,5,6,23,177
C006049,30,Mobile Phone,1,11,E wallet,Female,5,3,Others,3,Married,4,0,30,0,11,10,406
C006050,17,Mobile Phone,3,7,Cash on Delivery,Male,1,2,Mobile Phone,5,Single,5,0,25,1,14,25,396
C006051,43,Computer,1,25,UPI,Female,2,6,Laptop & Accessory,2,Married,1,1,5,8,5,16,281
C006052,32,Tablet,2,38,UPI,Male,3,3,Fashion,1,Married,4,0,26,7,9,7,191
C006053,42,Mobile Phone,1,13,Credit Card,Male,4,4,Laptop & Accessory,1,Single,7,0,21,10,12,27,163
C006054,51,Mobile Phone,2,24,E wallet,Female,5,5,Fashion,1,Married,6,1,22,3,8,25,78
C006055,14,Mobile Phone,1,44,UPI,Female,1,2,Others,3,Single,1,1,30,10,11,12,197
C006056,58,Mobile Phone,3,16,Cash on Delivery,Male,2,5,Others,5,Single,6,0,13,8,3,5,86
C006057,10,Mobile Phone,3,43,E wallet,Male,1,6,Laptop & Accessory,5,Single,5,0,16,2,12,14,474
C006058,47,Computer,3,50,Cash on Delivery,Female,2,6,Mobile Phone,2,Married,2,0,19,0,13,12,199
C006059,60,Mobile Phone,1,32,Cash on Delivery,Male,4,2,Mobile Phone,5,Single,5,0,29,4,7,16,463
C006060,51,Computer,2,37,Credit Card,Male,3,3,Mobile Phone,5,Divorced,7,0,7,7,10,13,177
C006061,36,Mobile Phone,1,14,Cash on Delivery,Male,3,1,Mobile Phone,1,Single,6,0,29,5,12,18,232
C006062,34,Mobile Phone,3,15,Debit Card,Male,2,2,Grocery,2,Single,3,0,30,3,11,9,363
C006063,9,Mobile Phone,2,11,E wallet,Female,1,2,Fashion,5,Married,6,1,9,9,14,26,317
C006064,42,Mobile Phone,2,22,Debit Card,Male,3,5,Others,5,Married,1,1,14,0,13,13,275
C006065,28,Mobile Phone,2,23,Cash on Delivery,Female,1,1,Mobile Phone,5,Single,6,0,25,0,12,1,491
C006066,11,Computer,1,18,Cash on Delivery,Male,5,6,Grocery,5,Single,2,1,30,5,2,6,75
C006067,14,Mobile Phone,2,21,Credit Card,Male,1,1,Fashion,1,Single,4,0,22,4,13,0,149
C006068,39,Computer,1,27,Credit Card,Male,5,1,Grocery,3,Married,6,1,1,4,14,20,405
C006069,55,Mobile Phone,3,23,Credit Card,Male,5,1,Laptop & Accessory,2,Married,6,0,22,8,6,23,289
C006070,47,Mobile Phone,3,49,Credit Card,Male,3,4,Laptop & Accessory,3,Married,2,0,20,6,15,20,167
C006071,54,Mobile Phone,2,7,UPI,Female,5,3,Mobile Phone,1,Single,5,0,9,4,14,8,323
C006072,19,Mobile Phone,3,38,Credit Card,Male,1,2,Laptop & Accessory,3,Single,7,0,21,3,1,6,494
C006073,54,Mobile Phone,1,29,Cash on Delivery,Male,4,3,Fashion,5,Married,6,0,9,3,15,23,238
C006074,15,Mobile Phone,3,45,Cash on Delivery,Male,1,6,Mobile Phone,2,Divorced,4,1,26,0,9,4,74
C006075,28,Mobile Phone,1,35,E wallet,Female,2,3,Grocery,5,Married,5,0,28,1,2,20,470
C006076,24,Mobile Phone,2,43,Debit Card,Male,2,3,Others,2,Married,6,1,16,7,7,27,125
C006077,8,Mobile Phone,2,18,UPI,Female,1,3,Others,3,Divorced,3,0,16,6,15,5,472
C006078,43,Mobile Phone,1,41,UPI,Male,2,4,Others,5,Married,4,0,27,3,4,10,327
C006079,9,Mobile Phone,1,24,E wallet,Female,4,5,Fashion,1,Married,1,0,7,0,5,21,252
C006080,47,Computer,1,36,E wallet,Female,2,4,Mobile Phone,5,Married,4,0,25,3,15,6,315
C006081,33,Mobile Phone,3,37,Credit Card,Female,3,2,Laptop & Accessory,4,Married,2,0,22,8,3,16,405
C006082,33,Computer,1,35,E wallet,Female,4,1,Mobile Phone,1,Married,2,0,11,3,2,2,174
C006083,19,Mobile Phone,2,11,UPI,Male,3,5,Grocery,2,Single,7,1,0,0,11,12,471
C006084,3,Computer,3,9,Debit Card,Female,3,2,Others,4,Single,4,1,9,9,1,26,369
C006085,10,Mobile Phone,1,8,Debit Card,Male,4,6,Mobile Phone,5,Married,2,0,1,7,7,0,387
C006086,40,Computer,2,15,UPI,Female,3,1,Mobile Phone,5,Single,5,0,16,8,12,22,298
C006087,47,Mobile Phone,2,23,Credit Card,Female,2,4,Laptop & Accessory,5,Single,1,0,1,2,10,18,293
C006088,42,Computer,1,42,Debit Card,Female,1,3,Grocery,5,Single,3,0,12,1,11,16,476
C006089,1,Mobile Phone,3,24,Debit Card,Female,4,2,Others,4,Single,5,0,6,4,9,7,157
C006090,29,Mobile Phone,1,31,Credit Card,Female,1,6,Laptop & Accessory,1,Married,3,0,25,0,10,8,360
C006091,50,Mobile Phone,1,33,Debit Card,Male,4,3,Others,4,Married,1,0,25,3,11,22,188
C006092,34,Mobile Phone,2,22,Cash on Delivery,Female,4,3,Laptop & Accessory,1,Married,4,0,27,5,12,3,65
C006093,51,Mobile Phone,2,41,UPI,Male,3,3,Laptop & Accessory,3,Single,2,0,6,6,10,11,202
C006094,13,Mobile Phone,3,29,Debit Card,Female,1,5,Others,3,Single,4,1,30,1,1,5,360
C006095,54,Mobile Phone,3,24,Debit Card,Female,2,1,Grocery,1,Married,4,1,26,9,10,10,500
C006096,1,Tablet,2,10,Credit Card,Female,1,3,Fashion,1,Single,6,0,8,8,10,10,243
C006097,34,Mobile Phone,1,40,Debit Card,Female,4,6,Fashion,1,Married,6,0,14,1,4,1,460
C006098,29,Computer,1,19,Credit Card,Male,2,2,Mobile Phone,3,Married,1,0,24,4,6,6,223
C006099,48,Mobile Phone,1,22,UPI,Female,3,5,Mobile Phone,1,Married,5,1,29,6,10,5,188
C006100,47,Mobile Phone,2,42,Cash on Delivery,Male,2,1,Grocery,1,Single,1,0,8,10,1,27,247
C006101,13,Computer,3,29,E wallet,Male,2,2,Fashion,4,Married,7,0,6,8,10,3,172
C006102,48,Computer,1,24,UPI,Male,1,5,Mobile Phone,2,Married,6,0,11,6,5,15,205
C006103,49,Computer,1,26,Debit Card,Male,4,5,Fashion,5,Married,7,0,7,5,6,2,500
C006104,53,Mobile Phone,2,16,Cash on Delivery,Male,4,6,Fashion,5,Married,4,0,30,5,8,27,221
C006105,29,Mobile Phone,1,45,E wallet,Male,4,6,Fashion,4,Divorced,3,0,6,4,11,5,384
C006106,39,Mobile Phone,2,44,E wallet,Female,5,1,Mobile Phone,1,Single,1,0,5,8,3,7,360
C006107,24,Mobile Phone,2,37,Debit Card,Male,3,6,Mobile Phone,2,Single,5,1,9,10,15,23,384
C006108,26,Mobile Phone,2,33,E wallet,Male,1,3,Grocery,4,Single,1,0,26,9,13,14,149
C006109,17,Computer,1,6,E wallet,Male,4,2,Laptop & Accessory,2,Married,2,0,19,3,10,14,294
C006110,7,Computer,3,30,UPI,Male,2,4,Mobile Phone,3,Single,7,1,2,1,4,23,322
C006111,13,Mobile Phone,1,36,UPI,Male,5,3,Others,2,Married,5,0,20,0,13,24,418
C006112,5,Mobile Phone,3,7,E wallet,Male,3,4,Laptop & Accessory,4,Married,2,0,29,3,13,19,89
C006113,26,Computer,1,34,Credit Card,Female,4,2,Fashion,5,Married,3,0,29,0,6,27,247
C006114,49,Mobile Phone,3,23,Debit Card,Female,5,6,Grocery,3,Single,4,0,30,8,11,23,354
C006115,3,Mobile Phone,2,14,Credit Card,Male,3,4,Others,2,Married,2,0,20,7,11,8,124
C006116,7,Mobile Phone,1,29,Credit Card,Male,2,4,Others,5,Divorced,2,0,19,3,11,0,214
C006117,58,Mobile Phone,3,50,E wallet,Female,5,1,Laptop & Accessory,2,Single,6,0,11,1,7,27,287
C006118,49,Tablet,2,23,Debit Card,Male,1,1,Grocery,2,Married,4,0,2,9,8,9,358
C006119,39,Mobile Phone,1,47,Credit Card,Female,3,6,Laptop & Accessory,1,Married,3,0,19,9,10,18,377
C006120,53,Mobile Phone,1,25,UPI,Female,5,1,Mobile Phone,5,Single,6,0,17,10,8,24,258
C006121,1,Mobile Phone,2,10,UPI,Female,5,4,Fashion,3,Single,7,0,22,5,14,3,114
C006122,49,Computer,2,18,Debit Card,Male,3,6,Grocery,3,Married,4,1,27,5,3,30,434
C006123,17,Computer,2,12,Credit Card,Female,5,4,Mobile Phone,3,Married,2,0,27,2,13,12,429
C006124,43,Mobile Phone,2,6,Cash on Delivery,Female,5,5,Fashion,2,Single,1,0,13,2,14,25,472
C006125,25,Mobile Phone,2,22,Cash on Delivery,Male,3,5,Fashion,5,Divorced,2,1,15,6,1,2,335
C006126,59,Mobile Phone,3,26,Debit Card,Male,2,1,Mobile Phone,3,Married,4,0,7,10,4,6,261
C006127,3,Mobile Phone,2,34,Debit Card,Female,1,5,Grocery,3,Single,5,0,15,6,2,1,476
C006128,15,Mobile Phone,1,40,Cash on Delivery,Male,3,3,Others,2,Married,5,0,25,9,10,22,328
C006129,29,Mobile Phone,3,32,Credit Card,Male,4,5,Laptop & Accessory,4,Single,4,0,16,8,3,8,299
C006130,53,Mobile Phone,1,39,Credit Card,Female,5,5,Grocery,3,Single,5,0,0,5,10,22,294
C006131,43,Mobile Phone,1,6,E wallet,Male,1,3,Others,5,Single,4,0,4,9,7,5,80
C006132,32,Mobile Phone,2,40,Debit Card,Female,1,3,Others,3,Single,1,0,27,4,1,16,246
C006133,26,Computer,2,22,Credit Card,Male,3,2,Others,2,Divorced,4,0,22,9,13,14,414
C006134,60,Mobile Phone,1,47,Cash on Delivery,Female,4,4,Laptop & Accessory,4,Single,7,0,4,8,5,18,229
C006135,16,Mobile Phone,1,13,Cash on Delivery,Male,4,4,Laptop & Accessory,4,Single,1,0,22,1,10,19,360
C006136,25,Tablet,2,32,UPI,Female,2,6,Laptop & Accessory,5,Married,5,0,27,1,11,8,439
C006137,54,Mobile Phone,3,12,Credit Card,Male,4,1,Others,4,Married,3,0,17,10,14,22,352
C006138,28,Computer,2,12,E wallet,Female,3,6,Mobile Phone,3,Single,5,1,2,3,10,20,149
C006139,9,Mobile Phone,2,9,E wallet,Male,1,2,Laptop & Accessory,1,Married,4,0,3,3,2,28,66
C006140,56,Mobile Phone,1,17,Debit Card,Male,1,6,Others,2,Single,5,0,20,9,12,6,96
C006141,56,Computer,1,11,UPI,Female,4,2,Grocery,3,Single,3,0,28,9,7,15,168
C006142,1,Mobile Phone,1,25,Cash on Delivery,Male,5,2,Others,3,Married,5,0,15,9,15,3,105
C006143,29,Computer,1,33,Cash on Delivery,Female,2,2,Laptop & Accessory,2,Single,3,0,19,3,4,7,96
C006144,57,Mobile Phone,2,41,Debit Card,Male,4,5,Laptop & Accessory,2,Married,7,0,22,4,14,20,470
C006145,22,Mobile Phone,1,49,E wallet,Male,3,2,Laptop & Accessory,3,Married,2,0,4,10,5,28,268
C006146,16,Mobile Phone,1,18,E wallet,Female,2,6,Mobile Phone,4,Married,7,0,15,2,11,5,123
C006147,41,Mobile Phone,2,41,Cash on Delivery,Male,4,1,Fashion,5,Single,4,0,4,1,5,9,77
C006148,51,Mobile Phone,3,8,Debit Card,Female,2,4,Mobile Phone,3,Single,4,0,17,3,8,25,474
C006149,44,Mobile Phone,3,26,Credit Card,Male,5,2,Grocery,1,Married,3,0,28,10,2,6,105
C006150,51,Mobile Phone,2,15,UPI,Female,3,6,Laptop & Accessory,3,Single,1,1,0,10,14,12,115
C006151,54,Mobile Phone,1,38,E wallet,Male,4,4,Fashion,1,Single,3,0,0,8,5,20,300
C006152,41,Computer,2,49,E wallet,Male,1,3,Grocery,3,Single,2,0,30,3,4,4,376
C006153,7,Mobile Phone,1,20,E wallet,Female,3,1,Others,3,Single,4,0,10,10,1,4,185
C006154,14,Computer,2,13,Credit Card,Male,5,3,Fashion,1,Single,4,0,7,9,14,8,341
C006155,29,Mobile Phone,3,20,Credit Card,Male,5,6,Mobile Phone,5,Single,5,0,0,9,1,27,466
C006156,19,Mobile Phone,2,43,UPI,Female,1,2,Laptop & Accessory,1,Single,7,1,8,0,8,0,370
C006157,19,Computer,3,20,E wallet,Male,3,5,Fashion,5,Married,7,0,17,10,2,26,80
C006158,2,Mobile Phone,2,35,Cash on Delivery,Female,4,6,Grocery,5,Single,3,0,27,9,10,10,230
C006159,41,Mobile Phone,2,35,E wallet,Male,1,5,Mobile Phone,1,Single,2,1,7,7,10,3,393
C006160,45,Mobile Phone,1,17,UPI,Male,4,6,Grocery,2,Single,5,0,17,2,7,23,257
C006161,15,Mobile Phone,3,9,UPI,Female,2,1,Grocery,1,Single,1,0,7,0,15,19,258
C006162,3,Mobile Phone,1,43,Cash on Delivery,Female,4,2,Laptop & Accessory,2,Married,5,0,28,0,13,4,228
C006163,11,Tablet,3,22,Credit Card,Male,2,2,Fashion,3,Single,7,0,24,4,6,3,188
C006164,53,Mobile Phone,1,24,Cash on Delivery,Female,4,2,Grocery,2,Married,2,0,7,10,14,7,468
C006165,46,Computer,1,6,UPI,Male,2,2,Mobile Phone,4,Married,7,1,12,3,5,4,202
C006166,30,Mobile Phone,3,44,Cash on Delivery,Male,3,6,Grocery,3,Married,3,1,15,6,7,5,405
C006167,57,Mobile Phone,1,34,E wallet,Female,5,1,Grocery,3,Married,1,0,15,6,12,8,229
C006168,40,Mobile Phone,3,14,UPI,Female,3,1,Mobile Phone,2,Married,6,0,21,8,13,7,126
C006169,18,Computer,1,46,Credit Card,Female,1,1,Others,2,Married,4,1,6,10,7,2,406
C006170,51,Computer,3,15,Credit Card,Female,3,6,Grocery,4,Married,5,1,30,2,12,25,472
C006171,48,Mobile Phone,2,33,Cash on Delivery,Male,3,5,Mobile Phone,3,Single,2,0,29,9,15,0,373
C006172,2,Mobile Phone,2,44,Cash on Delivery,Male,5,2,Laptop & Accessory,2,Married,7,0,29,9,1,26,488
C006173,32,Mobile Phone,1,20,Cash on Delivery,Female,3,6,Fashion,1,Married,3,0,3,10,5,21,240
C006174,8,Mobile Phone,1,32,E wallet,Male,1,3,Mobile Phone,5,Single,5,0,3,1,15,25,166
C006175,22,Mobile Phone,3,21,Credit Card,Female,3,4,Mobile Phone,5,Married,6,0,26,0,12,17,53
C006176,6,Computer,1,42,UPI,Male,3,1,Fashion,2,Married,2,0,18,1,10,27,57
C006177,12,Mobile Phone,1,48,UPI,Female,3,1,Mobile Phone,4,Married,6,0,25,1,8,5,224
C006178,47,Computer,2,19,Credit Card,Male,3,6,Others,2,Married,7,0,24,5,9,7,109
C006179,57,Mobile Phone,2,35,Cash on Delivery,Male,5,5,Laptop & Accessory,4,Single,1,0,13,0,12,0,489
C006180,40,Mobile Phone,1,11,Debit Card,Female,5,5,Others,3,Married,5,1,20,7,6,3,442
C006181,36,Mobile Phone,1,50,Cash on Delivery,Male,1,4,Grocery,1,Single,7,0,14,4,14,23,161
C006182,15,Computer,1,34,Credit Card,Female,1,5,Laptop & Accessory,3,Married,5,0,7,0,8,9,413
C006183,28,Computer,3,40,E wallet,Female,1,6,Grocery,1,Single,3,0,2,6,8,16,127
C006184,52,Mobile Phone,1,30,Cash on Delivery,Male,3,1,Fashion,4,Single,2,0,11,7,12,21,245
C006185,57,Mobile Phone,3,15,UPI,Male,4,2,Mobile Phone,2,Married,2,0,3,0,4,17,213
C006186,49,Mobile Phone,1,10,E wallet,Male,3,2,Mobile Phone,2,Single,4,0,18,1,9,10,264
C006187,45,Mobile Phone,1,46,Credit Card,Female,4,5,Laptop & Accessory,2,Married,7,1,11,8,15,1,215
C006188,18,Mobile Phone,2,33,Debit Card,Male,1,4,Mobile Phone,2,Divorced,4,0,8,9,3,17,325
C006189,2,Computer,1,32,Cash on Delivery,Male,3,2,Mobile Phone,3,Single,2,0,0,1,5,20,399
C006190,13,Mobile Phone,2,19,E wallet,Female,1,1,Grocery,3,Divorced,7,1,9,6,1,18,144
C006191,45,Computer,3,33,E wallet,Male,5,2,Others,4,Married,6,0,24,3,6,2,227
C006192,54,Mobile Phone,1,10,UPI,Male,1,4,Mobile Phone,1,Single,5,0,10,7,10,22,179
C006193,15,Mobile Phone,3,16,Cash on Delivery,Male,3,5,Grocery,1,Married,7,1,10,8,9,18,129
C006194,20,Tablet,1,20,Debit Card,Male,5,3,Others,1,Married,1,0,7,7,6,19,316
C006195,29,Mobile Phone,1,50,E wallet,Male,5,6,Mobile Phone,2,Married,4,0,16,3,14,6,414
C006196,59,Computer,1,42,UPI,Male,4,2,Laptop & Accessory,3,Married,4,0,10,1,8,27,439
C006197,42,Mobile Phone,3,13,Cash on Delivery,Female,2,1,Laptop & Accessory,5,Single,7,0,25,1,2,30,279
C006198,29,Mobile Phone,1,26,Cash on Delivery,Male,5,4,Laptop & Accessory,5,Married,1,0,9,10,1,1,139
C006199,3,Computer,3,37,Debit Card,Male,2,2,Fashion,2,Single,3,0,19,0,7,2,391
C006200,19,Computer,2,30,UPI,Male,1,3,Laptop & Accessory,5,Single,5,0,9,4,2,28,171
C006201,3,Mobile Phone,1,44,Debit Card,Female,1,5,Mobile Phone,1,Married,7,0,12,5,4,7,290
C006202,54,Mobile Phone,2,11,E wallet,Female,5,2,Mobile Phone,1,Married,6,1,16,6,3,25,448
C006203,14,Computer,3,50,Credit Card,Male,4,4,Laptop & Accessory,4,Single,4,0,30,5,6,29,182
C006204,40,Computer,2,36,Credit Card,Female,1,2,Laptop & Accessory,2,Married,7,0,14,2,13,7,95
C006205,59,Mobile Phone,2,44,Debit Card,Female,2,5,Grocery,4,Single,3,0,13,3,3,26,374
C006206,55,Computer,3,47,Debit Card,Female,5,4,Others,1,Married,7,0,10,7,1,2,427
C006207,4,Mobile Phone,1,28,Credit Card,Male,5,6,Laptop & Accessory,3,Married,2,0,10,4,8,6,88
C006208,59,Mobile Phone,3,45,E wallet,Female,4,3,Grocery,2,Married,4,0,17,6,13,27,105
C006209,60,Mobile Phone,3,43,Debit Card,Male,5,1,Mobile Phone,4,Married,1,0,15,9,11,2,313
C006210,52,Mobile Phone,2,42,E wallet,Female,3,6,Laptop & Accessory,4,Single,2,1,9,6,13,20,58
C006211,11,Computer,3,41,E wallet,Female,2,5,Grocery,1,Married,2,0,1,2,12,18,492
C006212,58,Mobile Phone,2,23,UPI,Female,3,2,Grocery,4,Married,5,1,26,6,15,4,205
C006213,31,Tablet,2,47,E wallet,Male,3,3,Others,1,Married,7,1,20,10,3,17,433
C006214,43,Mobile Phone,2,9,Cash on Delivery,Male,2,4,Mobile Phone,3,Married,3,0,18,8,13,11,488
C006215,32,Computer,1,34,Credit Card,Female,5,6,Others,4,Divorced,5,0,7,4,5,26,265
C006216,27,Computer,2,29,Credit Card,Female,5,4,Others,1,Married,2,0,17,4,13,9,494
C006217,30,Mobile Phone,1,34,Debit Card,Male,3,4,Others,1,Single,5,0,12,10,13,2,89
C006218,43,Mobile Phone,2,29,Debit Card,Female,2,2,Mobile Phone,3,Married,7,0,25,3,2,10,368
C006219,2,Mobile Phone,1,13,UPI,Male,1,6,Laptop & Accessory,4,Divorced,1,0,20,8,2,24,453
C006220,49,Computer,1,31,UPI,Male,2,5,Others,3,Single,4,0,21,7,10,30,381
C006221,9,Computer,1,28,Cash on Delivery,Female,3,6,Fashion,3,Single,1,0,13,10,4,0,101
C006222,28,Mobile Phone,3,44,Debit Card,Female,2,3,Mobile Phone,3,Divorced,7,0,9,8,7,19,360
C006223,31,Computer,1,47,Credit Card,Male,2,4,Grocery,4,Married,2,0,4,7,4,11,300
C006224,60,Mobile Phone,2,42,Cash on Delivery,Female,1,1,Grocery,5,Single,5,0,0,7,11,29,381
C006225,34,Mobile Phone,1,19,Debit Card,Female,4,5,Mobile Phone,1,Married,3,0,28,7,2,1,460
C006226,56,Computer,2,42,Cash on Delivery,Female,4,3,Grocery,1,Single,3,0,14,10,3,1,339
C006227,15,Mobile Phone,1,30,E wallet,Male,1,3,Mobile Phone,3,Single,2,0,22,7,5,8,459
C006228,48,Computer,1,34,E wallet,Male,2,4,Laptop & Accessory,3,Single,7,0,21,0,15,4,104
C006229,25,Mobile Phone,2,15,Cash on Delivery,Male,3,1,Mobile Phone,5,Single,6,0,25,9,1,23,410
C006230,36,Mobile Phone,2,33,Debit Card,Male,1,4,Laptop & Accessory,2,Married,4,0,3,4,6,20,279
C006231,8,Mobile Phone,1,19,E wallet,Male,4,5,Mobile Phone,1,Single,7,1,25,9,5,4,336
C006232,9,Mobile Phone,2,48,E wallet,Male,4,2,Others,2,Married,5,1,22,7,6,6,497
C006233,58,Computer,3,13,Cash on Delivery,Male,1,5,Fashion,3,Married,1,0,30,8,6,0,450
C006234,58,Mobile Phone,1,46,E wallet,Male,2,1,Laptop & Accessory,1,Single,1,0,27,1,8,27,96
C006235,37,Mobile Phone,1,33,Credit Card,Male,5,2,Fashion,1,Single,3,0,14,8,11,15,177
C006236,48,Mobile Phone,2,19,E wallet,Male,3,6,Grocery,3,Divorced,1,0,10,3,9,6,241
C006237,45,Mobile Phone,1,21,Cash on Delivery,Female,5,6,Laptop & Accessory,2,Married,4,0,28,7,6,12,424
C006238,39,Computer,3,20,E wallet,Male,3,3,Grocery,2,Single,2,0,12,6,12,12,78
C006239,32,Mobile Phone,2,26,E wallet,Male,5,4,Others,4,Single,5,0,15,8,9,3,451
C006240,58,Mobile Phone,2,44,UPI,Female,5,6,Others,4,Single,1,1,9,6,14,21,442
C006241,52,Computer,2,47,Cash on Delivery,Male,3,5,Laptop & Accessory,5,Married,7,0,22,8,15,17,452
C006242,17,Mobile Phone,2,15,Cash on Delivery,Male,3,4,Laptop & Accessory,5,Married,2,0,10,4,5,10,364
C006243,35,Computer,1,42,UPI,Female,4,5,Fashion,2,Divorced,6,0,13,2,11,26,271
C006244,37,Mobile Phone,3,29,UPI,Male,2,4,Grocery,3,Divorced,5,0,9,1,15,27,54
C006245,19,Mobile Phone,2,34,Credit Card,Female,2,6,Fashion,2,Single,2,0,24,2,2,17,57
C006246,44,Computer,1,6,E wallet,Male,4,2,Laptop & Accessory,1,Divorced,1,0,0,1,13,23,99
C006247,29,Computer,2,5,Debit Card,Male,5,4,Fashion,4,Divorced,2,0,21,7,3,13,111
C006248,59,Mobile Phone,1,42,Debit Card,Female,3,1,Laptop & Accessory,4,Married,4,0,27,9,5,11,442
C006249,7,Mobile Phone,1,41,UPI,Male,1,1,Mobile Phone,2,Single,3,0,5,1,6,8,396
C006250,28,Mobile Phone,2,13,Cash on Delivery,Female,5,6,Grocery,1,Single,5,0,28,7,9,12,62
C006251,9,Mobile Phone,2,9,Cash on Delivery,Male,2,4,Others,2,Single,5,0,27,4,12,26,346
C006252,28,Computer,2,28,Credit Card,Female,3,6,Others,2,Single,4,0,5,0,6,7,455
C006253,6,Mobile Phone,1,31,Debit Card,Female,4,3,Fashion,2,Married,2,0,13,4,14,9,444
C006254,29,Mobile Phone,2,34,Cash on Delivery,Male,5,1,Others,1,Divorced,5,0,27,6,1,30,196
C006255,58,Computer,1,19,Credit Card,Male,1,5,Mobile Phone,4,Married,3,0,23,7,14,4,265
C006256,17,Mobile Phone,2,13,Credit Card,Male,5,6,Mobile Phone,3,Married,1,0,12,6,2,11,295
C006257,16,Mobile Phone,2,50,UPI,Female,4,4,Fashion,5,Single,7,1,8,1,6,0,101
C006258,23,Computer,2,41,Debit Card,Female,1,4,Others,1,Married,5,0,19,0,11,18,290
C006259,31,Computer,3,34,Credit Card,Male,5,1,Others,4,Married,4,0,28,6,7,11,398
C006260,3,Mobile Phone,3,19,Credit Card,Female,4,3,Laptop & Accessory,2,Single,6,1,5,8,9,17,458
C006261,21,Mobile Phone,3,24,Credit Card,Female,5,5,Fashion,3,Married,4,1,0,6,3,14,334
C006262,26,Mobile Phone,3,29,Debit Card,Female,3,1,Laptop & Accessory,5,Single,3,1,28,7,8,3,111
C006263,36,Mobile Phone,3,13,UPI,Female,5,1,Mobile Phone,5,Single,4,0,4,4,14,8,441
C006264,42,Mobile Phone,3,49,E wallet,Female,4,6,Fashion,1,Married,2,1,17,5,15,8,478
C006265,37,Computer,3,26,Cash on Delivery,Male,2,2,Laptop & Accessory,2,Married,5,0,24,9,15,8,59
C006266,53,Computer,2,17,Debit Card,Male,4,6,Mobile Phone,2,Married,5,0,11,3,13,8,319
C006267,22,Computer,1,41,Debit Card,Female,5,1,Others,3,Married,5,0,21,6,6,27,108
C006268,42,Mobile Phone,1,32,Debit Card,Male,3,5,Fashion,5,Single,2,0,28,6,1,12,288
C006269,12,Computer,3,18,E wallet,Female,2,2,Laptop & Accessory,1,Divorced,2,0,25,7,14,18,73
C006270,42,Mobile Phone,2,34,Cash on Delivery,Female,4,3,Grocery,2,Married,5,0,7,0,1,18,193
C006271,13,Mobile Phone,3,43,Cash on Delivery,Male,2,3,Others,5,Married,5,0,10,5,14,6,124
C006272,11,Mobile Phone,1,9,Credit Card,Female,3,1,Laptop & Accessory,5,Married,4,0,6,10,15,23,355
C006273,54,Mobile Phone,1,16,Credit Card,Male,1,5,Laptop & Accessory,4,Single,7,1,5,4,10,5,292
C006274,16,Computer,2,39,UPI,Male,2,3,Fashion,3,Divorced,1,0,7,6,1,28,79
C006275,8,Mobile Phone,3,45,Debit Card,Male,4,5,Grocery,2,Divorced,7,0,2,8,4,1,357
C006276,40,Mobile Phone,1,46,UPI,Male,3,6,Others,4,Single,2,0,25,8,3,25,179
C006277,59,Tablet,3,5,Debit Card,Female,4,6,Others,3,Single,4,0,0,2,5,9,467
C006278,57,Mobile Phone,3,50,Cash on Delivery,Female,3,5,Fashion,4,Divorced,5,0,26,7,6,4,156
C006279,40,Computer,1,5,UPI,Female,4,2,Fashion,2,Single,6,0,27,3,4,23,448
C006280,45,Mobile Phone,1,46,Cash on Delivery,Female,3,1,Fashion,1,Married,5,1,15,4,12,6,85
C006281,59,Mobile Phone,1,47,Credit Card,Female,5,5,Grocery,4,Single,7,0,30,2,1,11,62
C006282,2,Computer,1,24,Cash on Delivery,Male,4,5,Fashion,4,Married,7,1,22,8,4,10,310
C006283,30,Mobile Phone,2,38,E wallet,Female,3,6,Grocery,5,Married,5,0,9,4,7,6,468
C006284,30,Mobile Phone,1,38,UPI,Male,1,5,Grocery,2,Divorced,7,0,20,6,13,22,290
C006285,12,Mobile Phone,1,28,Debit Card,Female,3,1,Mobile Phone,4,Married,1,1,17,0,6,6,220
C006286,10,Mobile Phone,3,32,Cash on Delivery,Female,1,2,Fashion,1,Single,2,0,19,2,12,3,428
C006287,44,Mobile Phone,2,15,UPI,Male,2,6,Fashion,4,Married,6,0,15,1,12,2,399
C006288,11,Mobile Phone,2,12,Debit Card,Female,3,5,Others,3,Single,7,0,9,9,1,2,441
C006289,15,Mobile Phone,1,39,UPI,Female,2,4,Fashion,1,Married,6,0,27,9,3,15,312
C006290,16,Computer,3,45,UPI,Male,2,6,Grocery,1,Single,7,0,11,9,11,9,125
C006291,17,Mobile Phone,3,20,E wallet,Male,5,2,Fashion,4,Single,5,0,25,7,10,22,354
C006292,26,Mobile Phone,2,20,Cash on Delivery,Female,3,1,Laptop & Accessory,4,Married,4,1,14,7,11,0,320
C006293,2,Mobile Phone,3,46,E wallet,Female,5,3,Others,5,Single,3,0,1,1,8,29,111
C006294,50,Computer,3,10,Credit Card,Male,5,5,Laptop & Accessory,2,Married,3,1,17,7,12,1,196
C006295,12,Computer,2,24,UPI,Female,2,4,Grocery,5,Single,1,0,20,5,10,8,216
C006296,51,Computer,2,15,Cash on Delivery,Male,4,3,Laptop & Accessory,3,Married,6,0,28,9,2,2,178
C006297,26,Computer,1,12,Credit Card,Male,2,6,Grocery,2,Married,2,1,29,4,1,29,143
C006298,23,Mobile Phone,1,24,Credit Card,Female,2,3,Others,5,Married,2,1,11,2,10,27,450
C006299,18,Mobile Phone,1,36,E wallet,Male,1,5,Mobile Phone,5,Married,7,1,10,3,1,8,414
C006300,32,Mobile Phone,1,37,Credit Card,Female,4,5,Laptop & Accessory,4,Single,1,0,22,2,7,14,296
C006301,49,Mobile Phone,1,10,Debit Card,Female,2,3,Others,5,Married,6,0,9,4,7,27,201
C006302,38,Mobile Phone,3,32,Debit Card,Male,4,4,Mobile Phone,4,Married,3,1,5,10,13,19,334
C006303,57,Mobile Phone,1,12,Debit Card,Female,1,2,Grocery,1,Single,3,0,26,9,10,6,474
C006304,47,Tablet,3,18,Credit Card,Female,4,5,Grocery,2,Single,7,0,16,9,1,3,111
C006305,3,Computer,2,7,UPI,Female,3,5,Mobile Phone,4,Married,5,0,16,4,13,15,268
C006306,38,Mobile Phone,1,6,Cash on Delivery,Male,1,1,Others,5,Married,4,0,25,9,15,2,412
C006307,3,Computer,2,26,Debit Card,Male,4,5,Mobile Phone,4,Single,5,1,16,3,5,13,397
C006308,30,Mobile Phone,1,37,Debit Card,Female,5,1,Laptop & Accessory,1,Single,7,0,2,1,8,19,60
C006309,1,Mobile Phone,3,47,Debit Card,Female,4,3,Mobile Phone,3,Single,6,0,0,4,9,3,281
C006310,30,Mobile Phone,3,25,E wallet,Male,1,4,Fashion,3,Single,7,0,9,8,8,5,310
C006311,45,Mobile Phone,1,10,E wallet,Male,5,1,Laptop & Accessory,1,Married,2,0,3,0,10,27,479
C006312,32,Mobile Phone,3,44,Debit Card,Female,4,1,Others,5,Married,7,0,4,3,8,13,324
C006313,28,Computer,2,11,Debit Card,Female,4,2,Laptop & Accessory,2,Single,5,1,28,4,5,26,425
C006314,21,Mobile Phone,1,10,E wallet,Female,1,3,Grocery,2,Divorced,2,0,12,8,15,2,169
C006315,58,Mobile Phone,2,48,Cash on Delivery,Male,5,1,Grocery,4,Single,5,0,27,1,3,23,163
C006316,46,Mobile Phone,2,12,UPI,Male,5,1,Grocery,3,Single,4,0,30,9,11,27,288
C006317,13,Mobile Phone,1,28,Cash on Delivery,Male,4,3,Laptop & Accessory,1,Divorced,5,1,16,10,2,16,269
C006318,27,Computer,3,31,UPI,Female,3,5,Grocery,5,Single,5,1,20,6,5,6,171
C006319,36,Mobile Phone,1,32,Credit Card,Male,1,4,Others,1,Divorced,5,0,2,0,7,15,419
C006320,7,Tablet,2,9,Credit Card,Female,1,6,Others,3,Married,2,0,16,7,14,14,488
C006321,22,Tablet,1,23,Cash on Delivery,Male,2,6,Laptop & Accessory,1,Single,5,0,3,1,1,24,478
C006322,10,Mobile Phone,3,13,E wallet,Male,5,3,Mobile Phone,1,Married,6,0,13,0,2,6,237
C006323,39,Mobile Phone,3,29,Debit Card,Female,5,6,Mobile Phone,1,Married,7,1,4,3,3,23,141
C006324,53,Computer,1,48,Credit Card,Male,2,2,Others,4,Married,3,0,0,8,14,22,440
C006325,15,Tablet,1,49,E wallet,Female,4,6,Laptop & Accessory,5,Single,3,0,11,3,6,10,354
C006326,15,Mobile Phone,1,17,E wallet,Male,4,2,Others,2,Married,7,0,1,4,5,16,346
C006327,4,Computer,3,41,UPI,Male,1,4,Grocery,5,Divorced,4,0,5,10,3,3,213
C006328,32,Computer,1,6,Credit Card,Male,4,2,Grocery,3,Single,7,0,12,1,12,14,490
C006329,23,Mobile Phone,3,44,Cash on Delivery,Female,3,3,Others,2,Single,1,1,30,9,12,9,204
C006330,55,Mobile Phone,3,18,E wallet,Male,3,5,Grocery,4,Single,7,1,1,9,1,28,391
C006331,6,Computer,2,35,Cash on Delivery,Male,3,6,Fashion,2,Single,5,0,17,1,1,11,352
C006332,24,Mobile Phone,1,10,Cash on Delivery,Female,2,2,Fashion,2,Single,5,0,7,8,9,23,103
C006333,20,Mobile Phone,1,29,Credit Card,Male,3,3,Fashion,2,Single,2,0,28,5,14,21,217
C006334,58,Mobile Phone,2,43,Cash on Delivery,Male,2,2,Mobile Phone,1,Married,1,0,10,5,15,6,457
C006335,37,Mobile Phone,2,50,Cash on Delivery,Female,1,1,Mobile Phone,3,Single,6,0,23,7,8,28,492
C006336,20,Mobile Phone,2,35,Debit Card,Male,1,1,Laptop & Accessory,4,Divorced,1,1,9,2,5,25,214
C006337,12,Computer,2,42,Cash on Delivery,Male,3,5,Mobile Phone,3,Married,7,0,3,10,9,27,265
C006338,33,Mobile Phone,1,20,Debit Card,Female,2,6,Others,1,Single,5,0,18,5,6,20,318
C006339,28,Mobile Phone,3,31,Credit Card,Male,3,1,Laptop & Accessory,4,Single,5,1,1,10,11,27,120
C006340,8,Mobile Phone,1,34,Cash on Delivery,Male,4,1,Laptop & Accessory,1,Married,5,1,23,6,2,28,453
C006341,1,Mobile Phone,2,8,E wallet,Female,2,2,Others,4,Married,1,1,1,0,4,17,331
C006342,37,Mobile Phone,3,43,Cash on Delivery,Male,2,2,Fashion,4,Married,3,1,28,0,1,30,155
C006343,22,Mobile Phone,1,20,Debit Card,Male,2,4,Mobile Phone,5,Single,6,0,12,5,6,15,297
C006344,6,Mobile Phone,2,40,E wallet,Male,2,5,Laptop & Accessory,1,Divorced,2,0,30,5,1,8,142
C006345,21,Mobile Phone,3,11,Credit Card,Female,4,1,Fashion,3,Single,3,0,7,7,8,4,395
C006346,32,Mobile Phone,2,25,UPI,Female,3,4,Grocery,1,Single,6,0,0,1,2,18,105
C006347,35,Mobile Phone,1,6,UPI,Female,1,2,Fashion,1,Married,7,1,13,8,2,20,145
C006348,15,Computer,1,12,Debit Card,Female,5,6,Fashion,1,Married,6,0,15,9,1,24,89
C006349,5,Mobile Phone,1,46,Credit Card,Male,5,4,Mobile Phone,5,Married,5,0,12,6,7,29,361
C006350,60,Mobile Phone,1,31,Credit Card,Male,2,1,Grocery,5,Single,1,0,20,0,10,24,281
C006351,56,Computer,3,6,Cash on Delivery,Female,2,4,Laptop & Accessory,5,Single,3,1,14,2,9,29,164
C006352,46,Mobile Phone,2,10,UPI,Female,1,3,Others,5,Single,1,0,14,4,14,23,366
C006353,50,Mobile Phone,1,8,Cash on Delivery,Female,5,5,Laptop & Accessory,1,Married,5,0,24,7,12,20,194
C006354,48,Mobile Phone,3,25,Credit Card,Male,2,1,Mobile Phone,3,Married,7,1,26,10,11,17,107
C006355,6,Mobile Phone,2,5,Debit Card,Male,4,3,Laptop & Accessory,2,Married,3,0,5,6,15,30,497
C006356,25,Computer,1,42,Debit Card,Male,5,6,Mobile Phone,1,Married,7,0,6,1,8,22,432
C006357,56,Computer,1,16,E wallet,Male,4,4,Mobile Phone,3,Single,1,0,29,6,13,2,210
C006358,46,Mobile Phone,1,31,Debit Card,Female,1,6,Laptop & Accessory,2,Married,4,0,16,6,2,9,105
C006359,59,Mobile Phone,3,18,UPI,Male,1,1,Others,2,Single,7,1,28,7,6,22,148
C006360,56,Mobile Phone,2,19,E wallet,Male,5,4,Others,5,Married,3,0,10,4,4,24,280
C006361,40,Computer,3,28,UPI,Female,3,5,Laptop & Accessory,2,Married,2,1,23,5,14,25,475
C006362,29,Computer,1,22,Cash on Delivery,Female,5,6,Grocery,3,Married,1,0,5,3,4,7,464
C006363,7,Mobile Phone,3,21,Cash on Delivery,Male,4,6,Fashion,5,Single,7,1,16,1,10,15,224
C006364,40,Mobile Phone,1,13,Debit Card,Male,3,5,Others,1,Single,6,1,16,2,4,19,453
C006365,13,Mobile Phone,3,22,E wallet,Male,4,2,Mobile Phone,1,Divorced,5,0,21,8,1,5,476
C006366,38,Mobile Phone,3,22,UPI,Female,4,3,Others,5,Married,5,1,24,1,13,1,412
C006367,18,Mobile Phone,1,9,UPI,Female,4,5,Grocery,5,Single,3,1,28,7,9,28,193
C006368,2,Mobile Phone,3,13,Credit Card,Female,2,3,Laptop & Accessory,2,Married,6,0,9,7,2,23,189
C006369,8,Mobile Phone,3,39,Debit Card,Female,3,4,Grocery,2,Single,5,0,8,5,1,3,408
C006370,11,Computer,3,48,Cash on Delivery,Female,2,3,Fashion,3,Married,6,0,2,8,10,14,177
C006371,33,Tablet,1,50,Credit Card,Male,2,6,Others,5,Married,4,0,12,8,6,4,194
C006372,54,Mobile Phone,2,5,Cash on Delivery,Male,4,1,Mobile Phone,1,Single,2,0,26,6,6,24,370
C006373,38,Mobile Phone,3,45,Cash on Delivery,Male,1,2,Mobile Phone,3,Single,3,0,25,2,15,21,495
C006374,48,Computer,3,13,UPI,Male,5,3,Grocery,1,Married,3,0,29,3,15,25,248
C006375,27,Mobile Phone,1,36,Cash on Delivery,Male,1,3,Laptop & Accessory,1,Single,5,0,13,6,2,14,292
C006376,20,Mobile Phone,3,24,E wallet,Male,4,5,Fashion,3,Married,6,0,2,1,12,7,364
C006377,12,Mobile Phone,1,17,Cash on Delivery,Male,5,1,Laptop & Accessory,1,Single,1,0,0,2,2,6,379
C006378,43,Mobile Phone,3,44,E wallet,Female,5,5,Others,5,Married,5,0,7,1,6,9,265
C006379,31,Mobile Phone,1,15,Cash on Delivery,Male,4,3,Grocery,5,Single,1,0,7,6,3,27,436
C006380,27,Mobile Phone,1,50,Credit Card,Female,2,4,Grocery,3,Single,5,1,29,3,11,11,147
C006381,32,Mobile Phone,2,47,UPI,Male,5,5,Mobile Phone,1,Single,7,0,2,7,4,15,429
C006382,10,Mobile Phone,2,46,Credit Card,Male,5,5,Others,1,Married,1,1,26,2,10,2,83
C006383,3,Mobile Phone,2,30,UPI,Female,5,1,Mobile Phone,2,Single,6,0,22,9,7,22,392
C006384,45,Mobile Phone,2,44,Credit Card,Female,5,6,Laptop & Accessory,4,Married,7,0,23,8,13,1,276
C006385,27,Computer,1,15,Debit Card,Male,3,5,Grocery,3,Single,7,0,12,10,5,2,448
C006386,35,Mobile Phone,1,29,Cash on Delivery,Male,2,5,Grocery,1,Single,1,0,5,6,14,1,114
C006387,31,Mobile Phone,3,44,Cash on Delivery,Male,3,2,Fashion,3,Married,4,0,2,0,13,29,487
C006388,15,Mobile Phone,1,29,Debit Card,Male,3,3,Laptop & Accessory,2,Single,7,0,3,6,1,28,113
C006389,16,Mobile Phone,2,24,Debit Card,Male,4,1,Others,3,Divorced,6,1,27,1,7,24,314
C006390,13,Mobile Phone,2,46,E wallet,Female,2,5,Fashion,5,Married,4,0,12,3,5,27,357
C006391,49,Computer,3,15,Credit Card,Female,1,6,Grocery,1,Single,4,0,11,7,2,11,250
C006392,35,Mobile Phone,2,48,Cash on Delivery,Female,2,6,Others,2,Single,5,0,22,2,15,8,353
C006393,52,Mobile Phone,1,14,E wallet,Male,1,3,Mobile Phone,5,Single,6,0,12,1,6,2,290
C006394,11,Computer,3,7,Cash on Delivery,Male,5,1,Laptop & Accessory,4,Single,2,0,22,9,4,9,324
C006395,59,Mobile Phone,3,43,Debit Card,Female,1,6,Mobile Phone,4,Single,4,0,2,3,4,15,140
C006396,21,Mobile Phone,2,31,E wallet,Female,1,5,Grocery,3,Single,3,0,30,10,5,23,105
C006397,51,Mobile Phone,3,39,E wallet,Male,1,4,Fashion,1,Married,2,0,5,3,1,27,124
C006398,54,Mobile Phone,2,44,E wallet,Male,5,6,Mobile Phone,4,Single,3,0,20,2,10,1,153
C006399,11,Computer,2,35,Credit Card,Male,5,2,Grocery,2,Married,4,0,23,5,10,1,140
C006400,30,Mobile Phone,1,25,E wallet,Male,3,1,Mobile Phone,1,Single,3,1,11,9,8,18,263
C006401,60,Mobile Phone,2,26,Cash on Delivery,Male,1,4,Laptop & Accessory,2,Divorced,7,0,8,4,5,10,127
C006402,48,Computer,1,23,Credit Card,Female,2,1,Mobile Phone,2,Married,5,0,0,2,6,23,455
C006403,53,Mobile Phone,1,18,Cash on Delivery,Female,4,1,Laptop & Accessory,2,Single,3,1,19,9,1,17,311
C006404,35,Mobile Phone,1,41,E wallet,Male,3,2,Laptop & Accessory,4,Divorced,2,0,23,5,1,15,267
C006405,22,Mobile Phone,1,49,E wallet,Male,1,4,Others,3,Single,4,0,16,7,8,25,244
C006406,38,Mobile Phone,1,27,Cash on Delivery,Male,3,5,Fashion,4,Single,3,0,4,3,14,24,307
C006407,31,Tablet,2,30,UPI,Male,1,3,Mobile Phone,4,Divorced,3,1,19,6,10,20,422
C006408,14,Computer,1,47,E wallet,Male,1,4,Grocery,3,Single,3,0,25,6,9,18,279
C006409,24,Mobile Phone,3,48,E wallet,Male,3,6,Others,5,Married,6,0,10,4,14,7,468
C006410,50,Mobile Phone,1,44,Credit Card,Male,1,1,Fashion,2,Divorced,3,0,17,3,5,25,137
C006411,49,Mobile Phone,2,16,Cash on Delivery,Male,1,6,Others,5,Married,2,0,23,6,12,6,136
C006412,32,Mobile Phone,1,5,E wallet,Female,4,4,Mobile Phone,2,Married,6,0,6,5,12,27,181
C006413,36,Mobile Phone,1,38,Cash on Delivery,Male,2,3,Mobile Phone,5,Married,1,0,20,6,15,17,143
C006414,32,Mobile Phone,1,48,Credit Card,Female,5,6,Mobile Phone,2,Married,5,0,27,4,9,7,144
C006415,55,Computer,2,23,Cash on Delivery,Female,4,4,Fashion,3,Divorced,4,0,6,10,4,11,108
C006416,15,Computer,3,27,Cash on Delivery,Male,5,3,Others,3,Married,1,0,7,7,4,18,63
C006417,43,Mobile Phone,1,11,Credit Card,Male,5,2,Grocery,3,Married,6,0,22,4,5,3,290
C006418,58,Mobile Phone,1,11,E wallet,Female,2,1,Others,1,Married,5,0,6,6,2,20,361
C006419,35,Mobile Phone,1,5,Cash on Delivery,Male,4,5,Fashion,2,Married,3,0,10,4,5,12,351
C006420,3,Computer,3,22,UPI,Male,1,4,Laptop & Accessory,3,Married,1,0,23,10,1,0,464
C006421,16,Computer,3,12,E wallet,Male,2,2,Laptop & Accessory,5,Single,5,0,15,10,9,23,370
C006422,5,Computer,1,29,Credit Card,Female,1,6,Laptop & Accessory,1,Single,5,0,22,5,10,17,278
C006423,21,Mobile Phone,1,46,Debit Card,Male,1,4,Grocery,1,Married,1,0,17,7,7,5,222
C006424,10,Mobile Phone,3,33,UPI,Female,1,2,Fashion,3,Single,3,0,23,2,12,20,92
C006425,19,Mobile Phone,1,27,E wallet,Male,1,3,Fashion,4,Divorced,3,0,12,9,9,30,449
C006426,25,Mobile Phone,2,33,Credit Card,Male,4,2,Laptop & Accessory,3,Married,6,0,29,10,2,11,131
C006427,4,Mobile Phone,1,5,UPI,Female,5,6,Fashion,4,Single,4,0,7,6,6,11,390
C006428,29,Mobile Phone,2,19,E wallet,Female,5,6,Fashion,3,Single,5,1,12,0,8,26,287
C006429,19,Mobile Phone,3,19,Debit Card,Female,4,3,Mobile Phone,2,Married,4,0,22,4,2,25,377
C006430,43,Mobile Phone,3,32,E wallet,Male,5,2,Grocery,5,Single,6,0,8,7,5,8,358
C006431,2,Mobile Phone,3,40,Debit Card,Male,2,4,Fashion,4,Married,3,1,7,8,2,1,491
C006432,10,Mobile Phone,2,46,Debit Card,Female,1,5,Laptop & Accessory,4,Single,6,0,14,0,5,0,342
C006433,43,Mobile Phone,2,44,Cash on Delivery,Female,1,1,Others,1,Married,5,0,18,2,7,18,70
C006434,25,Mobile Phone,1,36,Credit Card,Male,1,6,Others,4,Married,4,0,18,0,11,1,297
C006435,20,Mobile Phone,3,50,Cash on Delivery,Male,3,5,Grocery,2,Married,4,0,9,8,1,19,85
C006436,48,Mobile Phone,2,17,Debit Card,Male,2,2,Fashion,5,Single,4,0,2,10,12,22,105
C006437,19,Mobile Phone,2,25,Credit Card,Male,3,3,Mobile Phone,4,Divorced,7,0,9,9,1,4,84
C006438,23,Tablet,1,43,Credit Card,Male,4,6,Fashion,1,Single,6,0,11,7,1,3,476
C006439,24,Mobile Phone,2,42,Credit Card,Female,3,6,Laptop & Accessory,5,Single,5,0,7,10,12,16,375
C006440,11,Mobile Phone,3,13,UPI,Male,5,4,Fashion,4,Single,7,0,11,3,12,28,270
C006441,46,Mobile Phone,2,24,E wallet,Male,5,1,Others,2,Married,2,0,11,1,5,11,277
C006442,34,Computer,1,24,Debit Card,Male,2,1,Others,2,Single,2,0,25,3,12,21,163
C006443,55,Mobile Phone,1,12,Credit Card,Female,3,4,Grocery,5,Married,3,0,23,9,5,12,178
C006444,28,Mobile Phone,1,18,UPI,Female,3,2,Laptop & Accessory,1,Divorced,5,0,6,1,13,7,96
C006445,5,Mobile Phone,3,24,UPI,Male,1,1,Grocery,2,Married,5,0,21,9,13,24,448
C006446,59,Computer,3,39,Debit Card,Male,2,4,Fashion,3,Single,1,0,13,0,10,4,314
C006447,5,Computer,3,49,Cash on Delivery,Female,1,2,Mobile Phone,3,Single,4,0,1,7,14,27,381
C006448,51,Mobile Phone,2,25,UPI,Male,2,4,Grocery,4,Single,3,1,3,9,1,29,58
C006449,21,Computer,2,45,Debit Card,Female,2,1,Others,2,Married,5,1,19,0,9,8,440
C006450,12,Computer,2,45,UPI,Female,3,5,Laptop & Accessory,3,Single,1,0,15,10,10,16,126
C006451,50,Mobile Phone,2,26,Debit Card,Female,1,1,Fashion,4,Single,1,0,14,10,8,18,130
C006452,4,Mobile Phone,2,47,Credit Card,Male,4,1,Laptop & Accessory,4,Divorced,5,0,18,1,14,14,219
C006453,54,Mobile Phone,2,10,Cash on Delivery,Female,1,5,Laptop & Accessory,4,Married,3,0,10,9,12,25,246
C006454,49,Computer,2,48,UPI,Male,4,2,Laptop & Accessory,1,Single,3,0,1,0,13,6,311
C006455,42,Mobile Phone,1,31,UPI,Female,5,6,Others,4,Divorced,2,1,8,3,6,21,217
C006456,20,Tablet,1,8,UPI,Female,2,6,Mobile Phone,1,Married,2,1,5,1,2,24,204
C006457,38,Mobile Phone,3,8,E wallet,Female,1,4,Grocery,3,Single,3,0,15,1,6,20,343
C006458,25,Mobile Phone,3,32,E wallet,Female,2,2,Others,4,Married,1,0,8,0,8,27,377
C006459,14,Computer,2,31,Credit Card,Female,1,2,Mobile Phone,3,Single,6,0,18,4,5,25,434
C006460,11,Mobile Phone,1,21,UPI,Male,5,4,Fashion,2,Single,2,0,30,9,3,6,148
C006461,32,Mobile Phone,3,43,Cash on Delivery,Female,1,2,Grocery,1,Married,1,0,23,10,9,3,178
C006462,11,Mobile Phone,2,42,E wallet,Female,5,6,Mobile Phone,3,Divorced,2,0,20,4,9,25,63
C006463,18,Mobile Phone,2,33,Debit Card,Male,2,3,Fashion,4,Married,1,0,0,0,1,25,170
C006464,27,Mobile Phone,2,44,Debit Card,Male,3,6,Grocery,3,Married,4,0,9,2,7,6,454
C006465,55,Mobile Phone,2,11,Debit Card,Female,4,1,Fashion,4,Single,5,0,14,8,5,2,228
C006466,54,Mobile Phone,2,12,Credit Card,Male,2,3,Others,5,Married,3,0,20,0,12,17,163
C006467,18,Tablet,3,45,UPI,Female,3,4,Fashion,1,Single,4,0,17,9,15,17,360
C006468,56,Tablet,1,37,UPI,Female,2,6,Laptop & Accessory,2,Married,3,1,18,4,1,16,159
C006469,23,Mobile Phone,1,36,E wallet,Female,2,5,Others,3,Married,7,0,5,4,9,25,109
C006470,11,Computer,1,39,Debit Card,Male,1,5,Fashion,3,Married,6,1,9,3,7,1,323
C006471,21,Mobile Phone,1,22,Credit Card,Female,5,4,Others,5,Single,1,0,16,5,5,18,396
C006472,44,Mobile Phone,1,47,Cash on Delivery,Male,5,6,Grocery,4,Single,2,1,27,7,4,13,381
C006473,5,Mobile Phone,1,20,UPI,Female,1,6,Laptop & Accessory,2,Single,2,0,17,8,1,4,148
C006474,23,Tablet,1,22,UPI,Female,1,4,Laptop & Accessory,4,Single,7,0,16,6,5,21,471
C006475,41,Computer,1,42,Credit Card,Male,2,2,Fashion,4,Single,2,0,27,0,8,2,433
C006476,59,Mobile Phone,1,29,E wallet,Female,5,1,Grocery,3,Divorced,7,0,25,2,9,8,469
C006477,25,Mobile Phone,1,38,Credit Card,Female,2,3,Others,3,Married,5,0,4,1,8,17,305
C006478,41,Mobile Phone,2,8,E wallet,Male,3,4,Fashion,3,Divorced,5,0,9,8,2,15,441
C006479,54,Mobile Phone,2,9,UPI,Male,3,5,Mobile Phone,1,Married,6,0,1,8,6,19,408
C006480,10,Mobile Phone,1,18,E wallet,Female,1,1,Fashion,1,Single,3,0,17,9,7,20,248
C006481,22,Mobile Phone,2,5,E wallet,Female,5,1,Mobile Phone,3,Single,2,1,28,3,8,26,308
C006482,19,Computer,3,26,E wallet,Male,3,2,Laptop & Accessory,4,Single,4,0,25,4,7,16,57
C006483,1,Mobile Phone,3,50,E wallet,Female,5,5,Fashion,2,Married,3,1,30,1,10,13,335
C006484,7,Computer,1,25,Debit Card,Female,5,1,Fashion,2,Single,5,1,20,5,1,28,345
C006485,4,Mobile Phone,3,17,Debit Card,Male,4,5,Laptop & Accessory,4,Single,5,0,25,3,5,0,89
C006486,1,Mobile Phone,1,40,Debit Card,Male,3,3,Others,5,Married,2,0,22,9,5,19,92
C006487,15,Computer,1,33,Debit Card,Female,3,5,Fashion,4,Single,5,0,19,6,13,4,397
C006488,40,Computer,1,42,Credit Card,Male,2,1,Grocery,2,Married,1,1,27,1,12,8,412
C006489,12,Mobile Phone,1,13,Cash on Delivery,Male,2,6,Laptop & Accessory,5,Single,5,1,28,3,3,10,52
C006490,22,Mobile Phone,2,37,E wallet,Male,5,5,Others,5,Married,6,0,19,2,14,20,132
C006491,22,Computer,2,26,Credit Card,Female,1,5,Laptop & Accessory,2,Married,2,1,9,6,6,14,196
C006492,50,Mobile Phone,2,21,Debit Card,Female,2,6,Laptop & Accessory,5,Married,3,1,16,10,13,3,326
C006493,47,Mobile Phone,1,27,E wallet,Male,2,5,Others,1,Married,5,1,16,8,6,2,413
C006494,17,Mobile Phone,1,40,Cash on Delivery,Male,5,1,Others,3,Married,4,0,17,4,8,17,272
C006495,29,Computer,1,10,E wallet,Female,3,3,Others,5,Married,7,0,19,4,5,9,330
C006496,46,Computer,1,43,UPI,Female,2,5,Grocery,5,Divorced,4,0,2,1,1,28,290
C006497,14,Computer,3,33,UPI,Female,1,3,Mobile Phone,1,Single,1,1,23,3,13,8,270
C006498,50,Mobile Phone,3,31,Credit Card,Female,5,1,Laptop & Accessory,1,Single,3,0,0,10,3,17,322
C006499,20,Mobile Phone,3,9,Cash on Delivery,Male,3,4,Fashion,4,Married,1,1,27,4,14,1,176
C006500,50,Mobile Phone,2,13,Credit Card,Male,4,5,Mobile Phone,2,Married,6,0,21,10,9,7,454
C006501,48,Computer,2,28,E wallet,Female,1,3,Fashion,4,Married,1,0,21,9,7,26,499
C006502,33,Mobile Phone,1,23,Cash on Delivery,Female,3,5,Fashion,2,Single,2,0,7,10,5,1,93
C006503,55,Mobile Phone,2,37,Credit Card,Male,5,2,Fashion,1,Single,2,0,20,2,14,24,445
C006504,59,Mobile Phone,2,34,E wallet,Female,4,2,Grocery,3,Married,2,0,27,5,11,10,231
C006505,43,Mobile Phone,3,44,Debit Card,Female,1,1,Grocery,2,Married,4,0,16,6,1,11,430
C006506,15,Computer,2,8,E wallet,Male,2,6,Mobile Phone,2,Single,5,1,22,8,12,9,308
C006507,12,Mobile Phone,1,36,Credit Card,Male,2,3,Others,1,Single,3,1,2,0,4,0,414
C006508,40,Tablet,3,5,Cash on Delivery,Female,1,3,Grocery,5,Single,7,0,2,6,15,16,364
C006509,54,Mobile Phone,3,38,Cash on Delivery,Female,2,6,Laptop & Accessory,4,Married,2,0,24,1,8,28,496
C006510,20,Computer,2,25,Debit Card,Female,5,6,Mobile Phone,3,Single,3,0,17,7,15,13,405
C006511,30,Computer,2,35,Credit Card,Male,1,5,Laptop & Accessory,2,Single,1,0,16,3,1,3,369
C006512,38,Mobile Phone,1,18,Debit Card,Female,1,2,Fashion,5,Married,7,1,12,4,8,19,142
C006513,3,Tablet,2,30,UPI,Male,2,5,Laptop & Accessory,1,Married,6,0,19,9,15,24,293
C006514,28,Mobile Phone,1,26,E wallet,Female,1,5,Grocery,2,Single,5,0,24,3,6,19,423
C006515,56,Computer,1,38,UPI,Female,4,6,Laptop & Accessory,5,Married,4,0,28,7,11,29,396
C006516,26,Computer,2,37,UPI,Male,1,1,Fashion,4,Single,7,0,14,4,11,22,358
C006517,30,Computer,1,17,Debit Card,Male,2,4,Fashion,1,Married,3,0,17,10,10,21,299
C006518,13,Mobile Phone,2,36,Debit Card,Female,2,1,Grocery,5,Divorced,5,0,10,10,2,4,384
C006519,13,Mobile Phone,3,12,E wallet,Male,2,1,Mobile Phone,5,Single,3,0,9,10,13,7,61
C006520,2,Mobile Phone,1,26,Debit Card,Female,2,1,Others,2,Married,1,0,30,2,14,29,416
C006521,37,Mobile Phone,2,45,Debit Card,Male,5,5,Mobile Phone,4,Single,2,0,8,7,7,15,288
C006522,49,Computer,2,24,Debit Card,Male,2,5,Others,1,Divorced,1,0,18,4,2,14,373
C006523,38,Computer,1,25,Debit Card,Female,4,5,Grocery,1,Married,3,0,7,0,1,12,65
C006524,2,Computer,2,38,Debit Card,Male,1,5,Grocery,4,Married,4,0,15,9,11,27,150
C006525,36,Mobile Phone,2,34,UPI,Female,3,6,Grocery,3,Married,3,0,7,8,7,28,364
C006526,54,Computer,2,10,UPI,Male,3,2,Fashion,2,Single,6,0,27,4,8,13,67
C006527,26,Computer,3,39,E wallet,Male,5,3,Mobile Phone,5,Single,7,1,16,5,11,11,322
C006528,11,Computer,2,31,Cash on Delivery,Female,3,2,Others,2,Single,4,0,5,1,7,13,248
C006529,8,Mobile Phone,3,24,E wallet,Female,2,3,Mobile Phone,4,Married,4,0,23,9,9,3,308
C006530,44,Mobile Phone,2,42,Credit Card,Male,3,5,Others,5,Married,7,0,14,9,7,7,214
C006531,40,Mobile Phone,1,44,E wallet,Female,4,2,Laptop & Accessory,3,Married,3,0,2,3,7,18,90
C006532,43,Mobile Phone,2,18,E wallet,Female,2,3,Mobile Phone,4,Married,3,0,24,1,4,30,147
C006533,22,Mobile Phone,1,14,Debit Card,Female,3,4,Laptop & Accessory,2,Married,4,0,19,4,2,24,175
C006534,20,Tablet,2,46,Debit Card,Female,2,1,Grocery,5,Single,3,0,0,1,9,17,70
C006535,8,Mobile Phone,2,19,Debit Card,Male,5,3,Fashion,1,Married,5,0,4,1,13,12,494
C006536,29,Mobile Phone,2,44,Cash on Delivery,Female,4,6,Fashion,5,Single,4,0,17,5,4,14,56
C006537,40,Mobile Phone,1,47,Debit Card,Male,1,2,Mobile Phone,5,Single,6,0,24,2,14,16,456
C006538,26,Computer,2,7,Credit Card,Female,2,2,Laptop & Accessory,4,Married,7,0,5,3,9,15,437
C006539,30,Computer,1,19,UPI,Female,4,4,Laptop & Accessory,3,Single,4,0,22,3,2,20,72
C006540,17,Computer,2,49,Credit Card,Female,5,3,Others,5,Single,3,0,22,5,4,17,79
C006541,20,Mobile Phone,3,35,Cash on Delivery,Female,5,1,Mobile Phone,5,Married,1,0,13,10,14,3,359
C006542,52,Mobile Phone,3,15,Debit Card,Male,4,2,Mobile Phone,3,Married,5,0,21,0,5,24,380
C006543,55,Computer,1,50,E wallet,Female,3,5,Laptop & Accessory,3,Single,3,0,28,5,15,1,74
C006544,16,Mobile Phone,2,43,UPI,Female,4,6,Laptop & Accessory,5,Married,2,0,12,6,6,12,316
C006545,46,Mobile Phone,2,23,Cash on Delivery,Male,3,5,Fashion,1,Married,5,0,5,3,7,30,373
C006546,43,Mobile Phone,3,19,Credit Card,Female,3,3,Mobile Phone,1,Married,2,1,0,2,6,1,55
C006547,7,Mobile Phone,2,42,Debit Card,Female,4,6,Fashion,1,Married,7,0,23,0,4,30,465
C006548,16,Computer,1,24,Cash on Delivery,Female,5,4,Grocery,4,Single,7,0,29,6,6,28,173
C006549,45,Mobile Phone,2,26,Cash on Delivery,Female,1,1,Grocery,4,Married,7,0,18,6,14,21,309
C006550,59,Mobile Phone,2,11,E wallet,Male,1,3,Laptop & Accessory,1,Single,7,0,14,7,3,15,186
C006551,47,Mobile Phone,2,18,E wallet,Male,4,3,Others,1,Married,5,1,10,0,1,20,348
C006552,56,Mobile Phone,3,8,E wallet,Male,2,6,Laptop & Accessory,1,Married,7,0,25,10,8,24,161
C006553,48,Mobile Phone,1,13,Credit Card,Male,4,1,Mobile Phone,3,Married,4,1,18,3,4,9,443
C006554,27,Mobile Phone,3,43,E wallet,Female,1,2,Laptop & Accessory,2,Married,7,0,11,9,9,30,369
C006555,53,Mobile Phone,1,29,Cash on Delivery,Female,4,5,Fashion,4,Married,7,0,0,2,1,8,77
C006556,23,Mobile Phone,3,39,Cash on Delivery,Male,5,2,Laptop & Accessory,4,Divorced,5,0,15,3,15,14,226
C006557,24,Mobile Phone,3,41,Cash on Delivery,Female,1,4,Fashion,4,Single,3,0,14,5,1,17,419
C006558,9,Mobile Phone,2,31,UPI,Female,1,1,Grocery,2,Single,7,0,18,8,7,22,432
C006559,35,Mobile Phone,2,32,UPI,Male,1,2,Fashion,5,Single,2,0,3,7,3,5,480
C006560,51,Mobile Phone,1,28,Credit Card,Male,5,3,Mobile Phone,4,Single,1,1,29,3,14,4,62
C006561,20,Computer,1,37,E wallet,Male,1,3,Laptop & Accessory,5,Single,2,0,27,1,12,22,337
C006562,37,Mobile Phone,1,37,Cash on Delivery,Female,2,4,Mobile Phone,3,Married,6,0,4,5,11,30,425
C006563,42,Mobile Phone,1,20,E wallet,Female,1,4,Fashion,1,Married,6,0,15,4,14,21,358
C006564,17,Mobile Phone,2,27,Cash on Delivery,Female,4,1,Fashion,1,Single,7,0,26,3,10,27,471
C006565,47,Tablet,1,50,UPI,Female,2,2,Fashion,3,Divorced,4,0,17,4,12,7,477
C006566,31,Mobile Phone,3,15,Cash on Delivery,Female,3,3,Fashion,1,Single,6,0,11,8,6,10,103
C006567,55,Mobile Phone,2,50,Credit Card,Female,1,1,Fashion,3,Married,4,0,5,8,12,3,424
C006568,57,Computer,2,44,Debit Card,Male,3,1,Laptop & Accessory,1,Single,1,0,26,10,11,7,451
C006569,8,Computer,2,23,Cash on Delivery,Male,3,3,Others,3,Single,5,0,0,8,15,8,319
C006570,15,Computer,1,38,Credit Card,Male,5,2,Mobile Phone,3,Married,6,0,9,8,4,25,401
C006571,31,Mobile Phone,1,27,UPI,Male,4,5,Grocery,1,Married,7,0,10,2,3,14,412
C006572,53,Mobile Phone,1,14,UPI,Female,4,4,Grocery,5,Married,5,0,0,7,8,16,236
C006573,30,Mobile Phone,3,41,Debit Card,Male,3,6,Mobile Phone,4,Married,7,0,15,1,6,29,422
C006574,46,Computer,2,5,E wallet,Male,5,2,Laptop & Accessory,4,Married,4,0,3,0,1,11,485
C006575,20,Mobile Phone,1,6,E wallet,Male,2,5,Mobile Phone,2,Divorced,1,0,27,10,6,2,497
C006576,60,Mobile Phone,3,26,Cash on Delivery,Male,1,5,Fashion,2,Single,4,1,8,9,2,26,90
C006577,39,Computer,1,21,UPI,Female,2,3,Others,1,Single,2,0,18,5,9,29,183
C006578,53,Computer,2,28,Credit Card,Male,1,5,Mobile Phone,4,Divorced,5,0,19,4,15,19,242
C006579,55,Tablet,2,25,Debit Card,Female,3,4,Laptop & Accessory,2,Single,2,0,21,3,14,5,82
C006580,12,Computer,2,44,E wallet,Male,5,1,Fashion,4,Single,2,1,10,4,13,7,443
C006581,49,Tablet,3,33,Cash on Delivery,Female,5,2,Mobile Phone,3,Single,3,0,11,7,13,27,483
C006582,17,Mobile Phone,3,18,Cash on Delivery,Male,4,6,Mobile Phone,5,Married,5,0,4,7,1,23,475
C006583,42,Computer,2,12,UPI,Female,4,4,Fashion,3,Married,4,0,13,10,7,25,112
C006584,30,Computer,1,34,Credit Card,Female,2,5,Laptop & Accessory,2,Single,4,0,15,8,3,5,385
C006585,29,Mobile Phone,3,26,Credit Card,Female,4,1,Others,2,Single,2,0,30,3,5,17,89
C006586,19,Mobile Phone,2,27,E wallet,Male,1,1,Others,1,Single,6,1,11,7,13,5,188
C006587,46,Tablet,1,44,Cash on Delivery,Male,5,5,Fashion,5,Single,1,0,6,5,11,17,93
C006588,11,Mobile Phone,2,17,UPI,Male,5,4,Grocery,5,Single,3,0,19,3,12,0,260
C006589,34,Computer,1,32,Credit Card,Female,3,6,Laptop & Accessory,4,Married,3,0,20,2,3,7,141
C006590,50,Mobile Phone,1,34,Cash on Delivery,Female,3,5,Grocery,1,Single,7,0,22,3,2,16,434
C006591,7,Mobile Phone,3,9,Credit Card,Female,2,2,Grocery,5,Single,7,0,21,7,15,11,279
C006592,44,Mobile Phone,2,14,Debit Card,Male,3,1,Grocery,2,Married,6,0,13,3,4,0,201
C006593,58,Mobile Phone,1,43,Credit Card,Male,1,3,Laptop & Accessory,3,Divorced,6,0,17,4,12,27,400
C006594,34,Mobile Phone,2,13,Credit Card,Female,4,1,Grocery,3,Single,2,0,6,9,8,28,352
C006595,59,Mobile Phone,3,18,Cash on Delivery,Male,4,5,Fashion,5,Single,3,0,4,5,15,2,208
C006596,20,Mobile Phone,1,42,Credit Card,Female,2,6,Mobile Phone,3,Married,3,0,5,8,15,16,428
C006597,50,Mobile Phone,2,14,Credit Card,Male,4,5,Fashion,2,Single,2,0,9,3,7,5,368
C006598,38,Mobile Phone,3,37,Debit Card,Female,5,3,Mobile Phone,4,Married,4,0,19,9,14,24,124
C006599,24,Mobile Phone,1,15,Credit Card,Female,4,3,Others,2,Married,2,0,1,3,8,21,62
C006600,10,Computer,2,44,Credit Card,Female,3,1,Grocery,5,Single,2,0,0,5,2,14,343
C006601,32,Mobile Phone,1,10,Cash on Delivery,Male,5,5,Others,2,Married,5,0,16,7,9,7,373
C006602,52,Mobile Phone,2,21,UPI,Male,3,1,Others,2,Married,4,0,8,1,4,3,458
C006603,15,Mobile Phone,3,40,Debit Card,Female,3,4,Laptop & Accessory,3,Divorced,2,0,12,10,4,20,241
C006604,37,Mobile Phone,1,10,Credit Card,Male,2,5,Grocery,4,Married,5,1,8,2,8,4,219
C006605,20,Mobile Phone,3,14,UPI,Male,2,6,Others,1,Single,7,0,26,6,9,30,153
C006606,3,Mobile Phone,3,46,Cash on Delivery,Female,5,1,Mobile Phone,5,Married,3,0,24,5,2,27,223
C006607,37,Computer,1,9,Debit Card,Male,4,6,Mobile Phone,5,Married,7,0,11,8,4,29,66
C006608,57,Computer,2,23,Cash on Delivery,Male,1,5,Laptop & Accessory,2,Married,1,0,13,1,15,21,55
C006609,40,Computer,1,11,UPI,Male,4,5,Others,3,Divorced,4,0,14,10,1,12,85
C006610,8,Mobile Phone,3,28,Debit Card,Male,5,2,Others,3,Married,7,0,7,9,10,12,268
C006611,40,Mobile Phone,2,46,Credit Card,Female,1,1,Others,5,Married,5,0,24,3,10,8,122
C006612,44,Mobile Phone,2,23,UPI,Male,3,5,Laptop & Accessory,1,Married,6,0,25,9,5,28,106
C006613,56,Computer,2,15,Cash on Delivery,Male,3,3,Grocery,1,Single,4,0,11,8,12,0,67
C006614,23,Tablet,2,7,Debit Card,Male,1,3,Others,4,Single,5,0,11,5,4,8,494
C006615,40,Mobile Phone,3,34,UPI,Female,3,2,Others,2,Married,3,0,0,6,1,21,432
C006616,11,Mobile Phone,2,47,UPI,Female,4,5,Fashion,5,Single,3,0,13,0,9,9,266
C006617,46,Mobile Phone,3,42,Cash on Delivery,Female,2,1,Mobile Phone,1,Single,7,0,17,6,13,23,356
C006618,8,Computer,2,10,Cash on Delivery,Male,4,6,Grocery,1,Single,1,0,3,0,8,14,424
C006619,29,Computer,1,39,Credit Card,Female,3,1,Grocery,3,Divorced,3,1,7,0,1,18,475
C006620,30,Mobile Phone,3,26,Credit Card,Male,2,6,Grocery,4,Married,6,0,7,1,13,8,127
C006621,56,Tablet,2,15,UPI,Female,4,6,Others,5,Single,3,0,3,6,14,8,248
C006622,60,Mobile Phone,2,12,Cash on Delivery,Female,3,6,Fashion,4,Married,7,0,7,5,11,15,78
C006623,10,Computer,3,31,UPI,Male,4,3,Grocery,1,Married,1,1,26,6,13,30,435
C006624,39,Tablet,1,33,E wallet,Female,3,4,Laptop & Accessory,4,Single,4,0,28,9,3,15,344
C006625,28,Computer,2,12,Cash on Delivery,Female,5,5,Laptop & Accessory,1,Married,3,0,1,2,14,11,181
C006626,49,Mobile Phone,1,27,E wallet,Female,1,2,Mobile Phone,3,Single,4,0,16,3,5,26,57
C006627,36,Mobile Phone,2,33,E wallet,Female,3,2,Fashion,2,Married,1,0,11,9,11,6,377
C006628,13,Mobile Phone,3,20,Cash on Delivery,Female,4,6,Grocery,5,Single,2,0,19,4,12,17,136
C006629,32,Mobile Phone,3,39,Credit Card,Male,3,5,Fashion,2,Single,3,0,12,10,7,15,333
C006630,36,Computer,2,12,UPI,Male,3,5,Laptop & Accessory,4,Married,4,0,29,3,5,14,275
C006631,37,Mobile Phone,3,12,Debit Card,Female,4,6,Grocery,1,Single,6,0,8,0,8,6,232
C006632,26,Mobile Phone,3,49,Debit Card,Male,4,2,Others,2,Married,5,0,18,1,2,20,53
C006633,22,Computer,2,37,Cash on Delivery,Male,2,2,Laptop & Accessory,3,Married,6,1,14,6,7,5,201
C006634,4,Mobile Phone,1,46,Credit Card,Female,3,1,Mobile Phone,4,Divorced,5,0,23,4,5,15,441
C006635,31,Mobile Phone,2,9,Credit Card,Female,5,2,Grocery,4,Married,2,1,18,2,9,24,498
C006636,18,Mobile Phone,3,41,Credit Card,Male,1,6,Mobile Phone,2,Single,3,1,25,7,8,18,129
C006637,38,Mobile Phone,3,21,Debit Card,Female,3,3,Fashion,4,Married,3,0,20,9,15,30,336
C006638,24,Mobile Phone,2,26,E wallet,Male,4,2,Mobile Phone,5,Married,3,0,13,9,12,18,457
C006639,56,Computer,3,18,Debit Card,Male,2,2,Mobile Phone,2,Divorced,5,0,21,5,8,18,366
C006640,23,Mobile Phone,1,42,Credit Card,Female,3,3,Others,2,Married,2,1,4,3,12,8,75
C006641,22,Computer,1,36,Debit Card,Female,5,3,Mobile Phone,3,Single,5,0,6,0,1,12,125
C006642,2,Mobile Phone,3,18,Debit Card,Male,4,5,Others,4,Single,3,0,11,7,1,26,413
C006643,31,Mobile Phone,1,48,UPI,Male,5,6,Mobile Phone,3,Married,2,0,19,2,15,2,368
C006644,55,Mobile Phone,1,24,Cash on Delivery,Female,5,6,Others,4,Single,5,0,19,1,11,21,432
C006645,11,Mobile Phone,2,26,E wallet,Female,1,2,Laptop & Accessory,2,Single,6,0,3,8,4,10,485
C006646,28,Mobile Phone,2,34,UPI,Female,1,3,Others,4,Married,3,1,24,2,14,15,94
C006647,46,Mobile Phone,2,37,Cash on Delivery,Female,3,1,Laptop & Accessory,3,Single,2,0,0,7,15,3,323
C006648,32,Mobile Phone,1,9,Credit Card,Female,1,4,Laptop & Accessory,2,Single,7,0,25,3,3,9,171
C006649,5,Mobile Phone,3,22,UPI,Female,3,3,Grocery,4,Single,7,1,6,1,4,20,361
C006650,38,Mobile Phone,3,50,Cash on Delivery,Male,3,4,Laptop & Accessory,3,Married,2,0,30,3,6,11,384
C006651,10,Mobile Phone,1,11,UPI,Male,4,2,Grocery,4,Married,1,0,2,3,2,30,213
C006652,40,Computer,2,33,Debit Card,Female,4,1,Others,3,Single,2,0,9,4,4,28,395
C006653,46,Computer,2,13,Debit Card,Male,2,6,Fashion,5,Single,6,0,11,2,4,3,343
C006654,24,Mobile Phone,2,45,UPI,Male,1,1,Grocery,3,Single,1,0,28,4,7,15,231
C006655,35,Mobile Phone,1,11,UPI,Male,2,6,Fashion,1,Divorced,3,1,24,5,15,15,379
C006656,44,Tablet,2,11,E wallet,Male,5,5,Others,4,Single,1,0,7,2,2,2,457
C006657,48,Mobile Phone,1,47,Credit Card,Male,3,6,Grocery,1,Divorced,3,0,30,1,7,22,198
C006658,60,Tablet,1,10,Debit Card,Male,3,6,Others,5,Married,3,0,14,8,10,9,248
C006659,23,Mobile Phone,2,50,UPI,Male,4,5,Fashion,3,Single,6,0,8,7,8,23,222
C006660,17,Computer,2,44,Cash on Delivery,Male,5,2,Others,2,Married,4,0,5,5,2,16,439
C006661,1,Mobile Phone,2,31,Credit Card,Female,3,3,Fashion,2,Married,6,0,15,4,14,28,416
C006662,55,Computer,3,8,Cash on Delivery,Female,3,1,Laptop & Accessory,3,Divorced,1,0,6,10,8,4,223
C006663,31,Mobile Phone,1,5,Credit Card,Female,5,2,Fashion,5,Married,2,0,14,3,10,9,487
C006664,31,Mobile Phone,3,10,Cash on Delivery,Female,5,2,Fashion,3,Married,2,0,6,5,5,11,338
C006665,42,Mobile Phone,1,35,Debit Card,Male,3,6,Laptop & Accessory,2,Married,7,0,7,0,13,12,454
C006666,57,Mobile Phone,2,5,UPI,Female,5,3,Grocery,2,Single,6,0,13,6,4,6,497
C006667,55,Computer,3,9,UPI,Female,1,1,Mobile Phone,2,Single,7,0,15,1,5,17,454
C006668,42,Mobile Phone,2,23,E wallet,Male,5,6,Grocery,3,Married,6,0,24,0,10,21,355
C006669,53,Computer,2,9,UPI,Female,2,6,Mobile Phone,5,Single,7,0,29,0,2,18,186
C006670,56,Mobile Phone,2,9,Debit Card,Female,2,1,Laptop & Accessory,5,Single,6,0,15,1,6,16,366
C006671,34,Computer,3,35,Credit Card,Male,3,1,Grocery,5,Married,3,1,0,10,5,9,169
C006672,9,Mobile Phone,2,48,Credit Card,Female,3,5,Others,2,Divorced,1,1,4,2,5,16,301
C006673,22,Tablet,3,11,UPI,Female,4,1,Others,4,Divorced,5,0,29,2,8,9,165
C006674,13,Tablet,3,19,Cash on Delivery,Male,5,4,Grocery,3,Married,2,0,1,9,5,4,463
C006675,25,Mobile Phone,2,17,UPI,Male,2,6,Others,2,Married,5,0,24,8,5,14,99
C006676,48,Computer,2,16,Credit Card,Female,4,3,Laptop & Accessory,5,Married,1,0,11,7,9,25,77
C006677,18,Computer,1,23,E wallet,Female,3,1,Others,3,Married,2,0,19,0,7,30,289
C006678,51,Mobile Phone,1,17,Credit Card,Female,1,3,Others,5,Married,5,0,9,9,9,8,134
C006679,12,Mobile Phone,2,31,Cash on Delivery,Male,5,3,Mobile Phone,1,Single,7,0,1,9,12,25,123
C006680,40,Mobile Phone,3,42,Cash on Delivery,Female,4,4,Mobile Phone,2,Divorced,2,0,13,4,8,7,120
C006681,17,Computer,2,37,E wallet,Female,1,1,Fashion,5,Married,6,0,9,4,5,23,426
C006682,15,Mobile Phone,3,10,Cash on Delivery,Female,3,3,Laptop & Accessory,1,Married,4,0,6,6,15,10,200
C006683,42,Mobile Phone,1,17,UPI,Female,2,6,Others,5,Single,4,0,25,6,9,19,104
C006684,15,Mobile Phone,2,17,UPI,Male,4,1,Laptop & Accessory,2,Single,7,1,20,7,6,19,174
C006685,15,Mobile Phone,2,17,Credit Card,Male,4,4,Laptop & Accessory,4,Divorced,3,1,29,1,9,20,407
C006686,55,Computer,2,24,Debit Card,Female,3,5,Mobile Phone,5,Married,1,0,23,1,4,2,330
C006687,39,Tablet,3,40,UPI,Female,3,5,Others,5,Married,2,1,22,1,7,26,64
C006688,13,Mobile Phone,1,41,UPI,Male,2,5,Fashion,1,Single,5,0,24,8,9,3,140
C006689,17,Mobile Phone,1,49,E wallet,Male,2,5,Grocery,2,Single,2,0,14,9,13,9,52
C006690,32,Computer,2,13,UPI,Male,2,2,Fashion,5,Single,2,1,4,8,12,4,408
C006691,9,Mobile Phone,2,21,Credit Card,Male,1,3,Mobile Phone,3,Single,6,0,23,7,15,14,299
C006692,40,Mobile Phone,3,39,E wallet,Female,1,2,Fashion,2,Single,5,1,6,0,12,1,451
C006693,20,Mobile Phone,3,22,UPI,Male,3,1,Mobile Phone,1,Married,6,0,30,0,12,11,378
C006694,26,Mobile Phone,1,29,Credit Card,Male,4,6,Mobile Phone,1,Single,5,0,30,10,2,25,246
C006695,27,Mobile Phone,2,19,E wallet,Female,1,5,Laptop & Accessory,1,Divorced,6,0,13,7,1,10,177
C006696,21,Computer,2,27,Debit Card,Female,3,1,Others,2,Divorced,4,1,4,1,6,20,394
C006697,18,Mobile Phone,3,5,Credit Card,Female,1,4,Grocery,2,Single,3,0,24,6,4,19,384
C006698,13,Computer,3,45,UPI,Female,2,3,Mobile Phone,5,Married,5,0,12,0,1,19,173
C006699,16,Mobile Phone,2,42,E wallet,Female,3,4,Mobile Phone,1,Married,2,0,1,5,10,24,193
C006700,9,Mobile Phone,2,22,Debit Card,Female,2,3,Laptop & Accessory,1,Single,7,0,2,9,7,0,279
C006701,12,Computer,1,5,Credit Card,Female,5,4,Grocery,2,Married,4,0,15,4,2,19,201
C006702,44,Mobile Phone,1,43,Debit Card,Male,4,4,Mobile Phone,2,Single,1,1,19,7,12,5,342
C006703,38,Mobile Phone,2,14,Credit Card,Male,2,6,Others,3,Married,4,0,9,7,4,1,127
C006704,19,Mobile Phone,2,35,UPI,Female,4,3,Others,1,Single,7,0,7,9,13,14,336
C006705,60,Mobile Phone,2,42,Credit Card,Male,3,1,Laptop & Accessory,2,Married,4,0,5,2,6,15,155
C006706,7,Computer,2,11,UPI,Male,5,4,Mobile Phone,2,Married,4,0,9,2,6,8,477
C006707,57,Mobile Phone,2,42,Credit Card,Female,4,3,Grocery,5,Married,6,0,0,9,12,19,326
C006708,35,Computer,2,12,E wallet,Male,1,3,Laptop & Accessory,1,Single,2,0,13,9,7,18,455
C006709,48,Mobile Phone,1,38,Credit Card,Male,3,4,Laptop & Accessory,3,Single,5,1,18,7,8,24,222
C006710,18,Mobile Phone,1,13,Credit Card,Male,5,1,Fashion,2,Single,3,1,16,10,3,29,134
C006711,16,Tablet,1,29,Cash on Delivery,Male,1,5,Laptop & Accessory,5,Married,7,1,25,7,1,16,172
C006712,55,Computer,3,31,Cash on Delivery,Female,1,6,Fashion,5,Single,6,1,21,5,14,12,338
C006713,39,Mobile Phone,1,45,Credit Card,Male,5,2,Fashion,4,Single,7,0,28,0,12,24,274
C006714,4,Mobile Phone,3,11,Cash on Delivery,Male,2,5,Mobile Phone,1,Single,7,0,13,8,14,18,149
C006715,59,Mobile Phone,1,36,UPI,Female,5,4,Others,5,Single,1,0,3,7,6,13,494
C006716,25,Mobile Phone,2,13,Cash on Delivery,Male,5,4,Grocery,3,Married,3,0,29,6,6,17,257
C006717,32,Computer,3,21,Credit Card,Female,5,6,Laptop & Accessory,1,Single,6,0,11,0,13,15,417
C006718,40,Computer,2,39,Debit Card,Male,4,3,Mobile Phone,3,Married,2,0,17,0,14,24,143
C006719,13,Mobile Phone,1,20,Debit Card,Male,2,6,Grocery,5,Married,3,1,22,8,10,7,193
C006720,45,Computer,1,6,Credit Card,Female,3,1,Laptop & Accessory,1,Single,6,1,15,0,7,10,188
C006721,17,Mobile Phone,3,47,Credit Card,Female,1,6,Others,5,Single,7,0,24,0,15,20,424
C006722,49,Mobile Phone,2,35,Debit Card,Female,4,6,Others,5,Married,3,0,10,5,2,14,362
C006723,37,Mobile Phone,2,20,E wallet,Male,2,1,Fashion,5,Single,1,0,18,0,6,0,469
C006724,6,Tablet,2,37,Cash on Delivery,Female,5,4,Fashion,2,Single,4,0,9,2,15,14,294
C006725,19,Computer,1,25,E wallet,Female,4,1,Grocery,2,Single,5,0,10,10,15,16,288
C006726,13,Mobile Phone,1,21,UPI,Male,4,2,Laptop & Accessory,3,Married,7,0,29,1,3,5,86
C006727,57,Mobile Phone,2,39,Debit Card,Female,1,6,Fashion,2,Single,5,1,24,6,12,25,267
C006728,60,Computer,2,11,Debit Card,Male,3,1,Mobile Phone,3,Married,6,0,30,3,11,13,470
C006729,26,Mobile Phone,1,33,E wallet,Male,2,1,Fashion,2,Single,3,0,26,4,7,15,317
C006730,14,Mobile Phone,3,15,UPI,Female,2,6,Grocery,5,Married,1,0,16,10,14,0,351
C006731,31,Tablet,3,34,E wallet,Female,2,3,Mobile Phone,2,Married,5,1,25,6,5,9,93
C006732,54,Computer,3,22,UPI,Male,5,4,Others,4,Married,5,0,5,10,9,18,117
C006733,4,Mobile Phone,1,50,Credit Card,Female,5,1,Mobile Phone,5,Single,5,0,10,1,8,14,301
C006734,60,Mobile Phone,1,20,Credit Card,Male,4,4,Grocery,4,Single,3,0,0,3,5,23,264
C006735,39,Mobile Phone,3,10,Debit Card,Female,3,1,Others,5,Married,2,0,12,8,11,20,402
C006736,8,Mobile Phone,1,6,Credit Card,Female,1,1,Laptop & Accessory,2,Married,3,0,15,2,3,17,293
C006737,25,Tablet,1,47,E wallet,Male,1,1,Grocery,1,Married,3,1,10,5,10,6,86
C006738,13,Mobile Phone,3,47,UPI,Male,3,3,Fashion,3,Single,2,0,21,3,13,24,72
C006739,32,Computer,1,14,Debit Card,Female,2,1,Grocery,5,Married,6,0,3,10,1,17,273
C006740,59,Mobile Phone,2,8,Credit Card,Male,3,5,Grocery,1,Married,7,0,2,9,14,17,156
C006741,38,Mobile Phone,2,14,Debit Card,Female,1,2,Grocery,1,Single,5,0,26,10,10,0,68
C006742,38,Mobile Phone,3,13,Debit Card,Female,5,6,Others,2,Divorced,7,0,15,7,1,22,174
C006743,56,Computer,1,49,UPI,Male,3,6,Grocery,5,Married,3,1,4,9,4,6,227
C006744,28,Mobile Phone,3,47,E wallet,Male,4,1,Laptop & Accessory,1,Single,7,0,26,1,3,19,261
C006745,53,Mobile Phone,2,46,E wallet,Male,5,6,Grocery,3,Married,4,0,21,4,7,27,56
C006746,30,Mobile Phone,2,28,Cash on Delivery,Female,4,5,Fashion,4,Married,5,0,2,9,9,30,160
C006747,3,Mobile Phone,1,9,E wallet,Female,4,4,Mobile Phone,2,Single,6,0,1,3,13,30,81
C006748,28,Mobile Phone,1,39,Credit Card,Male,3,3,Others,2,Single,5,0,17,8,14,4,345
C006749,3,Mobile Phone,2,8,Cash on Delivery,Male,4,4,Fashion,2,Single,5,1,15,6,8,11,55
C006750,45,Mobile Phone,2,39,Cash on Delivery,Female,2,3,Laptop & Accessory,3,Single,3,1,24,5,10,21,465
C006751,54,Mobile Phone,3,46,Cash on Delivery,Female,3,4,Grocery,2,Divorced,1,0,3,7,7,9,442
C006752,34,Mobile Phone,2,17,Cash on Delivery,Male,1,4,Others,3,Married,1,0,18,2,8,6,349
C006753,16,Mobile Phone,2,41,E wallet,Male,2,2,Others,1,Single,2,0,9,2,8,6,354
C006754,22,Mobile Phone,2,36,Cash on Delivery,Female,5,2,Others,5,Married,1,0,24,2,11,18,203
C006755,32,Mobile Phone,3,49,Credit Card,Female,3,2,Fashion,1,Divorced,5,1,6,10,2,20,268
C006756,38,Mobile Phone,2,5,Credit Card,Male,1,4,Mobile Phone,5,Single,7,0,20,0,4,11,259
C006757,8,Computer,1,15,Debit Card,Female,1,6,Mobile Phone,2,Married,7,1,5,9,6,8,101
C006758,55,Mobile Phone,3,30,Credit Card,Female,3,3,Laptop & Accessory,1,Married,4,0,7,7,2,11,393
C006759,8,Mobile Phone,2,7,Debit Card,Female,2,2,Fashion,3,Married,4,1,11,7,14,21,84
C006760,57,Mobile Phone,2,17,Credit Card,Male,1,3,Fashion,2,Married,5,0,28,6,9,25,300
C006761,6,Computer,2,36,Cash on Delivery,Female,3,3,Fashion,1,Divorced,6,1,6,2,10,26,453
C006762,14,Computer,2,27,UPI,Male,3,1,Grocery,1,Single,3,0,24,9,2,13,348
C006763,32,Mobile Phone,1,27,Cash on Delivery,Female,4,5,Fashion,3,Single,7,1,28,6,12,11,358
C006764,35,Mobile Phone,1,34,E wallet,Female,3,4,Fashion,3,Single,3,0,10,6,6,26,164
C006765,10,Mobile Phone,3,10,Debit Card,Male,1,5,Others,1,Single,5,0,4,9,1,14,285
C006766,3,Tablet,1,11,UPI,Male,4,4,Others,3,Single,5,0,14,6,2,14,487
C006767,59,Computer,2,34,Credit Card,Female,1,3,Others,4,Married,7,0,14,3,8,16,385
C006768,12,Mobile Phone,1,41,Cash on Delivery,Male,2,5,Fashion,4,Married,2,0,25,4,15,25,196
C006769,49,Computer,1,36,Debit Card,Male,2,1,Fashion,3,Single,3,0,1,4,12,7,122
C006770,59,Computer,1,10,Debit Card,Male,1,5,Others,1,Divorced,1,0,29,3,6,1,167
C006771,31,Mobile Phone,2,39,Credit Card,Female,5,6,Laptop & Accessory,3,Single,6,0,28,0,2,8,130
C006772,29,Mobile Phone,2,36,Debit Card,Male,5,5,Laptop & Accessory,3,Single,7,0,3,1,15,3,379
C006773,5,Mobile Phone,1,16,Credit Card,Female,5,1,Mobile Phone,5,Married,7,0,1,9,8,17,116
C006774,52,Mobile Phone,1,8,Credit Card,Male,1,1,Grocery,4,Single,6,0,20,1,1,23,353
C006775,25,Computer,3,36,Cash on Delivery,Male,3,2,Grocery,2,Single,1,0,2,4,5,2,153
C006776,41,Mobile Phone,2,39,Debit Card,Female,4,6,Mobile Phone,2,Divorced,3,0,29,2,15,24,131
C006777,31,Computer,3,20,E wallet,Female,3,4,Others,2,Married,7,0,30,1,10,12,60
C006778,21,Tablet,3,19,E wallet,Male,1,3,Others,3,Married,4,0,9,10,2,20,297
C006779,58,Mobile Phone,3,45,Cash on Delivery,Female,3,5,Fashion,2,Divorced,5,0,1,4,5,30,155
C006780,20,Mobile Phone,3,6,Cash on Delivery,Female,2,5,Grocery,5,Married,6,0,15,1,13,19,423
C006781,39,Computer,1,10,Credit Card,Male,4,3,Fashion,3,Single,2,1,23,9,6,10,460
C006782,22,Computer,3,18,E wallet,Male,1,1,Fashion,1,Single,2,0,7,2,13,0,117
C006783,4,Computer,3,45,Debit Card,Female,4,1,Grocery,1,Single,6,0,29,8,10,11,432
C006784,13,Mobile Phone,3,33,E wallet,Male,5,5,Others,3,Single,7,1,4,6,15,11,350
C006785,45,Mobile Phone,1,46,Cash on Delivery,Female,5,5,Laptop & Accessory,4,Divorced,2,1,4,8,6,16,291
C006786,42,Mobile Phone,3,30,Cash on Delivery,Female,2,3,Others,4,Married,1,0,20,6,13,5,494
C006787,50,Tablet,3,22,Credit Card,Female,1,3,Others,1,Single,7,1,19,3,6,6,84
C006788,49,Mobile Phone,3,8,Debit Card,Male,5,6,Fashion,2,Divorced,6,0,30,9,10,3,179
C006789,20,Computer,1,41,Cash on Delivery,Female,4,4,Fashion,5,Single,4,0,9,9,10,13,443
C006790,52,Mobile Phone,1,42,Debit Card,Male,4,1,Fashion,3,Married,4,0,2,5,11,27,432
C006791,13,Tablet,3,29,E wallet,Female,2,2,Grocery,5,Single,6,0,15,0,1,7,414
C006792,17,Mobile Phone,2,33,Credit Card,Female,5,6,Grocery,5,Single,2,0,30,10,1,22,69
C006793,54,Mobile Phone,1,38,E wallet,Female,3,2,Mobile Phone,5,Married,5,0,10,0,10,17,294
C006794,36,Mobile Phone,3,20,Cash on Delivery,Male,5,6,Fashion,3,Married,5,0,22,2,15,20,272
C006795,33,Mobile Phone,1,41,Cash on Delivery,Male,2,3,Grocery,2,Single,6,0,16,4,5,7,236
C006796,1,Mobile Phone,2,34,Debit Card,Female,5,4,Mobile Phone,3,Married,5,0,12,5,14,29,157
C006797,15,Mobile Phone,1,27,Cash on Delivery,Female,1,5,Fashion,1,Divorced,2,0,0,9,2,18,406
C006798,13,Mobile Phone,1,40,Debit Card,Male,2,3,Fashion,2,Single,5,0,23,7,9,23,418
C006799,17,Mobile Phone,1,32,UPI,Female,3,3,Laptop & Accessory,1,Married,3,0,24,0,14,13,298
C006800,24,Computer,1,5,Cash on Delivery,Male,4,6,Grocery,5,Single,2,1,3,0,9,22,130
C006801,58,Mobile Phone,1,12,E wallet,Female,5,3,Mobile Phone,2,Single,4,0,5,9,12,4,140
C006802,8,Mobile Phone,2,46,E wallet,Female,4,2,Fashion,5,Married,1,0,19,3,2,0,428
C006803,50,Computer,3,19,Debit Card,Male,2,3,Grocery,1,Single,6,0,28,2,14,13,374
C006804,27,Mobile Phone,2,38,UPI,Male,4,4,Mobile Phone,3,Divorced,3,1,20,0,5,4,451
C006805,45,Tablet,1,23,Cash on Delivery,Male,1,2,Laptop & Accessory,2,Single,7,0,29,1,2,23,389
C006806,23,Mobile Phone,1,48,Credit Card,Female,2,4,Mobile Phone,5,Single,1,0,28,6,13,5,118
C006807,46,Mobile Phone,3,34,Credit Card,Female,2,6,Fashion,4,Divorced,3,0,2,0,8,13,87
C006808,8,Mobile Phone,3,14,E wallet,Male,5,2,Others,5,Single,2,1,12,3,13,12,68
C006809,8,Mobile Phone,1,48,Cash on Delivery,Female,2,6,Others,1,Married,4,0,18,6,1,12,416
C006810,59,Mobile Phone,1,31,Credit Card,Female,1,4,Laptop & Accessory,1,Married,3,0,0,7,4,22,314
C006811,26,Mobile Phone,2,24,Debit Card,Female,5,1,Fashion,3,Single,2,1,22,2,1,14,164
C006812,47,Mobile Phone,3,29,Cash on Delivery,Male,1,1,Fashion,2,Married,4,0,12,10,7,14,195
C006813,59,Mobile Phone,2,13,E wallet,Male,3,2,Grocery,4,Single,1,0,1,2,7,1,487
C006814,13,Mobile Phone,2,44,UPI,Female,5,1,Others,1,Married,7,1,10,5,2,28,214
C006815,39,Mobile Phone,2,38,Debit Card,Female,2,5,Grocery,2,Married,3,0,15,7,8,20,174
C006816,37,Mobile Phone,3,25,Debit Card,Female,2,6,Fashion,4,Single,2,0,20,0,7,20,113
C006817,49,Mobile Phone,1,28,Cash on Delivery,Male,2,4,Laptop & Accessory,3,Married,3,0,10,7,8,24,104
C006818,28,Mobile Phone,3,11,UPI,Male,3,2,Others,2,Married,5,0,26,1,3,2,161
C006819,25,Mobile Phone,1,8,Debit Card,Male,1,6,Grocery,5,Married,3,0,28,9,8,29,116
C006820,16,Mobile Phone,2,12,UPI,Male,2,1,Laptop & Accessory,4,Single,6,0,0,2,3,15,298
C006821,55,Mobile Phone,2,17,E wallet,Male,4,2,Fashion,5,Married,4,0,21,8,13,13,180
C006822,2,Mobile Phone,2,25,Debit Card,Female,2,5,Mobile Phone,5,Married,7,0,28,7,1,20,446
C006823,54,Mobile Phone,2,39,Credit Card,Female,5,2,Mobile Phone,4,Married,6,0,8,1,11,1,125
C006824,18,Mobile Phone,1,9,E wallet,Male,5,2,Others,5,Married,5,1,24,1,4,16,159
C006825,17,Mobile Phone,1,12,E wallet,Male,4,6,Laptop & Accessory,4,Married,6,0,6,0,15,19,174
C006826,30,Mobile Phone,2,6,Debit Card,Male,3,3,Grocery,5,Married,4,0,20,1,2,27,310
C006827,39,Mobile Phone,2,28,Credit Card,Male,5,3,Laptop & Accessory,3,Divorced,1,0,25,5,5,17,257
C006828,13,Mobile Phone,1,46,UPI,Female,3,3,Others,3,Married,7,0,17,7,10,8,156
C006829,32,Mobile Phone,3,20,Credit Card,Female,3,3,Fashion,2,Single,5,0,0,4,15,19,484
C006830,50,Computer,1,8,E wallet,Female,4,4,Laptop & Accessory,5,Married,5,1,18,3,5,18,324
C006831,29,Computer,2,34,Debit Card,Female,5,5,Others,3,Single,4,0,23,10,9,16,239
C006832,46,Mobile Phone,1,50,Credit Card,Male,2,2,Others,3,Single,7,0,9,3,8,13,332
C006833,30,Mobile Phone,2,34,Credit Card,Male,3,6,Grocery,3,Single,2,0,12,2,3,12,379
C006834,18,Mobile Phone,1,39,E wallet,Male,3,5,Fashion,1,Divorced,3,1,30,2,13,26,458
C006835,13,Computer,2,46,UPI,Female,5,2,Laptop & Accessory,5,Married,7,0,17,10,13,5,359
C006836,43,Mobile Phone,1,17,Credit Card,Female,5,6,Others,2,Single,1,0,10,3,15,2,94
C006837,21,Tablet,1,41,Credit Card,Female,4,3,Fashion,3,Married,1,0,25,4,14,2,317
C006838,30,Mobile Phone,3,15,Cash on Delivery,Female,1,4,Grocery,4,Single,2,1,28,9,1,17,314
C006839,21,Mobile Phone,2,23,E wallet,Female,1,2,Others,1,Single,4,0,20,7,12,1,76
C006840,48,Mobile Phone,1,22,Cash on Delivery,Male,1,2,Grocery,5,Married,1,0,8,9,10,3,103
C006841,55,Mobile Phone,1,21,E wallet,Female,3,1,Fashion,2,Married,3,0,27,6,11,21,151
C006842,17,Mobile Phone,3,15,E wallet,Female,4,4,Grocery,3,Married,2,1,18,4,14,11,203
C006843,40,Mobile Phone,1,19,Cash on Delivery,Female,1,4,Laptop & Accessory,4,Single,7,1,25,9,10,3,338
C006844,19,Mobile Phone,3,12,UPI,Male,5,4,Grocery,1,Married,5,0,13,3,11,30,461
C006845,52,Computer,2,48,UPI,Female,3,5,Mobile Phone,4,Married,3,0,23,6,6,17,194
C006846,15,Mobile Phone,1,33,E wallet,Female,3,3,Mobile Phone,4,Divorced,6,0,7,10,12,8,68
C006847,9,Mobile Phone,2,21,Cash on Delivery,Male,5,1,Mobile Phone,1,Married,4,1,16,1,1,28,394
C006848,52,Mobile Phone,3,30,Credit Card,Male,4,5,Mobile Phone,4,Single,4,1,3,6,8,23,345
C006849,10,Computer,1,9,E wallet,Male,4,6,Laptop & Accessory,3,Single,2,0,19,7,5,12,347
C006850,44,Computer,2,8,E wallet,Female,1,3,Others,1,Single,5,0,21,0,11,23,356
C006851,31,Mobile Phone,2,28,Debit Card,Female,5,2,Mobile Phone,5,Divorced,6,0,8,3,9,15,165
C006852,53,Mobile Phone,3,15,UPI,Female,2,1,Mobile Phone,1,Married,5,0,12,7,11,0,496
C006853,23,Mobile Phone,2,34,Cash on Delivery,Female,4,5,Others,2,Single,7,1,4,6,3,25,95
C006854,52,Mobile Phone,1,44,Credit Card,Male,1,1,Mobile Phone,3,Married,6,0,23,7,13,15,200
C006855,30,Mobile Phone,1,39,Credit Card,Male,3,3,Others,5,Single,2,1,18,3,14,12,324
C006856,33,Computer,1,48,E wallet,Male,4,6,Mobile Phone,3,Married,2,0,26,7,8,18,362
C006857,57,Mobile Phone,1,49,Credit Card,Male,2,6,Others,3,Single,6,0,30,10,8,15,166
C006858,52,Mobile Phone,1,37,Credit Card,Female,3,5,Others,1,Married,2,1,13,2,1,10,236
C006859,9,Mobile Phone,2,40,E wallet,Male,3,6,Fashion,5,Divorced,6,0,12,2,10,27,385
C006860,54,Computer,1,25,UPI,Female,5,5,Grocery,1,Married,7,0,10,0,13,19,74
C006861,47,Mobile Phone,1,42,Debit Card,Female,5,1,Others,2,Single,7,0,18,0,2,6,130
C006862,1,Mobile Phone,2,9,UPI,Male,4,2,Mobile Phone,2,Married,7,1,25,0,2,5,269
C006863,44,Mobile Phone,1,9,UPI,Female,2,2,Laptop & Accessory,2,Single,5,0,30,2,7,18,80
C006864,35,Mobile Phone,1,25,Debit Card,Female,5,2,Others,1,Divorced,4,0,6,9,14,7,293
C006865,11,Computer,1,29,E wallet,Female,1,3,Mobile Phone,1,Single,4,0,6,4,5,16,248
C006866,34,Mobile Phone,1,14,UPI,Male,3,1,Others,2,Single,3,0,10,9,15,18,248
C006867,16,Computer,3,23,Cash on Delivery,Female,1,6,Fashion,1,Married,6,0,20,3,6,13,287
C006868,9,Mobile Phone,2,36,Cash on Delivery,Female,3,3,Laptop & Accessory,4,Single,4,0,24,2,4,16,405
C006869,32,Mobile Phone,1,22,Debit Card,Female,1,3,Laptop & Accessory,4,Married,2,1,11,5,12,18,196
C006870,15,Computer,1,38,Cash on Delivery,Male,3,6,Mobile Phone,4,Single,3,0,28,2,13,8,125
C006871,12,Mobile Phone,1,19,E wallet,Female,5,2,Grocery,3,Married,6,0,10,3,4,1,460
C006872,33,Mobile Phone,2,28,Credit Card,Female,1,2,Fashion,5,Married,1,1,20,5,6,1,467
C006873,45,Mobile Phone,2,9,E wallet,Female,4,2,Grocery,5,Married,7,0,5,2,13,1,433
C006874,14,Mobile Phone,2,36,Debit Card,Male,4,6,Laptop & Accessory,5,Single,5,0,12,9,3,1,395
C006875,57,Mobile Phone,1,13,Credit Card,Male,2,1,Laptop & Accessory,2,Married,3,1,11,10,6,16,433
C006876,57,Tablet,1,9,Cash on Delivery,Male,2,1,Grocery,4,Married,6,0,7,5,7,26,215
C006877,8,Tablet,2,9,UPI,Female,2,6,Others,4,Single,1,0,10,1,7,16,455
C006878,8,Mobile Phone,3,45,Cash on Delivery,Female,1,2,Grocery,1,Single,2,0,24,9,15,9,390
C006879,27,Mobile Phone,3,45,E wallet,Female,3,3,Grocery,3,Divorced,4,0,16,10,9,30,120
C006880,12,Mobile Phone,1,38,E wallet,Female,2,1,Others,3,Single,4,0,17,3,5,28,471
C006881,1,Mobile Phone,2,11,Debit Card,Female,5,5,Others,4,Married,3,0,23,10,9,7,303
C006882,43,Mobile Phone,2,30,UPI,Male,4,3,Others,1,Divorced,6,0,29,5,3,3,120
C006883,40,Mobile Phone,3,5,UPI,Male,4,6,Fashion,4,Single,1,1,3,3,3,22,336
C006884,42,Mobile Phone,1,38,Credit Card,Female,5,3,Laptop & Accessory,2,Married,4,0,22,1,6,22,470
C006885,51,Mobile Phone,2,30,Credit Card,Male,4,4,Laptop & Accessory,2,Single,7,0,4,4,4,8,285
C006886,11,Mobile Phone,1,36,E wallet,Male,1,1,Others,5,Single,7,0,29,0,2,13,383
C006887,39,Mobile Phone,2,16,Debit Card,Female,5,5,Others,5,Married,6,0,27,8,7,7,108
C006888,43,Computer,1,10,E wallet,Female,1,1,Fashion,4,Married,2,0,3,0,4,13,337
C006889,31,Mobile Phone,3,24,UPI,Male,4,3,Fashion,5,Single,1,0,8,6,9,6,300
C006890,17,Mobile Phone,3,23,UPI,Male,5,6,Mobile Phone,4,Married,1,0,19,9,4,17,139
C006891,33,Mobile Phone,1,20,E wallet,Female,5,1,Grocery,3,Single,4,1,11,4,10,28,256
C006892,32,Mobile Phone,2,8,UPI,Female,5,3,Laptop & Accessory,2,Single,3,1,13,2,11,3,431
C006893,58,Mobile Phone,1,36,Credit Card,Female,4,5,Laptop & Accessory,1,Married,3,1,12,2,4,16,496
C006894,29,Mobile Phone,2,22,UPI,Male,4,3,Fashion,1,Married,3,1,25,0,1,5,194
C006895,21,Tablet,1,9,Credit Card,Male,4,6,Grocery,3,Single,4,0,5,5,5,5,362
C006896,21,Mobile Phone,1,10,Cash on Delivery,Female,2,2,Fashion,4,Married,5,0,20,4,11,29,451
C006897,40,Mobile Phone,3,18,Debit Card,Female,2,6,Mobile Phone,2,Single,2,1,3,9,15,22,112
C006898,23,Mobile Phone,1,22,Debit Card,Female,3,3,Mobile Phone,4,Married,2,0,22,0,12,7,481
C006899,56,Tablet,2,14,UPI,Female,5,2,Mobile Phone,4,Single,3,0,9,7,8,23,395
C006900,6,Computer,3,27,Debit Card,Female,4,5,Fashion,3,Single,3,0,15,5,9,27,215
C006901,22,Computer,3,22,Cash on Delivery,Male,5,5,Grocery,3,Married,2,1,19,7,2,7,151
C006902,50,Mobile Phone,3,8,UPI,Male,1,3,Others,5,Married,7,0,10,0,1,18,310
C006903,38,Tablet,1,36,Credit Card,Female,1,2,Laptop & Accessory,3,Single,4,0,21,3,9,11,490
C006904,37,Mobile Phone,3,10,Cash on Delivery,Female,4,3,Others,5,Married,7,0,2,8,3,16,150
C006905,45,Mobile Phone,1,30,Cash on Delivery,Female,2,5,Grocery,1,Single,1,0,10,7,3,12,259
C006906,51,Computer,3,10,Debit Card,Male,3,2,Fashion,5,Single,2,0,29,5,8,14,360
C006907,54,Computer,2,39,Credit Card,Female,2,4,Fashion,5,Married,2,0,9,4,13,3,217
C006908,8,Mobile Phone,3,45,E wallet,Male,5,4,Fashion,1,Single,1,0,12,10,12,11,273
C006909,41,Mobile Phone,1,47,Cash on Delivery,Male,2,5,Mobile Phone,2,Divorced,1,1,9,1,14,16,139
C006910,49,Mobile Phone,2,9,Debit Card,Female,4,6,Mobile Phone,4,Married,5,1,30,0,12,26,283
C006911,35,Mobile Phone,3,18,Cash on Delivery,Female,2,2,Mobile Phone,4,Single,6,0,11,9,8,14,180
C006912,51,Mobile Phone,3,6,Credit Card,Female,1,3,Others,3,Single,2,0,4,7,9,14,419
C006913,11,Tablet,1,44,Credit Card,Female,4,6,Laptop & Accessory,3,Married,1,0,24,2,15,19,242
C006914,24,Mobile Phone,3,17,UPI,Female,4,6,Fashion,2,Divorced,6,0,28,3,12,2,386
C006915,49,Computer,1,9,E wallet,Male,4,5,Fashion,3,Married,2,0,20,7,11,28,379
C006916,21,Computer,2,40,E wallet,Male,2,5,Others,4,Single,1,0,14,2,11,12,174
C006917,51,Mobile Phone,2,40,Debit Card,Female,1,1,Laptop & Accessory,5,Married,3,1,9,2,4,23,448
C006918,2,Computer,1,23,E wallet,Female,2,6,Laptop & Accessory,5,Single,6,1,22,6,10,17,343
C006919,40,Mobile Phone,1,24,Credit Card,Female,5,6,Others,3,Single,3,0,10,4,12,2,158
C006920,19,Mobile Phone,3,26,E wallet,Female,3,3,Fashion,4,Married,6,0,1,10,9,26,180
C006921,39,Mobile Phone,1,35,Debit Card,Female,3,3,Grocery,1,Married,3,0,16,5,3,11,107
C006922,28,Mobile Phone,1,45,Cash on Delivery,Male,3,4,Grocery,1,Single,7,0,10,7,13,29,413
C006923,59,Computer,3,48,E wallet,Male,5,1,Laptop & Accessory,5,Married,2,0,12,5,15,13,322
C006924,17,Tablet,3,8,E wallet,Male,5,6,Laptop & Accessory,4,Married,2,0,7,10,3,13,310
C006925,6,Mobile Phone,2,7,Credit Card,Male,5,3,Fashion,5,Single,2,1,1,0,15,29,302
C006926,19,Computer,1,41,Credit Card,Female,1,6,Laptop & Accessory,4,Single,4,0,8,8,13,14,303
C006927,56,Mobile Phone,1,29,Cash on Delivery,Female,4,3,Others,1,Married,6,0,25,7,12,24,482
C006928,38,Computer,2,41,UPI,Female,5,4,Grocery,3,Married,3,0,20,7,9,8,271
C006929,28,Mobile Phone,2,8,E wallet,Male,3,1,Grocery,2,Married,1,0,19,7,1,28,350
C006930,2,Mobile Phone,2,43,Credit Card,Male,3,1,Laptop & Accessory,3,Married,6,0,17,9,1,5,97
C006931,38,Mobile Phone,3,11,UPI,Female,2,2,Others,4,Married,6,0,23,6,10,18,109
C006932,55,Mobile Phone,2,11,E wallet,Male,4,6,Laptop & Accessory,5,Married,5,1,15,9,15,12,170
C006933,37,Mobile Phone,1,29,E wallet,Female,5,5,Laptop & Accessory,5,Married,4,0,17,0,4,10,261
C006934,51,Computer,3,19,UPI,Female,4,2,Others,1,Single,6,0,11,6,2,10,315
C006935,52,Mobile Phone,2,11,Credit Card,Female,5,1,Others,1,Married,2,1,25,2,5,15,438
C006936,4,Computer,2,8,Cash on Delivery,Female,3,6,Mobile Phone,3,Married,6,0,8,3,6,20,304
C006937,22,Computer,3,38,E wallet,Male,4,4,Grocery,3,Married,3,1,18,5,2,15,119
C006938,26,Mobile Phone,3,49,Debit Card,Female,4,2,Laptop & Accessory,2,Divorced,4,0,15,4,1,26,140
C006939,49,Mobile Phone,2,48,Debit Card,Female,5,4,Fashion,4,Single,3,1,8,2,3,11,474
C006940,43,Computer,1,46,Debit Card,Female,5,1,Laptop & Accessory,3,Single,1,0,19,5,6,5,328
C006941,36,Mobile Phone,3,23,Cash on Delivery,Female,4,6,Laptop & Accessory,3,Single,5,1,24,5,1,10,400
C006942,58,Mobile Phone,2,42,E wallet,Female,5,4,Fashion,1,Single,4,0,24,9,14,9,427
C006943,13,Mobile Phone,2,31,Credit Card,Male,4,2,Grocery,4,Married,5,1,4,9,12,2,450
C006944,52,Mobile Phone,2,9,Credit Card,Female,2,1,Mobile Phone,1,Married,4,1,19,2,4,16,480
C006945,58,Tablet,2,17,Cash on Delivery,Female,4,1,Others,2,Single,3,0,18,8,8,25,439
C006946,32,Mobile Phone,3,50,E wallet,Male,1,2,Mobile Phone,3,Divorced,2,1,26,1,9,23,279
C006947,17,Mobile Phone,2,18,UPI,Female,4,6,Laptop & Accessory,3,Married,3,1,25,7,9,27,408
C006948,41,Mobile Phone,3,34,UPI,Female,2,5,Laptop & Accessory,3,Divorced,2,0,14,2,7,22,434
C006949,36,Computer,3,14,E wallet,Female,2,2,Fashion,5,Single,2,0,3,3,7,18,157
C006950,55,Computer,3,36,E wallet,Female,3,2,Fashion,4,Married,7,0,21,4,4,28,214
C006951,60,Mobile Phone,2,5,Credit Card,Female,3,6,Laptop & Accessory,1,Single,2,0,7,4,7,28,189
C006952,46,Mobile Phone,3,28,Cash on Delivery,Female,1,3,Mobile Phone,1,Single,7,0,15,0,2,9,438
C006953,19,Mobile Phone,1,33,Cash on Delivery,Female,5,1,Mobile Phone,1,Single,3,1,11,3,8,15,500
C006954,58,Mobile Phone,1,47,Credit Card,Male,5,3,Grocery,2,Married,3,0,2,1,2,22,280
C006955,60,Mobile Phone,3,11,Debit Card,Female,2,3,Laptop & Accessory,5,Married,5,0,25,7,4,27,52
C006956,35,Tablet,2,35,UPI,Female,2,3,Others,2,Single,4,1,8,5,1,10,53
C006957,46,Mobile Phone,1,21,E wallet,Female,3,4,Others,4,Married,2,0,15,7,1,3,182
C006958,40,Mobile Phone,1,34,UPI,Male,2,2,Mobile Phone,1,Single,1,0,26,2,7,6,155
C006959,56,Computer,1,29,UPI,Female,4,3,Fashion,1,Divorced,1,0,21,7,12,8,328
C006960,59,Mobile Phone,3,32,Cash on Delivery,Female,4,4,Fashion,1,Single,2,0,14,7,12,17,85
C006961,28,Mobile Phone,2,40,Credit Card,Female,1,4,Mobile Phone,3,Married,4,0,19,8,10,16,153
C006962,1,Mobile Phone,1,11,Debit Card,Male,4,1,Grocery,3,Married,3,0,2,0,12,25,58
C006963,42,Mobile Phone,3,39,Debit Card,Female,1,2,Laptop & Accessory,1,Married,5,0,4,3,9,28,285
C006964,18,Computer,1,24,Credit Card,Male,3,6,Others,1,Married,1,1,7,8,1,21,426
C006965,48,Mobile Phone,3,18,UPI,Male,4,5,Mobile Phone,3,Single,4,0,22,0,12,3,129
C006966,40,Mobile Phone,2,34,Credit Card,Female,1,2,Fashion,2,Single,3,0,6,6,5,11,144
C006967,33,Mobile Phone,2,5,Credit Card,Female,5,4,Laptop & Accessory,5,Divorced,7,1,12,3,1,11,197
C006968,12,Computer,1,42,E wallet,Male,1,2,Others,2,Single,7,0,15,8,7,14,209
C006969,8,Mobile Phone,1,45,E wallet,Female,4,1,Grocery,5,Married,6,1,10,0,6,16,334
C006970,24,Mobile Phone,3,29,UPI,Male,1,2,Mobile Phone,3,Married,6,1,28,7,2,18,411
C006971,16,Tablet,1,38,Cash on Delivery,Female,3,4,Laptop & Accessory,1,Married,7,0,13,0,8,2,419
C006972,50,Mobile Phone,3,12,Debit Card,Male,2,4,Others,1,Divorced,2,0,6,5,5,24,298
C006973,4,Computer,2,24,E wallet,Male,5,3,Grocery,1,Married,3,0,20,1,13,4,481
C006974,38,Mobile Phone,2,34,UPI,Female,3,4,Fashion,2,Married,3,0,7,10,11,29,251
C006975,44,Mobile Phone,2,8,Credit Card,Male,5,1,Laptop & Accessory,1,Married,6,0,23,8,13,2,418
C006976,27,Mobile Phone,1,25,E wallet,Female,5,4,Mobile Phone,5,Single,6,0,26,5,6,12,214
C006977,9,Mobile Phone,2,31,Credit Card,Male,1,2,Others,1,Divorced,3,0,8,1,4,19,139
C006978,47,Mobile Phone,3,14,Credit Card,Male,2,6,Fashion,3,Single,6,0,12,8,3,16,119
C006979,16,Mobile Phone,1,27,E wallet,Female,1,6,Fashion,1,Married,5,1,3,5,8,11,123
C006980,56,Mobile Phone,2,37,UPI,Male,1,6,Others,2,Divorced,1,1,3,7,7,27,67
C006981,12,Mobile Phone,2,15,Debit Card,Male,4,5,Others,2,Married,1,1,5,4,7,20,113
C006982,31,Mobile Phone,2,45,UPI,Female,1,4,Others,3,Single,7,0,11,10,2,15,110
C006983,24,Tablet,1,23,Cash on Delivery,Male,2,6,Laptop & Accessory,4,Single,5,0,6,7,13,26,418
C006984,55,Mobile Phone,2,15,Cash on Delivery,Male,3,1,Mobile Phone,2,Single,4,0,10,8,3,0,448
C006985,14,Tablet,3,8,Debit Card,Male,1,1,Fashion,4,Married,3,0,24,0,1,8,70
C006986,45,Mobile Phone,1,27,Cash on Delivery,Male,2,6,Grocery,3,Married,2,0,3,2,5,7,353
C006987,25,Mobile Phone,2,9,Credit Card,Male,1,1,Others,1,Married,6,0,17,7,7,9,317
C006988,34,Mobile Phone,2,9,Cash on Delivery,Female,5,6,Mobile Phone,4,Married,5,0,6,8,15,15,447
C006989,3,Computer,2,22,E wallet,Female,1,1,Grocery,3,Single,3,1,6,3,3,21,339
C006990,58,Computer,2,21,Credit Card,Female,4,2,Laptop & Accessory,4,Single,3,0,20,3,9,10,327
C006991,24,Mobile Phone,2,7,UPI,Male,5,3,Fashion,4,Single,1,0,14,7,8,27,74
C006992,54,Computer,1,47,Debit Card,Female,2,5,Mobile Phone,1,Single,5,0,13,0,14,26,82
C006993,42,Mobile Phone,3,12,E wallet,Male,1,6,Mobile Phone,2,Single,6,0,23,2,3,4,168
C006994,9,Mobile Phone,3,44,E wallet,Female,5,3,Fashion,4,Single,2,1,14,7,14,24,427
C006995,26,Tablet,1,27,Debit Card,Female,5,3,Fashion,5,Married,6,0,26,8,8,11,85
C006996,20,Computer,2,27,Cash on Delivery,Male,3,3,Others,1,Single,5,0,28,6,14,26,498
C006997,40,Tablet,3,6,Debit Card,Female,5,2,Fashion,5,Single,2,1,8,0,1,15,229
C006998,10,Mobile Phone,3,43,Debit Card,Male,2,5,Mobile Phone,1,Married,6,0,21,7,4,18,69
C006999,19,Mobile Phone,3,25,Cash on Delivery,Male,1,4,Others,1,Married,3,1,22,9,9,13,247
C007000,3,Mobile Phone,3,28,UPI,Male,5,4,Fashion,2,Married,6,0,8,10,13,20,396
C007001,24,Mobile Phone,1,42,Debit Card,Male,2,6,Grocery,5,Single,2,0,11,2,5,12,167
C007002,5,Computer,3,24,Cash on Delivery,Female,3,5,Grocery,4,Single,3,0,7,3,6,23,428
C007003,3,Mobile Phone,3,43,E wallet,Male,1,5,Fashion,1,Single,6,0,21,8,14,11,188
C007004,58,Mobile Phone,1,31,Debit Card,Male,4,1,Mobile Phone,5,Single,7,0,17,7,7,3,426
C007005,27,Mobile Phone,1,48,Debit Card,Male,5,3,Others,5,Married,6,0,14,8,13,1,297
C007006,16,Mobile Phone,2,43,UPI,Male,5,1,Others,2,Married,6,0,1,3,5,24,282
C007007,49,Mobile Phone,2,11,UPI,Female,3,2,Others,5,Single,6,0,19,10,10,17,325
C007008,15,Mobile Phone,1,37,E wallet,Male,2,2,Laptop & Accessory,4,Married,6,0,10,7,13,25,264
C007009,35,Computer,1,33,UPI,Female,3,5,Fashion,5,Married,2,0,12,3,8,2,118
C007010,12,Mobile Phone,1,14,E wallet,Female,2,2,Laptop & Accessory,2,Married,1,0,6,0,13,10,418
C007011,41,Computer,2,14,Debit Card,Male,1,5,Laptop & Accessory,1,Married,5,0,19,3,8,3,292
C007012,53,Mobile Phone,1,16,Cash on Delivery,Female,5,4,Grocery,5,Single,1,0,7,10,7,18,424
C007013,44,Mobile Phone,3,7,UPI,Male,4,3,Others,5,Single,4,0,5,0,11,2,116
C007014,26,Mobile Phone,1,7,E wallet,Male,3,2,Laptop & Accessory,3,Married,5,0,2,5,10,29,336
C007015,47,Computer,3,17,UPI,Male,4,1,Mobile Phone,4,Married,5,0,0,1,10,6,368
C007016,34,Mobile Phone,3,49,UPI,Female,4,2,Fashion,4,Married,2,0,24,8,13,16,106
C007017,23,Mobile Phone,3,35,Credit Card,Male,5,6,Mobile Phone,4,Married,7,0,13,7,11,10,142
C007018,31,Mobile Phone,2,31,Debit Card,Female,5,3,Others,5,Married,3,1,0,5,11,12,485
C007019,50,Mobile Phone,1,10,UPI,Male,4,2,Grocery,4,Married,2,0,7,8,9,23,211
C007020,20,Computer,2,31,Cash on Delivery,Male,1,5,Mobile Phone,4,Single,7,0,26,3,3,3,400
C007021,12,Computer,1,39,Credit Card,Male,4,2,Mobile Phone,3,Divorced,5,0,18,7,11,8,382
C007022,23,Mobile Phone,3,13,E wallet,Female,2,4,Laptop & Accessory,2,Single,1,0,20,2,14,21,349
C007023,4,Mobile Phone,1,10,E wallet,Male,2,4,Mobile Phone,2,Married,3,0,15,8,7,17,416
C007024,23,Computer,2,10,Cash on Delivery,Female,2,2,Grocery,1,Single,2,0,21,4,6,22,177
C007025,48,Mobile Phone,3,44,Cash on Delivery,Male,2,1,Mobile Phone,3,Single,1,0,5,5,1,30,173
C007026,55,Mobile Phone,3,30,Debit Card,Female,3,2,Mobile Phone,5,Married,2,0,8,5,6,28,167
C007027,48,Mobile Phone,3,47,Cash on Delivery,Male,1,5,Others,1,Married,6,0,19,0,11,22,159
C007028,1,Mobile Phone,2,23,E wallet,Male,3,5,Grocery,4,Single,5,0,5,4,1,28,200
C007029,54,Mobile Phone,2,20,Debit Card,Female,3,5,Mobile Phone,1,Married,2,0,2,10,15,1,124
C007030,25,Computer,2,45,Cash on Delivery,Male,2,1,Others,2,Single,7,1,5,8,11,4,202
C007031,2,Mobile Phone,1,27,Cash on Delivery,Male,1,4,Fashion,1,Divorced,1,0,9,7,8,18,271
C007032,30,Mobile Phone,3,15,E wallet,Male,1,5,Mobile Phone,1,Married,6,0,12,8,6,27,130
C007033,3,Computer,2,20,Debit Card,Female,4,5,Mobile Phone,3,Single,1,0,0,0,13,20,161
C007034,58,Mobile Phone,1,33,Credit Card,Female,3,2,Others,4,Single,6,1,15,2,6,17,423
C007035,21,Mobile Phone,3,42,Credit Card,Female,1,4,Others,5,Single,1,0,30,1,14,16,499
C007036,25,Mobile Phone,2,24,Debit Card,Female,5,5,Others,5,Single,2,0,11,6,7,30,385
C007037,20,Mobile Phone,3,25,Cash on Delivery,Male,3,5,Mobile Phone,3,Married,6,0,12,5,10,5,177
C007038,49,Computer,3,32,Cash on Delivery,Male,1,2,Laptop & Accessory,3,Single,5,1,24,1,10,5,71
C007039,52,Computer,3,37,Debit Card,Female,5,2,Laptop & Accessory,5,Single,7,1,13,3,5,2,346
C007040,22,Mobile Phone,1,44,Credit Card,Male,5,3,Others,1,Single,4,0,19,7,3,14,423
C007041,21,Computer,1,30,UPI,Female,5,2,Laptop & Accessory,4,Married,4,0,10,5,13,18,148
C007042,33,Mobile Phone,3,14,E wallet,Male,2,2,Fashion,5,Married,4,0,13,3,2,18,115
C007043,52,Computer,3,38,Debit Card,Female,4,3,Laptop & Accessory,1,Married,3,0,25,5,15,12,176
C007044,38,Mobile Phone,2,13,UPI,Female,4,5,Laptop & Accessory,1,Divorced,5,0,7,4,8,9,266
C007045,15,Mobile Phone,2,40,E wallet,Female,1,6,Mobile Phone,2,Single,5,0,8,0,6,24,75
C007046,58,Mobile Phone,1,15,UPI,Male,1,2,Laptop & Accessory,3,Single,3,1,23,4,2,16,157
C007047,58,Mobile Phone,3,14,UPI,Female,4,1,Others,5,Divorced,4,0,12,7,5,26,365
C007048,46,Mobile Phone,1,50,E wallet,Female,5,3,Mobile Phone,5,Single,6,1,13,2,7,10,464
C007049,52,Mobile Phone,1,11,UPI,Male,1,6,Laptop & Accessory,4,Married,4,1,30,6,3,4,295
C007050,15,Computer,2,42,Credit Card,Male,2,6,Fashion,5,Single,6,0,14,7,10,24,210
C007051,46,Mobile Phone,1,20,Debit Card,Male,2,3,Mobile Phone,1,Married,6,0,20,5,13,14,131
C007052,25,Tablet,3,30,Credit Card,Female,4,6,Mobile Phone,1,Married,3,0,22,3,8,15,419
C007053,21,Mobile Phone,1,36,Credit Card,Male,1,5,Mobile Phone,4,Married,1,0,19,9,10,27,426
C007054,24,Mobile Phone,1,35,E wallet,Female,1,6,Laptop & Accessory,1,Married,6,0,4,10,13,9,63
C007055,57,Computer,2,36,E wallet,Male,5,6,Others,1,Single,5,1,29,9,6,24,329
C007056,58,Mobile Phone,2,49,E wallet,Female,1,2,Grocery,5,Married,7,1,6,0,2,9,220
C007057,5,Computer,1,16,UPI,Female,4,1,Grocery,3,Single,7,0,12,9,7,13,409
C007058,6,Computer,2,31,UPI,Female,1,5,Grocery,5,Single,4,0,2,0,5,13,360
C007059,49,Mobile Phone,2,26,Debit Card,Male,1,2,Laptop & Accessory,2,Single,4,0,0,8,7,27,118
C007060,43,Mobile Phone,3,19,UPI,Female,2,5,Fashion,4,Single,3,0,18,6,7,24,234
C007061,48,Mobile Phone,1,12,Debit Card,Female,4,6,Mobile Phone,1,Married,2,0,30,0,12,1,267
C007062,44,Mobile Phone,3,8,Credit Card,Female,3,3,Mobile Phone,5,Divorced,6,0,20,7,3,18,371
C007063,47,Mobile Phone,2,12,Debit Card,Male,4,3,Others,5,Married,5,0,1,1,2,24,189
C007064,23,Computer,1,27,Debit Card,Male,4,2,Mobile Phone,1,Married,6,0,24,10,11,27,234
C007065,4,Mobile Phone,1,20,E wallet,Male,3,5,Others,4,Married,5,1,15,4,12,17,404
C007066,27,Mobile Phone,2,38,UPI,Female,3,6,Laptop & Accessory,5,Married,5,0,17,5,12,0,348
C007067,18,Mobile Phone,1,26,Cash on Delivery,Female,2,2,Grocery,3,Single,7,0,4,9,4,27,424
C007068,21,Tablet,1,27,Cash on Delivery,Male,5,6,Others,1,Married,1,1,5,6,8,26,238
C007069,28,Mobile Phone,1,9,E wallet,Female,4,4,Others,4,Single,6,1,29,6,3,28,404
C007070,35,Mobile Phone,2,41,Credit Card,Male,4,2,Mobile Phone,2,Married,2,0,16,0,10,26,206
C007071,22,Mobile Phone,2,48,Credit Card,Male,4,6,Laptop & Accessory,1,Single,5,0,25,4,14,0,359
C007072,40,Tablet,1,11,Credit Card,Male,4,4,Grocery,2,Single,1,0,17,7,2,8,426
C007073,23,Tablet,2,41,Debit Card,Male,2,3,Laptop & Accessory,1,Single,1,0,3,4,3,4,463
C007074,3,Mobile Phone,3,30,UPI,Male,4,1,Grocery,5,Divorced,6,0,8,3,1,6,385
C007075,40,Computer,1,32,Credit Card,Male,3,3,Fashion,4,Single,1,0,29,7,6,28,87
C007076,50,Mobile Phone,3,8,Cash on Delivery,Male,3,1,Laptop & Accessory,3,Married,5,0,5,10,5,9,115
C007077,10,Tablet,2,36,Debit Card,Female,1,5,Fashion,2,Married,5,1,17,3,10,12,482
C007078,25,Mobile Phone,3,42,Credit Card,Female,2,1,Grocery,2,Single,7,0,16,3,4,4,102
C007079,52,Mobile Phone,1,50,Credit Card,Male,1,5,Others,1,Married,3,0,27,8,7,20,415
C007080,49,Mobile Phone,3,13,UPI,Female,4,4,Fashion,2,Single,6,0,23,2,3,26,259
C007081,8,Mobile Phone,2,40,UPI,Male,2,5,Grocery,1,Married,3,1,0,8,14,29,378
C007082,55,Computer,2,30,Debit Card,Female,2,2,Grocery,1,Divorced,2,1,1,6,10,25,242
C007083,11,Mobile Phone,2,15,Cash on Delivery,Male,5,2,Fashion,2,Single,7,0,1,9,12,4,165
C007084,5,Tablet,1,24,E wallet,Female,5,6,Laptop & Accessory,2,Single,7,0,11,4,12,1,135
C007085,58,Mobile Phone,3,42,Cash on Delivery,Male,1,2,Others,5,Single,3,0,6,0,6,5,390
C007086,45,Mobile Phone,2,19,UPI,Female,1,3,Grocery,5,Married,6,0,18,10,12,4,195
C007087,53,Mobile Phone,1,39,UPI,Male,3,6,Laptop & Accessory,5,Married,6,0,5,3,2,17,460
C007088,55,Mobile Phone,1,13,E wallet,Male,3,2,Grocery,4,Divorced,5,0,14,5,2,30,296
C007089,37,Computer,1,37,Cash on Delivery,Female,3,5,Grocery,3,Single,3,1,14,10,11,9,421
C007090,56,Mobile Phone,2,15,Cash on Delivery,Male,2,5,Grocery,5,Single,2,0,12,0,15,12,157
C007091,59,Mobile Phone,2,26,E wallet,Male,4,5,Laptop & Accessory,5,Single,5,0,12,4,14,28,194
C007092,45,Mobile Phone,2,10,UPI,Male,1,2,Mobile Phone,1,Divorced,4,0,14,8,6,17,432
C007093,38,Mobile Phone,1,41,Debit Card,Female,3,6,Others,3,Single,4,0,9,5,14,0,169
C007094,29,Tablet,2,25,Cash on Delivery,Female,2,4,Others,2,Single,4,0,14,3,3,14,443
C007095,5,Mobile Phone,2,16,Credit Card,Female,5,4,Mobile Phone,4,Married,2,1,0,9,14,1,360
C007096,9,Computer,1,11,Cash on Delivery,Female,4,3,Grocery,2,Single,2,0,6,6,3,18,272
C007097,59,Mobile Phone,1,6,Cash on Delivery,Female,5,5,Mobile Phone,1,Single,5,0,14,3,7,15,139
C007098,48,Mobile Phone,1,43,Cash on Delivery,Male,5,5,Fashion,4,Single,4,0,2,2,1,27,373
C007099,2,Tablet,3,45,UPI,Male,4,3,Fashion,5,Divorced,6,1,11,2,6,9,316
C007100,1,Mobile Phone,2,28,Credit Card,Female,2,5,Laptop & Accessory,3,Single,1,0,4,8,14,1,365
C007101,40,Mobile Phone,3,30,Cash on Delivery,Female,5,1,Laptop & Accessory,3,Single,3,1,2,7,2,24,242
C007102,60,Mobile Phone,1,29,Debit Card,Female,2,6,Fashion,5,Married,7,0,3,4,7,20,424
C007103,51,Mobile Phone,3,24,Credit Card,Male,5,3,Mobile Phone,2,Single,6,0,9,2,2,0,148
C007104,30,Computer,2,44,E wallet,Male,3,5,Laptop & Accessory,2,Married,4,0,19,9,3,0,128
C007105,11,Mobile Phone,2,45,Debit Card,Female,4,3,Mobile Phone,5,Married,7,1,10,7,9,29,465
C007106,28,Computer,1,46,E wallet,Female,1,1,Laptop & Accessory,5,Single,4,0,30,3,10,6,158
C007107,44,Mobile Phone,2,48,Cash on Delivery,Female,4,1,Others,3,Married,4,0,30,2,6,22,297
C007108,12,Mobile Phone,3,6,UPI,Male,5,6,Mobile Phone,2,Divorced,7,0,30,4,11,30,251
C007109,39,Mobile Phone,1,46,Cash on Delivery,Female,5,2,Fashion,4,Married,4,0,19,8,2,30,375
C007110,26,Mobile Phone,1,39,Cash on Delivery,Female,3,5,Fashion,4,Divorced,6,0,15,5,15,8,392
C007111,13,Tablet,2,37,E wallet,Male,3,6,Laptop & Accessory,1,Divorced,5,0,8,6,15,8,203
C007112,59,Mobile Phone,3,21,Cash on Delivery,Female,4,1,Mobile Phone,1,Married,3,0,26,9,9,8,54
C007113,8,Mobile Phone,2,26,Debit Card,Female,1,1,Grocery,1,Single,4,0,12,5,5,1,201
C007114,54,Computer,1,5,UPI,Female,4,6,Fashion,2,Married,5,0,4,2,6,3,132
C007115,28,Computer,2,41,E wallet,Male,1,1,Fashion,4,Single,7,1,25,10,12,29,51
C007116,58,Mobile Phone,1,34,Credit Card,Male,2,2,Mobile Phone,2,Single,6,0,26,2,15,6,433
C007117,30,Computer,3,50,Cash on Delivery,Male,5,5,Mobile Phone,5,Married,4,0,8,1,7,0,95
C007118,9,Mobile Phone,3,10,E wallet,Male,2,3,Laptop & Accessory,3,Single,6,0,23,9,3,30,290
C007119,39,Mobile Phone,2,45,Cash on Delivery,Female,4,2,Grocery,1,Single,1,0,20,0,4,16,203
C007120,31,Mobile Phone,1,18,Cash on Delivery,Male,1,5,Fashion,5,Divorced,6,0,24,8,8,8,156
C007121,58,Mobile Phone,3,40,E wallet,Male,1,1,Mobile Phone,5,Married,5,0,26,1,15,28,464
C007122,21,Mobile Phone,2,37,Debit Card,Male,2,2,Fashion,3,Single,1,0,26,3,11,4,464
C007123,56,Mobile Phone,3,42,Credit Card,Male,3,4,Grocery,4,Single,4,1,29,2,9,17,453
C007124,47,Mobile Phone,2,43,Cash on Delivery,Female,3,4,Others,4,Married,3,0,23,3,15,10,332
C007125,34,Computer,3,10,Debit Card,Male,2,1,Others,5,Married,5,0,8,3,5,9,239
C007126,55,Tablet,3,30,Cash on Delivery,Male,3,5,Grocery,3,Married,1,0,28,9,14,8,422
C007127,31,Computer,1,28,Cash on Delivery,Male,1,5,Mobile Phone,4,Single,6,0,9,4,6,5,409
C007128,52,Mobile Phone,3,37,Debit Card,Male,4,2,Others,1,Single,1,1,13,0,13,12,324
C007129,25,Mobile Phone,1,12,Cash on Delivery,Male,3,4,Mobile Phone,2,Married,3,0,21,6,15,14,333
C007130,12,Mobile Phone,3,48,Credit Card,Female,1,5,Laptop & Accessory,3,Divorced,5,0,12,5,3,4,412
C007131,1,Mobile Phone,3,47,E wallet,Male,4,2,Fashion,5,Single,2,0,11,10,10,2,295
C007132,55,Mobile Phone,1,38,Debit Card,Male,1,2,Laptop & Accessory,2,Single,1,0,21,4,10,10,105
C007133,22,Mobile Phone,2,38,UPI,Female,5,4,Others,4,Married,5,1,7,1,10,18,303
C007134,40,Computer,2,28,Cash on Delivery,Male,4,1,Others,4,Single,2,0,27,3,7,7,223
C007135,37,Mobile Phone,3,6,E wallet,Female,5,2,Mobile Phone,3,Married,5,0,2,8,8,21,447
C007136,47,Mobile Phone,3,12,Credit Card,Female,3,1,Others,2,Single,4,0,25,9,6,22,154
C007137,1,Mobile Phone,2,29,Credit Card,Female,3,4,Mobile Phone,4,Married,1,1,19,3,13,30,375
C007138,1,Mobile Phone,3,34,UPI,Female,1,2,Grocery,3,Married,2,0,16,8,15,0,174
C007139,57,Mobile Phone,1,36,Credit Card,Female,2,3,Others,2,Single,3,1,30,5,5,21,440
C007140,42,Mobile Phone,1,34,E wallet,Female,1,4,Grocery,5,Married,7,0,12,3,8,13,408
C007141,54,Mobile Phone,2,11,UPI,Male,5,4,Grocery,5,Single,7,0,9,9,14,12,452
C007142,42,Mobile Phone,2,28,Debit Card,Female,4,3,Fashion,4,Single,3,0,17,5,2,11,298
C007143,21,Mobile Phone,1,13,UPI,Male,2,4,Mobile Phone,3,Married,4,1,5,4,15,13,491
C007144,15,Computer,2,20,Debit Card,Female,1,3,Grocery,1,Divorced,7,0,17,6,12,11,212
C007145,17,Computer,1,6,Credit Card,Male,5,3,Fashion,4,Married,4,0,18,4,13,18,464
C007146,22,Mobile Phone,3,39,E wallet,Female,5,4,Others,1,Single,7,0,10,7,10,8,215
C007147,38,Mobile Phone,1,38,Cash on Delivery,Male,3,3,Others,2,Single,6,0,0,0,1,4,377
C007148,35,Computer,2,26,UPI,Female,1,3,Grocery,3,Married,2,0,8,9,4,20,411
C007149,45,Mobile Phone,2,23,Credit Card,Male,1,4,Others,4,Married,1,0,10,3,15,22,351
C007150,16,Mobile Phone,3,25,E wallet,Male,5,3,Mobile Phone,5,Divorced,1,0,11,3,3,28,130
C007151,8,Mobile Phone,2,16,Cash on Delivery,Male,1,1,Others,2,Married,6,0,20,1,5,7,104
C007152,47,Mobile Phone,3,15,UPI,Female,3,4,Laptop & Accessory,2,Married,3,0,20,8,8,2,215
C007153,17,Computer,3,23,E wallet,Male,2,4,Others,2,Married,7,0,9,6,1,11,271
C007154,17,Computer,2,10,Credit Card,Female,5,1,Grocery,1,Single,4,0,8,0,2,30,325
C007155,54,Mobile Phone,1,46,UPI,Male,3,5,Fashion,1,Married,6,0,11,6,6,3,342
C007156,26,Mobile Phone,3,18,UPI,Female,3,6,Mobile Phone,2,Single,7,0,20,9,1,16,332
C007157,13,Mobile Phone,2,37,Debit Card,Female,4,2,Mobile Phone,4,Single,3,1,17,5,13,25,177
C007158,17,Mobile Phone,2,42,Debit Card,Male,2,3,Fashion,1,Married,2,0,17,0,7,16,77
C007159,38,Tablet,2,17,UPI,Male,3,6,Mobile Phone,3,Divorced,3,0,8,5,5,7,287
C007160,17,Mobile Phone,3,30,E wallet,Female,4,3,Grocery,5,Single,3,1,6,8,15,27,51
C007161,48,Mobile Phone,3,18,Credit Card,Female,4,6,Grocery,4,Single,4,0,4,1,7,27,489
C007162,14,Computer,3,49,Cash on Delivery,Female,1,2,Fashion,3,Married,4,0,4,3,12,20,329
C007163,45,Computer,1,28,Debit Card,Male,3,3,Grocery,1,Married,1,0,11,7,4,29,426
C007164,6,Computer,2,5,Credit Card,Male,5,6,Laptop & Accessory,5,Married,1,0,6,6,15,29,288
C007165,35,Mobile Phone,1,50,UPI,Male,1,3,Grocery,2,Married,7,1,23,3,14,22,108
C007166,46,Mobile Phone,1,49,Credit Card,Male,2,1,Mobile Phone,5,Divorced,6,1,13,7,6,29,208
C007167,14,Mobile Phone,3,34,Credit Card,Male,5,1,Fashion,2,Married,1,0,8,8,2,21,307
C007168,47,Mobile Phone,1,14,Credit Card,Male,5,6,Laptop & Accessory,3,Single,3,0,21,5,14,25,397
C007169,8,Tablet,2,14,UPI,Male,4,1,Grocery,3,Single,3,0,0,5,3,12,342
C007170,15,Mobile Phone,2,32,Debit Card,Female,3,1,Laptop & Accessory,4,Married,5,0,2,0,15,6,110
C007171,54,Tablet,3,8,Cash on Delivery,Female,4,4,Others,3,Married,2,0,28,2,12,9,209
C007172,27,Mobile Phone,1,18,E wallet,Male,4,3,Others,1,Single,5,0,10,5,1,22,376
C007173,13,Computer,1,16,Debit Card,Male,3,2,Laptop & Accessory,1,Single,2,0,14,6,6,10,112
C007174,49,Mobile Phone,2,42,Cash on Delivery,Male,3,3,Others,5,Single,6,0,30,5,9,7,430
C007175,31,Tablet,1,41,UPI,Female,3,4,Others,2,Married,4,0,27,3,11,15,187
C007176,53,Mobile Phone,3,14,Cash on Delivery,Female,4,4,Others,5,Single,6,0,17,9,13,6,356
C007177,56,Mobile Phone,3,45,UPI,Male,3,3,Fashion,4,Married,3,1,7,3,1,28,427
C007178,35,Computer,2,31,Cash on Delivery,Female,3,6,Fashion,4,Married,5,0,0,9,6,8,301
C007179,60,Mobile Phone,3,46,Debit Card,Male,5,3,Others,1,Single,6,0,12,6,13,14,309
C007180,6,Mobile Phone,1,16,UPI,Female,4,1,Mobile Phone,4,Married,3,1,14,6,7,7,272
C007181,5,Tablet,3,26,Credit Card,Male,3,4,Others,1,Single,5,0,6,0,15,0,213
C007182,22,Mobile Phone,1,8,UPI,Female,4,3,Others,2,Single,1,1,2,6,4,26,392
C007183,58,Mobile Phone,3,33,UPI,Male,2,2,Others,5,Married,2,0,17,0,13,9,208
C007184,49,Mobile Phone,2,40,Cash on Delivery,Female,1,2,Mobile Phone,4,Single,1,0,3,3,5,1,495
C007185,23,Computer,1,49,UPI,Female,5,1,Mobile Phone,2,Single,6,0,7,0,10,29,65
C007186,25,Mobile Phone,1,18,Cash on Delivery,Male,5,1,Others,4,Single,3,0,4,4,2,28,105
C007187,34,Mobile Phone,2,16,Debit Card,Male,4,3,Grocery,3,Single,4,0,12,8,6,22,174
C007188,26,Mobile Phone,2,49,UPI,Male,3,2,Laptop & Accessory,4,Single,4,0,8,3,4,15,58
C007189,47,Mobile Phone,1,24,Credit Card,Female,4,6,Fashion,2,Single,1,0,8,9,14,8,262
C007190,5,Mobile Phone,2,49,Credit Card,Male,1,4,Laptop & Accessory,4,Single,5,0,10,8,1,18,427
C007191,26,Mobile Phone,2,27,Debit Card,Male,5,5,Fashion,3,Married,1,1,18,10,10,11,227
C007192,20,Mobile Phone,2,26,Credit Card,Male,5,2,Laptop & Accessory,4,Married,4,0,27,10,1,2,50
C007193,6,Mobile Phone,3,38,Cash on Delivery,Male,1,4,Mobile Phone,2,Married,1,0,17,3,10,12,95
C007194,6,Mobile Phone,1,25,UPI,Female,4,2,Others,1,Married,2,1,3,1,10,17,128
C007195,59,Mobile Phone,2,13,E wallet,Male,5,3,Fashion,2,Single,1,0,22,10,9,16,184
C007196,50,Mobile Phone,3,14,UPI,Male,3,5,Others,1,Single,5,0,28,5,11,4,351
C007197,18,Mobile Phone,2,14,UPI,Female,4,5,Others,1,Married,3,0,18,7,15,16,332
C007198,4,Mobile Phone,2,49,E wallet,Male,3,3,Mobile Phone,5,Single,1,1,22,6,2,5,146
C007199,17,Mobile Phone,2,34,Credit Card,Male,2,3,Fashion,2,Married,2,1,13,2,10,0,451
C007200,57,Mobile Phone,1,37,Credit Card,Male,1,1,Grocery,5,Married,6,0,3,1,12,9,375
C007201,14,Computer,2,6,UPI,Male,5,4,Mobile Phone,1,Single,5,1,27,6,3,5,201
C007202,14,Mobile Phone,3,36,Credit Card,Male,1,6,Others,4,Married,2,0,16,5,1,19,75
C007203,13,Mobile Phone,1,49,Cash on Delivery,Male,1,4,Fashion,1,Single,5,0,3,2,3,9,313
C007204,7,Mobile Phone,3,21,Cash on Delivery,Male,3,1,Mobile Phone,2,Married,6,0,9,1,6,5,89
C007205,44,Mobile Phone,1,32,E wallet,Female,5,4,Mobile Phone,2,Single,4,0,11,5,9,17,248
C007206,55,Computer,2,49,UPI,Female,2,5,Grocery,2,Single,4,0,25,9,13,21,339
C007207,15,Mobile Phone,3,21,Cash on Delivery,Male,1,2,Laptop & Accessory,2,Married,3,0,1,4,4,20,399
C007208,19,Mobile Phone,3,18,Debit Card,Male,3,5,Fashion,4,Married,3,0,13,1,4,9,292
C007209,43,Mobile Phone,3,14,Credit Card,Female,3,1,Fashion,5,Single,5,0,6,9,15,5,236
C007210,47,Mobile Phone,3,38,UPI,Male,5,4,Fashion,3,Married,7,0,4,2,6,23,262
C007211,44,Mobile Phone,2,18,Cash on Delivery,Female,4,4,Fashion,5,Single,2,1,19,7,12,24,448
C007212,35,Mobile Phone,2,21,E wallet,Female,4,2,Laptop & Accessory,1,Single,2,0,2,7,13,26,389
C007213,17,Computer,1,41,Cash on Delivery,Male,2,6,Mobile Phone,2,Married,1,1,28,9,1,17,403
C007214,35,Mobile Phone,1,26,Debit Card,Female,3,2,Mobile Phone,2,Married,4,0,0,2,3,22,157
C007215,19,Mobile Phone,2,22,Cash on Delivery,Female,4,2,Laptop & Accessory,3,Single,1,1,3,2,2,13,61
C007216,20,Mobile Phone,2,39,UPI,Male,1,5,Mobile Phone,5,Divorced,3,0,6,7,13,11,439
C007217,36,Mobile Phone,2,22,E wallet,Male,2,1,Laptop & Accessory,1,Single,4,0,23,10,7,16,90
C007218,35,Mobile Phone,3,34,E wallet,Male,1,1,Laptop & Accessory,2,Single,2,0,4,8,2,24,404
C007219,32,Mobile Phone,2,41,Debit Card,Male,4,1,Mobile Phone,3,Single,6,0,24,5,4,2,461
C007220,58,Mobile Phone,1,44,UPI,Male,3,5,Mobile Phone,3,Single,4,0,14,3,4,25,202
C007221,48,Mobile Phone,2,10,Debit Card,Male,4,3,Laptop & Accessory,1,Single,6,0,21,9,15,8,422
C007222,44,Computer,2,19,Debit Card,Male,2,4,Grocery,3,Married,3,0,12,2,11,15,438
C007223,40,Mobile Phone,2,39,Debit Card,Male,2,5,Others,3,Married,4,0,20,2,7,3,201
C007224,24,Computer,3,30,Cash on Delivery,Male,1,1,Fashion,5,Married,3,0,12,5,10,0,78
C007225,17,Mobile Phone,2,45,Credit Card,Male,1,5,Laptop & Accessory,2,Married,2,0,21,1,10,28,206
C007226,7,Mobile Phone,3,31,Cash on Delivery,Male,2,5,Mobile Phone,5,Married,5,0,6,7,14,7,175
C007227,43,Computer,2,34,UPI,Female,1,6,Laptop & Accessory,3,Single,7,0,1,5,2,10,61
C007228,50,Mobile Phone,2,15,Debit Card,Female,5,3,Mobile Phone,4,Married,4,0,23,5,4,16,57
C007229,1,Computer,3,28,Debit Card,Female,2,6,Laptop & Accessory,1,Single,5,0,7,5,14,7,484
C007230,35,Computer,1,18,Credit Card,Male,1,2,Mobile Phone,3,Married,3,0,3,5,3,2,96
C007231,32,Mobile Phone,1,27,E wallet,Male,4,6,Grocery,3,Single,4,0,0,8,13,12,95
C007232,36,Mobile Phone,1,13,Debit Card,Female,3,6,Others,5,Single,7,1,15,6,9,8,179
C007233,13,Mobile Phone,2,46,Cash on Delivery,Female,5,1,Mobile Phone,1,Single,2,0,5,0,5,29,409
C007234,6,Tablet,1,22,Debit Card,Female,5,5,Grocery,2,Married,4,0,7,2,12,3,167
C007235,58,Computer,3,43,UPI,Female,3,2,Others,1,Divorced,2,0,15,4,7,24,287
C007236,14,Mobile Phone,2,23,Credit Card,Female,3,4,Mobile Phone,3,Single,3,0,7,1,10,23,225
C007237,37,Mobile Phone,2,9,E wallet,Female,4,4,Fashion,5,Married,7,0,14,2,13,16,355
C007238,48,Mobile Phone,1,22,UPI,Male,3,4,Laptop & Accessory,4,Single,6,0,11,9,15,11,80
C007239,15,Mobile Phone,1,37,Cash on Delivery,Female,5,5,Laptop & Accessory,3,Married,6,0,5,10,12,6,499
C007240,47,Mobile Phone,1,48,UPI,Female,4,5,Laptop & Accessory,1,Married,5,1,4,2,15,15,354
C007241,4,Mobile Phone,2,42,Debit Card,Male,3,3,Mobile Phone,1,Married,1,1,15,1,14,5,258
C007242,40,Mobile Phone,2,17,Credit Card,Male,4,1,Fashion,4,Married,1,1,1,0,6,9,134
C007243,59,Mobile Phone,2,13,Debit Card,Female,4,2,Fashion,1,Single,6,0,7,5,8,5,346
C007244,16,Computer,2,30,Credit Card,Male,1,6,Fashion,1,Divorced,4,1,10,3,13,20,317
C007245,28,Computer,3,5,Cash on Delivery,Female,3,4,Others,5,Married,6,0,28,10,7,25,167
C007246,16,Computer,1,16,UPI,Female,1,2,Mobile Phone,1,Divorced,5,0,10,6,10,11,288
C007247,4,Computer,3,28,Credit Card,Male,5,3,Grocery,2,Single,2,1,9,4,10,28,153
C007248,45,Mobile Phone,2,5,UPI,Male,4,4,Others,4,Married,1,0,1,6,12,5,180
C007249,26,Mobile Phone,2,8,Credit Card,Male,5,2,Mobile Phone,3,Single,5,1,10,10,14,2,116
C007250,28,Mobile Phone,1,11,Debit Card,Female,4,1,Fashion,4,Married,5,0,9,5,9,16,330
C007251,32,Computer,2,32,Credit Card,Female,3,1,Mobile Phone,3,Divorced,3,0,26,8,11,8,174
C007252,45,Computer,1,41,Credit Card,Male,2,3,Fashion,5,Divorced,1,0,1,7,14,2,329
C007253,2,Computer,3,9,E wallet,Female,3,2,Grocery,1,Married,3,0,10,10,9,29,89
C007254,31,Computer,2,43,Cash on Delivery,Female,4,3,Fashion,3,Single,5,0,2,5,14,9,336
C007255,3,Mobile Phone,3,36,Debit Card,Male,2,3,Others,3,Married,7,0,29,10,4,11,52
C007256,54,Mobile Phone,2,35,Debit Card,Male,2,3,Mobile Phone,5,Married,1,0,19,7,4,15,315
C007257,8,Mobile Phone,1,48,UPI,Female,3,5,Laptop & Accessory,4,Married,2,0,7,8,4,18,295
C007258,24,Mobile Phone,2,19,Credit Card,Female,5,1,Fashion,4,Married,7,0,9,9,9,18,141
C007259,15,Mobile Phone,1,7,Credit Card,Male,3,5,Fashion,4,Single,4,0,19,8,6,14,113
C007260,43,Mobile Phone,3,50,Credit Card,Male,4,6,Laptop & Accessory,1,Married,5,0,30,4,3,9,175
C007261,31,Mobile Phone,3,19,Debit Card,Male,5,5,Others,5,Married,6,0,22,10,5,5,71
C007262,9,Mobile Phone,2,47,E wallet,Male,4,1,Grocery,3,Single,2,0,3,9,12,28,194
C007263,39,Mobile Phone,2,22,UPI,Male,5,3,Grocery,4,Single,4,0,2,0,10,15,218
C007264,45,Mobile Phone,2,25,Credit Card,Female,1,2,Others,4,Married,1,0,12,7,12,22,357
C007265,2,Mobile Phone,3,14,E wallet,Male,5,3,Mobile Phone,4,Single,2,0,13,4,10,4,181
C007266,8,Mobile Phone,1,25,Cash on Delivery,Female,1,3,Grocery,2,Married,2,0,29,3,12,8,426
C007267,7,Mobile Phone,3,30,Debit Card,Female,4,5,Others,1,Divorced,4,0,10,5,12,8,101
C007268,56,Computer,2,45,Cash on Delivery,Female,3,2,Fashion,4,Single,2,0,14,6,4,0,195
C007269,44,Mobile Phone,3,7,Debit Card,Female,4,1,Laptop & Accessory,2,Married,1,0,1,8,14,16,263
C007270,51,Mobile Phone,3,5,UPI,Male,3,4,Mobile Phone,5,Married,7,0,2,7,5,0,356
C007271,39,Computer,3,25,Cash on Delivery,Female,1,1,Mobile Phone,3,Single,1,0,22,10,8,2,182
C007272,42,Computer,2,15,UPI,Female,3,2,Fashion,4,Married,5,1,24,2,8,17,232
C007273,57,Computer,1,20,UPI,Male,4,1,Grocery,1,Married,4,0,9,5,13,8,125
C007274,16,Mobile Phone,2,39,UPI,Female,4,5,Mobile Phone,4,Divorced,3,0,20,6,6,15,347
C007275,35,Mobile Phone,2,25,Cash on Delivery,Male,4,2,Laptop & Accessory,1,Married,1,0,8,4,8,13,83
C007276,30,Mobile Phone,3,45,Cash on Delivery,Male,5,4,Fashion,2,Married,3,0,10,5,13,8,90
C007277,10,Mobile Phone,1,15,Cash on Delivery,Male,4,4,Mobile Phone,1,Married,2,0,10,6,12,17,374
C007278,38,Computer,2,35,Credit Card,Female,5,2,Fashion,5,Married,4,0,23,5,8,25,308
C007279,18,Mobile Phone,1,5,UPI,Female,2,1,Grocery,1,Single,6,0,20,3,6,20,337
C007280,50,Mobile Phone,3,45,Credit Card,Female,1,4,Others,3,Single,4,1,2,10,3,29,349
C007281,5,Mobile Phone,1,36,Debit Card,Female,2,6,Fashion,2,Single,1,0,7,8,9,30,237
C007282,53,Mobile Phone,2,7,Cash on Delivery,Female,2,2,Grocery,1,Married,1,1,12,5,11,4,114
C007283,29,Mobile Phone,1,36,E wallet,Male,5,2,Mobile Phone,4,Single,4,0,24,9,8,28,179
C007284,39,Computer,1,46,Debit Card,Male,5,2,Mobile Phone,5,Married,6,1,4,10,4,12,94
C007285,60,Computer,3,9,UPI,Female,1,3,Grocery,3,Single,3,0,23,9,5,5,276
C007286,34,Computer,1,47,UPI,Female,1,1,Mobile Phone,1,Married,4,0,20,6,4,28,57
C007287,43,Mobile Phone,1,41,Credit Card,Female,1,2,Mobile Phone,1,Married,6,0,9,3,1,26,107
C007288,45,Mobile Phone,1,16,Cash on Delivery,Female,4,2,Mobile Phone,3,Married,5,0,5,9,7,1,100
C007289,23,Mobile Phone,2,18,Cash on Delivery,Male,4,3,Grocery,3,Married,6,0,19,2,13,6,489
C007290,5,Mobile Phone,2,48,Debit Card,Female,1,5,Grocery,1,Divorced,4,1,1,2,5,13,372
C007291,30,Computer,1,13,Debit Card,Female,5,3,Fashion,4,Divorced,6,0,3,1,13,25,150
C007292,6,Mobile Phone,2,11,Debit Card,Female,2,2,Laptop & Accessory,4,Married,3,0,24,6,9,0,457
C007293,56,Computer,1,20,E wallet,Female,1,1,Others,4,Single,2,0,16,2,14,25,200
C007294,58,Mobile Phone,3,32,E wallet,Female,1,3,Mobile Phone,1,Single,3,1,2,3,11,19,327
C007295,46,Mobile Phone,3,11,UPI,Male,2,2,Laptop & Accessory,2,Single,4,0,21,4,8,7,371
C007296,44,Mobile Phone,3,18,UPI,Male,3,6,Laptop & Accessory,1,Married,4,1,22,9,2,28,62
C007297,4,Mobile Phone,3,36,UPI,Male,1,1,Grocery,2,Married,2,1,23,0,15,19,314
C007298,29,Computer,1,12,Cash on Delivery,Female,1,3,Grocery,4,Married,7,0,9,7,10,11,456
C007299,23,Mobile Phone,1,31,UPI,Female,4,4,Laptop & Accessory,1,Single,7,1,2,10,2,15,330
C007300,6,Computer,2,7,Credit Card,Male,2,1,Grocery,4,Single,6,1,10,0,9,16,410
C007301,32,Computer,1,31,Debit Card,Male,1,6,Fashion,1,Married,6,0,27,5,15,27,224
C007302,42,Mobile Phone,1,34,Cash on Delivery,Female,1,2,Fashion,4,Single,6,0,1,1,10,18,108
C007303,18,Computer,1,38,E wallet,Female,3,1,Others,3,Single,7,0,15,1,14,23,147
C007304,15,Mobile Phone,2,30,Debit Card,Male,2,1,Others,1,Single,5,0,25,8,5,22,261
C007305,40,Mobile Phone,2,41,UPI,Male,1,2,Others,2,Married,1,0,18,2,4,5,229
C007306,58,Computer,1,44,E wallet,Male,3,4,Mobile Phone,4,Married,3,0,10,10,7,22,346
C007307,32,Tablet,1,26,E wallet,Male,1,1,Fashion,5,Single,3,0,18,1,9,11,450
C007308,9,Mobile Phone,2,36,E wallet,Female,5,2,Mobile Phone,2,Single,4,0,27,0,3,12,473
C007309,37,Mobile Phone,1,45,Debit Card,Male,3,1,Fashion,5,Married,3,0,15,2,2,13,77
C007310,10,Mobile Phone,3,6,Cash on Delivery,Male,5,5,Laptop & Accessory,4,Divorced,6,1,5,5,1,8,90
C007311,20,Mobile Phone,1,12,Debit Card,Female,1,4,Mobile Phone,1,Divorced,6,1,19,6,2,2,128
C007312,6,Mobile Phone,2,46,Credit Card,Male,3,6,Others,1,Single,2,1,20,8,13,26,383
C007313,48,Computer,2,11,UPI,Female,2,5,Fashion,1,Single,5,1,14,1,8,29,122
C007314,56,Mobile Phone,1,23,Cash on Delivery,Male,4,1,Others,5,Married,6,0,16,1,6,7,55
C007315,59,Mobile Phone,2,37,Cash on Delivery,Male,1,4,Grocery,4,Single,4,1,17,0,3,0,455
C007316,3,Mobile Phone,2,6,UPI,Female,3,2,Fashion,3,Single,1,0,14,6,10,3,50
C007317,42,Mobile Phone,3,7,Credit Card,Male,5,5,Fashion,1,Married,2,0,9,9,8,25,273
C007318,11,Mobile Phone,2,32,E wallet,Female,3,4,Others,4,Single,1,0,16,2,5,12,305
C007319,43,Mobile Phone,1,18,UPI,Female,2,4,Others,3,Single,3,0,21,7,6,7,394
C007320,17,Computer,1,19,E wallet,Male,3,1,Others,3,Married,3,0,7,9,7,27,76
C007321,32,Mobile Phone,1,25,UPI,Female,5,6,Fashion,4,Married,7,1,22,3,4,4,448
C007322,4,Mobile Phone,1,18,Debit Card,Female,1,5,Laptop & Accessory,1,Married,5,0,26,3,7,12,146
C007323,4,Computer,2,44,Credit Card,Female,5,6,Grocery,1,Divorced,1,0,29,7,10,11,93
C007324,17,Mobile Phone,3,22,Credit Card,Male,5,2,Others,2,Single,2,0,29,2,13,15,163
C007325,41,Mobile Phone,2,43,UPI,Female,5,3,Laptop & Accessory,4,Married,1,1,14,9,7,23,464
C007326,19,Mobile Phone,2,24,Credit Card,Male,4,1,Others,3,Single,1,1,25,2,9,22,374
C007327,5,Mobile Phone,2,5,E wallet,Female,1,6,Fashion,5,Single,6,1,9,5,3,3,237
C007328,32,Mobile Phone,3,13,Credit Card,Female,4,4,Laptop & Accessory,5,Married,1,0,18,4,5,7,296
C007329,22,Mobile Phone,1,13,Credit Card,Female,3,5,Fashion,1,Single,1,1,1,0,5,18,291
C007330,56,Computer,3,47,Credit Card,Female,1,3,Mobile Phone,2,Married,3,0,29,4,9,0,157
C007331,6,Computer,3,42,Cash on Delivery,Female,1,6,Others,5,Single,6,0,14,3,8,4,274
C007332,35,Mobile Phone,1,43,UPI,Female,3,4,Grocery,1,Married,7,0,3,9,6,11,93
C007333,22,Mobile Phone,1,33,Debit Card,Male,3,5,Laptop & Accessory,2,Single,5,1,0,10,13,14,474
C007334,1,Mobile Phone,3,19,Debit Card,Male,5,5,Mobile Phone,5,Single,2,0,11,4,8,26,489
C007335,20,Mobile Phone,3,24,Cash on Delivery,Male,1,3,Others,3,Married,4,0,27,1,10,5,240
C007336,22,Mobile Phone,1,42,Cash on Delivery,Female,2,4,Mobile Phone,5,Single,6,1,7,2,1,6,462
C007337,48,Mobile Phone,2,45,Debit Card,Male,5,3,Laptop & Accessory,5,Single,3,1,9,1,15,30,405
C007338,55,Mobile Phone,2,34,E wallet,Female,1,2,Grocery,5,Single,3,0,27,4,15,16,319
C007339,11,Computer,2,30,Debit Card,Male,3,1,Laptop & Accessory,5,Single,7,0,28,6,6,19,261
C007340,13,Mobile Phone,1,10,Debit Card,Female,3,1,Grocery,1,Married,6,0,3,0,4,21,270
C007341,59,Computer,1,43,UPI,Male,2,2,Fashion,4,Married,2,0,17,4,13,22,312
C007342,42,Computer,2,21,Debit Card,Male,1,4,Others,3,Divorced,6,0,7,10,4,22,308
C007343,3,Mobile Phone,3,10,Debit Card,Male,4,3,Mobile Phone,4,Married,2,0,2,7,13,1,379
C007344,9,Computer,3,32,Credit Card,Male,5,1,Fashion,1,Single,5,1,10,4,13,2,230
C007345,60,Computer,1,13,Cash on Delivery,Female,1,2,Others,5,Single,4,0,13,1,7,26,277
C007346,12,Mobile Phone,3,31,Debit Card,Female,4,5,Mobile Phone,2,Single,3,0,25,3,10,12,458
C007347,23,Mobile Phone,1,39,Debit Card,Female,3,6,Fashion,2,Single,6,0,15,9,12,4,81
C007348,14,Mobile Phone,2,50,E wallet,Male,3,6,Others,4,Married,5,1,27,7,9,2,414
C007349,33,Computer,3,10,Debit Card,Female,4,1,Others,2,Single,3,0,0,0,15,5,360
C007350,18,Mobile Phone,2,8,UPI,Female,4,1,Fashion,4,Married,6,0,19,4,15,19,321
C007351,49,Mobile Phone,1,20,E wallet,Male,2,2,Laptop & Accessory,3,Single,5,0,14,7,1,24,68
C007352,59,Mobile Phone,1,27,Debit Card,Male,1,3,Grocery,2,Married,6,0,11,7,12,21,249
C007353,41,Mobile Phone,2,27,UPI,Male,3,1,Grocery,5,Married,5,1,24,9,14,25,91
C007354,9,Mobile Phone,3,33,Cash on Delivery,Male,5,3,Laptop & Accessory,1,Divorced,4,0,27,9,4,19,179
C007355,23,Computer,3,45,Debit Card,Female,3,6,Others,3,Divorced,7,0,14,9,6,6,55
C007356,10,Mobile Phone,3,8,Cash on Delivery,Male,1,2,Mobile Phone,2,Married,1,0,15,8,6,9,149
C007357,19,Computer,3,44,Debit Card,Female,4,5,Laptop & Accessory,2,Single,3,0,3,6,8,18,166
C007358,47,Computer,2,44,E wallet,Male,2,1,Others,4,Single,5,0,6,0,6,28,331
C007359,5,Mobile Phone,3,28,E wallet,Male,3,6,Fashion,3,Single,5,0,4,5,6,19,142
C007360,47,Mobile Phone,1,10,UPI,Male,2,3,Fashion,1,Single,2,1,20,6,12,9,373
C007361,52,Computer,3,44,Credit Card,Male,4,3,Others,1,Married,1,0,30,4,4,14,347
C007362,23,Computer,1,10,UPI,Female,1,6,Fashion,4,Married,2,1,13,1,12,20,355
C007363,30,Mobile Phone,3,18,Debit Card,Male,3,6,Grocery,4,Single,7,1,9,3,8,27,467
C007364,25,Mobile Phone,1,18,Cash on Delivery,Male,1,4,Laptop & Accessory,4,Married,1,1,11,4,3,8,170
C007365,28,Mobile Phone,2,49,Cash on Delivery,Female,5,3,Grocery,2,Single,4,0,13,3,4,1,112
C007366,34,Computer,2,39,Debit Card,Male,1,6,Others,3,Married,4,0,30,4,3,23,396
C007367,45,Computer,3,10,Credit Card,Female,4,6,Laptop & Accessory,1,Single,2,1,18,2,13,19,53
C007368,56,Mobile Phone,3,27,Credit Card,Female,4,6,Fashion,5,Single,2,0,26,6,14,23,338
C007369,48,Computer,1,24,Credit Card,Female,5,3,Laptop & Accessory,1,Single,7,0,17,8,1,4,491
C007370,47,Mobile Phone,2,21,Debit Card,Male,1,2,Laptop & Accessory,3,Married,1,0,20,2,4,26,398
C007371,25,Computer,1,24,E wallet,Female,4,3,Fashion,4,Single,1,1,17,9,5,30,103
C007372,10,Mobile Phone,1,10,E wallet,Male,4,4,Mobile Phone,2,Divorced,2,1,23,7,10,24,74
C007373,14,Mobile Phone,1,44,Debit Card,Female,4,5,Fashion,1,Single,2,0,22,3,11,21,331
C007374,42,Mobile Phone,1,32,E wallet,Female,4,4,Grocery,5,Single,5,0,1,4,12,28,159
C007375,57,Mobile Phone,2,17,Credit Card,Male,2,6,Mobile Phone,2,Single,3,0,10,5,5,29,378
C007376,46,Mobile Phone,3,33,E wallet,Female,3,5,Grocery,1,Married,2,0,14,4,15,17,396
C007377,58,Mobile Phone,3,49,Debit Card,Male,2,1,Others,3,Single,1,1,4,6,12,29,210
C007378,30,Mobile Phone,1,24,E wallet,Female,4,5,Grocery,1,Single,5,0,4,1,9,17,248
C007379,55,Mobile Phone,1,21,E wallet,Male,1,5,Laptop & Accessory,5,Married,6,0,19,6,4,7,273
C007380,41,Mobile Phone,1,39,E wallet,Male,2,6,Others,2,Divorced,4,0,6,4,2,30,115
C007381,25,Computer,1,49,E wallet,Female,5,6,Mobile Phone,1,Single,4,1,1,8,11,19,499
C007382,14,Computer,1,43,Debit Card,Female,3,4,Grocery,5,Single,4,0,21,6,10,29,333
C007383,35,Mobile Phone,1,41,UPI,Male,1,2,Others,1,Married,5,0,27,6,7,15,165
C007384,52,Mobile Phone,2,47,E wallet,Female,2,2,Grocery,1,Married,7,0,24,2,9,9,72
C007385,48,Mobile Phone,2,27,UPI,Male,3,5,Laptop & Accessory,4,Married,2,1,26,5,4,23,437
C007386,34,Computer,2,22,Debit Card,Female,2,4,Laptop & Accessory,5,Married,3,0,0,10,4,8,267
C007387,10,Computer,1,40,Cash on Delivery,Male,5,2,Mobile Phone,1,Single,7,0,0,9,9,29,384
C007388,35,Mobile Phone,2,24,UPI,Male,4,2,Fashion,2,Married,7,0,14,5,12,27,476
C007389,11,Computer,3,11,Debit Card,Female,5,4,Fashion,3,Single,7,0,0,2,4,19,442
C007390,11,Computer,1,40,Cash on Delivery,Male,4,5,Laptop & Accessory,4,Divorced,7,0,5,9,12,28,147
C007391,21,Computer,1,46,E wallet,Male,3,6,Others,4,Single,4,0,12,10,13,25,338
C007392,21,Mobile Phone,1,5,Debit Card,Female,2,1,Mobile Phone,4,Single,2,1,6,0,5,20,446
C007393,22,Mobile Phone,1,41,Credit Card,Female,2,4,Grocery,3,Single,4,0,11,9,11,16,248
C007394,45,Mobile Phone,2,39,Cash on Delivery,Male,5,6,Grocery,5,Divorced,4,1,3,10,1,25,440
C007395,7,Mobile Phone,1,45,Credit Card,Female,1,4,Others,2,Single,4,0,25,3,2,13,227
C007396,55,Mobile Phone,2,7,E wallet,Male,3,4,Fashion,3,Single,1,0,9,8,7,13,89
C007397,17,Mobile Phone,1,39,E wallet,Male,4,5,Laptop & Accessory,2,Single,6,0,7,8,8,7,486
C007398,2,Mobile Phone,2,33,UPI,Female,3,5,Laptop & Accessory,2,Single,5,1,17,9,9,9,130
C007399,12,Mobile Phone,1,13,E wallet,Female,5,6,Mobile Phone,4,Married,5,1,24,2,6,14,395
C007400,57,Mobile Phone,2,41,UPI,Female,2,4,Laptop & Accessory,1,Married,1,1,21,7,4,21,471
C007401,42,Mobile Phone,1,46,Cash on Delivery,Male,4,2,Fashion,2,Single,7,0,10,2,4,15,340
C007402,18,Computer,1,29,Credit Card,Female,4,1,Fashion,2,Married,7,0,5,10,9,21,350
C007403,54,Computer,3,16,Cash on Delivery,Male,4,6,Others,2,Married,4,0,26,2,4,17,437
C007404,59,Mobile Phone,2,42,Credit Card,Female,4,3,Mobile Phone,2,Married,5,0,15,9,3,3,385
C007405,11,Mobile Phone,1,11,Debit Card,Male,3,4,Mobile Phone,4,Married,5,0,18,5,2,21,108
C007406,16,Mobile Phone,2,11,Cash on Delivery,Male,3,4,Laptop & Accessory,2,Married,5,0,27,5,12,14,227
C007407,49,Mobile Phone,2,8,Debit Card,Female,5,5,Grocery,1,Married,4,0,28,9,7,18,497
C007408,51,Computer,2,49,Credit Card,Male,2,5,Mobile Phone,5,Single,4,1,21,1,13,26,401
C007409,18,Mobile Phone,2,35,UPI,Male,2,3,Laptop & Accessory,5,Single,5,0,2,6,14,25,137
C007410,35,Mobile Phone,3,43,Cash on Delivery,Male,3,6,Grocery,2,Single,3,0,5,6,4,16,197
C007411,53,Computer,1,14,Cash on Delivery,Female,5,5,Laptop & Accessory,4,Married,2,0,10,2,6,4,313
C007412,59,Mobile Phone,1,27,UPI,Male,1,5,Others,1,Divorced,2,0,4,10,12,3,88
C007413,26,Mobile Phone,1,30,UPI,Female,4,6,Mobile Phone,1,Single,4,0,17,6,4,5,167
C007414,16,Mobile Phone,3,27,E wallet,Male,2,2,Laptop & Accessory,2,Married,3,0,27,6,1,26,244
C007415,6,Mobile Phone,3,33,E wallet,Male,4,1,Others,4,Single,6,1,13,8,9,5,121
C007416,57,Mobile Phone,3,12,Credit Card,Female,2,2,Laptop & Accessory,5,Divorced,3,0,30,0,15,20,275
C007417,44,Mobile Phone,3,23,Cash on Delivery,Male,1,4,Fashion,3,Married,3,0,30,2,1,8,63
C007418,43,Mobile Phone,3,33,UPI,Male,2,2,Laptop & Accessory,2,Single,1,0,27,8,13,1,454
C007419,47,Computer,2,47,UPI,Male,1,6,Fashion,2,Single,1,1,4,10,3,7,470
C007420,47,Mobile Phone,3,10,Debit Card,Female,2,3,Mobile Phone,2,Single,5,0,16,0,3,19,244
C007421,48,Computer,3,33,E wallet,Female,3,2,Laptop & Accessory,4,Married,3,0,7,1,7,16,250
C007422,42,Mobile Phone,1,28,Debit Card,Female,4,5,Others,3,Married,2,0,19,5,1,2,203
C007423,12,Mobile Phone,2,14,UPI,Male,5,3,Mobile Phone,4,Married,7,1,24,1,6,1,388
C007424,60,Mobile Phone,2,18,Cash on Delivery,Female,5,3,Mobile Phone,2,Married,6,0,17,1,12,28,164
C007425,13,Mobile Phone,3,10,Cash on Delivery,Male,2,4,Fashion,3,Single,7,0,22,4,15,29,258
C007426,4,Mobile Phone,3,8,Debit Card,Male,5,4,Mobile Phone,1,Married,1,0,22,9,1,25,465
C007427,39,Mobile Phone,3,19,E wallet,Male,4,5,Laptop & Accessory,1,Married,4,0,21,7,12,2,52
C007428,54,Computer,3,41,Credit Card,Female,3,1,Laptop & Accessory,3,Divorced,7,0,15,2,13,11,105
C007429,2,Mobile Phone,2,43,Cash on Delivery,Female,3,3,Fashion,2,Married,4,0,3,3,14,28,73
C007430,26,Mobile Phone,1,32,Credit Card,Female,1,5,Laptop & Accessory,4,Single,3,1,11,4,14,0,125
C007431,59,Computer,1,6,E wallet,Male,5,4,Fashion,2,Married,7,0,25,1,12,30,365
C007432,27,Mobile Phone,2,17,Debit Card,Female,4,4,Grocery,3,Married,6,1,18,1,12,29,449
C007433,27,Mobile Phone,2,6,E wallet,Female,5,1,Fashion,2,Married,6,0,23,4,15,18,254
C007434,15,Computer,2,45,UPI,Male,4,3,Others,2,Single,5,0,2,8,11,26,330
C007435,8,Mobile Phone,2,36,E wallet,Female,1,3,Others,1,Single,3,0,21,9,7,28,271
C007436,7,Mobile Phone,3,9,Debit Card,Female,5,5,Laptop & Accessory,5,Married,4,0,1,8,4,25,497
C007437,47,Mobile Phone,1,7,Debit Card,Female,3,1,Grocery,4,Married,4,1,23,8,1,27,472
C007438,55,Mobile Phone,3,6,E wallet,Female,1,2,Others,2,Single,5,0,7,7,8,25,382
C007439,46,Mobile Phone,3,18,Debit Card,Female,5,5,Others,1,Single,7,0,4,3,14,22,225
C007440,40,Mobile Phone,2,44,UPI,Female,3,3,Others,5,Married,1,0,0,6,10,20,117
C007441,60,Computer,2,48,Credit Card,Male,3,5,Laptop & Accessory,1,Married,5,0,28,3,6,22,97
C007442,12,Computer,3,33,E wallet,Male,4,5,Mobile Phone,2,Married,2,0,4,5,5,4,293
C007443,13,Mobile Phone,2,42,Debit Card,Male,3,5,Mobile Phone,4,Single,6,0,13,10,6,18,279
C007444,43,Mobile Phone,1,10,Credit Card,Female,2,5,Mobile Phone,5,Married,4,0,3,5,8,6,310
C007445,17,Computer,1,38,UPI,Female,5,3,Laptop & Accessory,2,Married,7,0,7,4,6,27,422
C007446,17,Mobile Phone,1,12,E wallet,Male,5,1,Mobile Phone,3,Single,2,0,24,0,14,2,123
C007447,56,Mobile Phone,1,50,Debit Card,Male,4,1,Fashion,2,Single,4,0,15,5,2,18,494
C007448,36,Mobile Phone,1,6,Credit Card,Female,3,4,Laptop & Accessory,1,Married,7,0,30,1,15,23,229
C007449,21,Computer,1,30,UPI,Female,4,6,Laptop & Accessory,2,Married,4,0,4,10,13,23,133
C007450,8,Mobile Phone,2,21,Cash on Delivery,Female,2,4,Grocery,3,Married,3,0,10,7,6,26,409
C007451,5,Tablet,3,28,Debit Card,Female,4,2,Others,3,Married,4,0,12,6,9,21,360
C007452,26,Mobile Phone,2,35,UPI,Female,5,1,Grocery,2,Single,6,0,7,2,1,7,437
C007453,16,Mobile Phone,3,20,Credit Card,Female,4,5,Mobile Phone,3,Single,4,0,10,5,2,16,123
C007454,36,Mobile Phone,3,25,E wallet,Male,5,6,Laptop & Accessory,1,Single,4,0,2,9,3,13,498
C007455,28,Mobile Phone,2,42,Credit Card,Male,1,4,Laptop & Accessory,3,Single,4,0,0,2,5,30,372
C007456,54,Computer,2,30,E wallet,Female,2,5,Mobile Phone,3,Single,3,0,3,0,6,18,217
C007457,29,Tablet,1,21,UPI,Male,2,2,Others,4,Divorced,7,0,18,3,3,27,444
C007458,47,Mobile Phone,3,50,UPI,Male,5,1,Grocery,1,Single,3,0,13,10,8,17,403
C007459,12,Tablet,3,46,Credit Card,Female,1,3,Others,3,Single,6,0,21,6,6,28,150
C007460,37,Computer,2,8,Credit Card,Male,3,2,Mobile Phone,2,Single,6,1,25,8,15,21,266
C007461,30,Mobile Phone,1,47,E wallet,Female,4,3,Grocery,3,Single,2,0,27,6,9,6,247
C007462,23,Mobile Phone,3,8,Debit Card,Female,3,1,Grocery,5,Single,2,0,1,2,12,26,325
C007463,16,Mobile Phone,1,23,Credit Card,Male,1,3,Others,5,Single,6,0,13,1,13,4,325
C007464,14,Mobile Phone,1,42,Debit Card,Male,2,1,Others,1,Married,2,1,6,3,13,18,151
C007465,10,Mobile Phone,3,29,Debit Card,Male,3,5,Laptop & Accessory,5,Married,5,0,10,10,1,16,473
C007466,7,Mobile Phone,2,12,Debit Card,Female,1,2,Laptop & Accessory,5,Single,3,0,2,1,3,16,161
C007467,45,Mobile Phone,2,22,UPI,Female,2,5,Others,3,Married,6,0,16,1,4,2,467
C007468,52,Computer,3,22,UPI,Female,3,1,Mobile Phone,1,Single,3,1,25,9,7,12,56
C007469,60,Computer,2,11,Debit Card,Female,2,1,Others,4,Married,1,0,14,4,2,2,224
C007470,37,Mobile Phone,2,21,Debit Card,Male,5,5,Laptop & Accessory,3,Single,1,0,20,1,4,1,353
C007471,29,Mobile Phone,1,7,UPI,Male,2,6,Grocery,4,Married,1,0,28,0,3,2,78
C007472,3,Mobile Phone,1,26,E wallet,Male,2,5,Mobile Phone,2,Married,6,0,27,2,14,20,96
C007473,15,Mobile Phone,3,19,Cash on Delivery,Female,1,5,Laptop & Accessory,5,Single,2,0,3,2,7,26,51
C007474,36,Mobile Phone,2,35,Credit Card,Female,1,2,Mobile Phone,3,Single,4,0,29,1,9,4,181
C007475,47,Mobile Phone,1,40,Debit Card,Male,4,2,Mobile Phone,1,Single,5,0,18,1,7,10,386
C007476,46,Mobile Phone,1,30,UPI,Female,1,6,Grocery,5,Married,3,0,9,6,4,26,232
C007477,52,Mobile Phone,2,18,Debit Card,Female,5,1,Laptop & Accessory,2,Married,2,0,16,2,2,0,454
C007478,19,Mobile Phone,2,21,Debit Card,Male,5,4,Others,5,Married,5,0,16,9,7,27,116
C007479,13,Mobile Phone,2,13,Debit Card,Male,2,5,Mobile Phone,5,Married,3,0,11,2,8,18,298
C007480,42,Computer,2,11,Debit Card,Female,1,3,Mobile Phone,4,Married,6,0,14,5,11,20,346
C007481,21,Tablet,1,50,E wallet,Female,4,3,Grocery,2,Married,5,0,28,10,14,19,227
C007482,37,Mobile Phone,2,31,Credit Card,Male,1,6,Laptop & Accessory,1,Married,5,0,10,1,7,27,203
C007483,27,Mobile Phone,3,32,Credit Card,Female,4,3,Mobile Phone,5,Single,3,0,26,2,4,17,284
C007484,55,Mobile Phone,1,16,UPI,Male,2,6,Mobile Phone,5,Married,5,0,13,10,7,9,326
C007485,52,Mobile Phone,2,21,E wallet,Male,5,5,Fashion,1,Single,1,0,14,7,4,10,325
C007486,29,Mobile Phone,2,13,E wallet,Male,1,4,Fashion,1,Single,7,0,12,7,12,4,101
C007487,20,Mobile Phone,2,48,Credit Card,Female,1,6,Mobile Phone,3,Married,1,0,1,9,6,18,96
C007488,25,Computer,1,48,UPI,Male,5,4,Grocery,3,Divorced,6,1,4,2,6,20,291
C007489,6,Mobile Phone,3,12,E wallet,Male,5,6,Others,5,Married,5,0,19,5,9,13,269
C007490,36,Computer,2,31,UPI,Male,3,6,Fashion,3,Single,7,1,5,7,4,27,248
C007491,2,Mobile Phone,3,46,Credit Card,Male,3,2,Fashion,5,Single,2,1,14,5,7,0,456
C007492,22,Mobile Phone,1,16,Debit Card,Female,3,4,Laptop & Accessory,1,Single,4,0,28,1,7,26,322
C007493,32,Mobile Phone,2,41,E wallet,Male,5,3,Others,3,Married,6,1,10,6,9,11,464
C007494,16,Mobile Phone,3,24,UPI,Male,3,3,Fashion,2,Single,3,0,0,5,7,10,377
C007495,18,Mobile Phone,1,5,Debit Card,Male,1,5,Others,2,Married,2,0,25,5,2,22,218
C007496,5,Mobile Phone,1,13,Credit Card,Female,5,2,Others,1,Married,6,0,23,8,6,4,278
C007497,54,Mobile Phone,2,28,Cash on Delivery,Female,1,6,Laptop & Accessory,5,Single,4,0,11,2,8,10,441
C007498,36,Mobile Phone,1,38,E wallet,Male,5,1,Mobile Phone,2,Single,3,0,16,0,9,24,176
C007499,30,Mobile Phone,2,40,E wallet,Male,2,6,Mobile Phone,3,Married,7,0,28,3,15,6,254
C007500,45,Computer,1,8,UPI,Male,1,2,Fashion,4,Married,4,0,0,0,2,10,200
C007501,19,Mobile Phone,1,33,Credit Card,Male,5,1,Laptop & Accessory,5,Married,6,0,1,4,8,27,128
C007502,23,Mobile Phone,2,27,Credit Card,Female,4,6,Fashion,3,Divorced,3,0,1,5,13,15,425
C007503,34,Mobile Phone,1,39,E wallet,Male,5,2,Fashion,5,Single,1,0,29,7,5,29,394
C007504,13,Computer,3,20,E wallet,Female,2,4,Mobile Phone,3,Single,2,0,17,2,14,27,134
C007505,43,Mobile Phone,3,12,UPI,Male,5,2,Laptop & Accessory,1,Married,4,0,30,2,10,7,461
C007506,54,Mobile Phone,2,31,UPI,Female,2,5,Others,1,Divorced,1,0,29,2,6,22,120
C007507,29,Mobile Phone,3,43,Cash on Delivery,Female,3,1,Mobile Phone,1,Single,2,1,21,3,1,11,228
C007508,36,Mobile Phone,3,16,Debit Card,Female,1,4,Fashion,1,Married,5,0,2,2,8,24,138
C007509,22,Mobile Phone,1,48,UPI,Female,2,4,Fashion,3,Single,2,0,15,8,15,8,379
C007510,52,Computer,3,8,Debit Card,Female,4,2,Grocery,2,Single,2,0,9,10,1,13,431
C007511,52,Computer,1,29,E wallet,Female,1,4,Laptop & Accessory,3,Divorced,1,0,14,7,11,16,102
C007512,47,Mobile Phone,2,10,Cash on Delivery,Male,5,3,Others,3,Married,1,0,11,8,13,17,218
C007513,36,Mobile Phone,2,7,Cash on Delivery,Female,5,3,Others,4,Married,6,0,12,5,1,5,204
C007514,9,Mobile Phone,2,43,Cash on Delivery,Female,2,3,Fashion,4,Married,4,1,11,5,8,7,131
C007515,39,Mobile Phone,1,28,Credit Card,Male,4,2,Grocery,3,Married,4,0,20,3,11,11,480
C007516,51,Computer,1,25,E wallet,Female,2,1,Grocery,1,Single,5,1,6,5,7,3,289
C007517,19,Mobile Phone,2,10,Credit Card,Male,4,2,Laptop & Accessory,4,Married,1,1,18,8,14,24,272
C007518,38,Mobile Phone,1,37,Credit Card,Female,2,5,Fashion,4,Married,6,0,14,4,5,17,192
C007519,6,Mobile Phone,3,12,Cash on Delivery,Female,3,4,Fashion,3,Single,1,1,26,5,6,5,161
C007520,52,Computer,2,37,Credit Card,Female,3,3,Fashion,5,Single,2,1,19,5,1,29,309
C007521,47,Mobile Phone,1,7,E wallet,Male,3,2,Laptop & Accessory,4,Single,2,0,6,7,10,23,213
C007522,15,Mobile Phone,1,6,E wallet,Female,2,2,Others,1,Single,6,0,25,10,4,1,55
C007523,57,Mobile Phone,2,42,Credit Card,Female,1,4,Mobile Phone,3,Single,5,0,30,8,4,16,199
C007524,20,Mobile Phone,2,44,E wallet,Male,5,2,Grocery,5,Single,2,0,26,8,13,6,109
C007525,9,Tablet,1,43,Debit Card,Female,1,3,Others,2,Married,2,1,20,4,14,25,264
C007526,32,Mobile Phone,1,43,Credit Card,Female,5,4,Mobile Phone,1,Divorced,4,0,13,0,14,8,144
C007527,4,Mobile Phone,1,28,Cash on Delivery,Female,4,1,Others,1,Single,5,0,12,3,15,23,75
C007528,50,Mobile Phone,1,25,Cash on Delivery,Male,3,3,Others,3,Married,4,0,13,4,15,23,60
C007529,18,Computer,2,22,E wallet,Female,3,5,Others,2,Single,6,1,19,5,3,14,140
C007530,5,Mobile Phone,3,39,E wallet,Female,5,5,Others,1,Single,5,0,11,3,15,6,99
C007531,20,Mobile Phone,2,15,Cash on Delivery,Female,3,6,Fashion,1,Single,7,0,6,3,6,23,251
C007532,23,Mobile Phone,3,15,Debit Card,Female,1,6,Others,3,Married,4,0,1,8,14,23,293
C007533,11,Mobile Phone,1,7,Cash on Delivery,Male,2,4,Mobile Phone,1,Divorced,4,0,15,4,5,19,185
C007534,37,Computer,2,27,Credit Card,Female,3,3,Mobile Phone,5,Married,7,0,17,0,6,18,478
C007535,22,Computer,2,5,Cash on Delivery,Female,3,6,Grocery,2,Single,5,0,27,9,11,27,428
C007536,58,Mobile Phone,2,27,UPI,Male,4,3,Laptop & Accessory,4,Single,2,0,0,6,10,3,120
C007537,4,Mobile Phone,2,26,Debit Card,Female,2,3,Mobile Phone,4,Single,3,0,0,8,8,14,478
C007538,29,Tablet,2,46,Debit Card,Male,5,5,Mobile Phone,2,Divorced,7,0,14,7,15,12,266
C007539,44,Mobile Phone,2,34,Cash on Delivery,Male,2,4,Mobile Phone,5,Married,1,0,28,8,4,7,290
C007540,34,Mobile Phone,1,6,UPI,Male,2,5,Mobile Phone,3,Married,5,0,25,3,7,11,407
C007541,13,Mobile Phone,2,21,Credit Card,Male,5,6,Laptop & Accessory,3,Married,7,0,24,5,14,22,242
C007542,42,Mobile Phone,2,45,Cash on Delivery,Female,2,2,Laptop & Accessory,4,Married,3,0,9,0,9,4,449
C007543,9,Mobile Phone,3,24,Credit Card,Female,4,6,Others,1,Married,4,0,12,5,3,17,479
C007544,42,Computer,2,13,UPI,Female,1,1,Mobile Phone,2,Married,6,0,2,10,7,8,180
C007545,31,Computer,2,15,Cash on Delivery,Female,2,5,Mobile Phone,5,Married,2,1,27,7,14,9,365
C007546,7,Mobile Phone,2,21,Cash on Delivery,Male,1,4,Grocery,3,Single,4,0,22,6,9,21,348
C007547,4,Mobile Phone,3,18,Credit Card,Female,4,5,Grocery,2,Divorced,5,0,25,0,11,1,210
C007548,19,Mobile Phone,3,22,Cash on Delivery,Male,4,2,Grocery,1,Married,3,0,4,3,1,26,120
C007549,42,Mobile Phone,3,22,UPI,Female,2,2,Grocery,4,Married,4,1,16,1,12,0,291
C007550,30,Mobile Phone,2,48,Cash on Delivery,Female,3,2,Others,1,Married,2,0,28,3,14,21,157
C007551,31,Mobile Phone,1,12,E wallet,Male,2,2,Fashion,5,Married,6,1,7,10,13,10,409
C007552,35,Tablet,2,33,UPI,Female,1,1,Grocery,4,Single,5,0,1,9,4,29,433
C007553,57,Computer,2,12,Debit Card,Female,4,3,Grocery,1,Married,7,0,6,7,8,18,172
C007554,21,Mobile Phone,3,30,Credit Card,Male,1,6,Laptop & Accessory,5,Single,7,0,30,2,8,2,64
C007555,31,Mobile Phone,1,32,UPI,Female,1,2,Mobile Phone,5,Married,5,0,20,1,3,27,330
C007556,19,Mobile Phone,2,12,Debit Card,Female,5,1,Others,5,Single,4,1,11,2,12,9,50
C007557,31,Tablet,1,24,Debit Card,Female,4,5,Mobile Phone,2,Single,2,0,5,8,5,8,241
C007558,53,Mobile Phone,3,12,UPI,Male,4,2,Fashion,5,Married,5,0,20,1,13,27,251
C007559,32,Mobile Phone,1,18,Debit Card,Female,1,5,Others,3,Single,5,0,21,0,6,10,287
C007560,2,Mobile Phone,2,17,Debit Card,Male,4,5,Fashion,5,Married,4,0,29,2,14,15,65
C007561,59,Computer,1,44,E wallet,Male,2,4,Mobile Phone,1,Single,3,0,20,4,14,22,233
C007562,52,Computer,1,21,Cash on Delivery,Female,5,1,Laptop & Accessory,3,Married,7,1,19,8,1,2,189
C007563,10,Mobile Phone,2,30,E wallet,Female,2,1,Grocery,4,Single,1,0,21,4,10,21,394
C007564,2,Computer,1,10,Cash on Delivery,Male,3,2,Mobile Phone,3,Married,2,0,20,4,14,10,383
C007565,2,Mobile Phone,2,21,Debit Card,Female,3,2,Others,1,Married,6,1,1,1,2,23,185
C007566,60,Mobile Phone,3,8,Cash on Delivery,Female,1,2,Grocery,4,Single,6,0,6,10,3,2,121
C007567,24,Computer,3,29,E wallet,Male,3,1,Others,1,Married,5,1,5,8,11,20,139
C007568,17,Computer,1,11,Credit Card,Female,2,5,Fashion,1,Single,5,0,24,8,7,20,499
C007569,32,Mobile Phone,3,21,Credit Card,Female,3,5,Others,2,Married,7,0,0,3,2,13,122
C007570,16,Mobile Phone,1,26,Cash on Delivery,Male,1,2,Laptop & Accessory,2,Married,5,0,16,10,11,26,305
C007571,16,Computer,3,32,Credit Card,Male,4,5,Fashion,1,Married,3,0,27,7,5,12,346
C007572,46,Computer,3,10,UPI,Female,5,2,Mobile Phone,5,Married,6,0,27,6,10,0,237
C007573,39,Computer,1,34,Credit Card,Female,1,6,Grocery,2,Married,1,0,29,10,9,26,69
C007574,53,Mobile Phone,2,14,Cash on Delivery,Male,1,3,Grocery,1,Married,4,0,30,0,12,12,422
C007575,31,Tablet,1,43,Debit Card,Female,1,5,Laptop & Accessory,3,Married,7,1,21,4,1,4,127
C007576,43,Tablet,3,18,E wallet,Male,2,6,Others,1,Married,2,0,5,0,8,25,363
C007577,24,Mobile Phone,2,50,Credit Card,Female,4,1,Mobile Phone,1,Single,3,0,29,8,8,17,279
C007578,1,Computer,2,46,Cash on Delivery,Female,1,6,Others,4,Divorced,5,0,30,10,13,24,160
C007579,11,Mobile Phone,2,26,E wallet,Male,4,4,Others,2,Single,6,0,3,5,8,5,429
C007580,55,Mobile Phone,3,45,UPI,Female,1,6,Laptop & Accessory,4,Married,6,0,9,2,5,26,485
C007581,21,Mobile Phone,3,30,Debit Card,Male,2,6,Fashion,5,Married,6,0,21,5,12,17,400
C007582,4,Mobile Phone,2,14,E wallet,Female,1,6,Fashion,1,Married,1,0,18,5,9,10,483
C007583,7,Mobile Phone,2,6,E wallet,Female,3,1,Laptop & Accessory,2,Single,1,0,5,10,5,25,205
C007584,26,Computer,3,7,Cash on Delivery,Male,2,1,Laptop & Accessory,2,Single,1,0,1,0,14,21,147
C007585,47,Mobile Phone,3,46,UPI,Male,1,4,Laptop & Accessory,2,Single,4,0,7,8,12,14,243
C007586,50,Mobile Phone,1,15,Credit Card,Male,1,2,Others,1,Divorced,2,0,5,3,6,10,372
C007587,12,Computer,1,14,UPI,Male,1,5,Others,1,Single,5,1,8,2,9,4,86
C007588,31,Mobile Phone,1,16,Debit Card,Female,3,1,Mobile Phone,3,Single,3,0,14,3,6,4,144
C007589,17,Mobile Phone,2,18,Credit Card,Male,3,5,Laptop & Accessory,4,Single,3,0,24,1,13,15,113
C007590,33,Mobile Phone,1,34,UPI,Male,1,4,Others,4,Married,6,0,18,2,10,13,206
C007591,11,Mobile Phone,2,45,Debit Card,Male,3,6,Fashion,1,Married,3,0,21,9,12,23,489
C007592,28,Mobile Phone,2,17,E wallet,Male,1,4,Laptop & Accessory,5,Single,3,1,14,10,6,0,184
C007593,32,Computer,2,34,E wallet,Female,3,5,Fashion,2,Married,5,0,21,2,2,19,221
C007594,1,Mobile Phone,2,42,E wallet,Male,4,5,Grocery,1,Single,2,1,3,7,12,23,414
C007595,47,Computer,1,15,E wallet,Male,1,4,Mobile Phone,1,Single,5,0,8,9,13,4,236
C007596,28,Mobile Phone,3,5,Credit Card,Female,1,2,Grocery,1,Married,7,0,21,6,5,9,91
C007597,53,Mobile Phone,3,31,E wallet,Female,5,5,Mobile Phone,2,Single,7,0,23,0,2,13,407
C007598,42,Mobile Phone,2,43,Credit Card,Male,5,3,Laptop & Accessory,2,Single,3,0,17,1,8,30,173
C007599,7,Computer,3,47,Credit Card,Female,2,6,Mobile Phone,1,Single,2,1,12,7,4,18,165
C007600,2,Mobile Phone,1,41,UPI,Female,4,3,Others,3,Married,4,0,10,10,3,2,195
C007601,42,Mobile Phone,3,13,E wallet,Male,4,5,Fashion,4,Married,7,0,28,1,9,16,94
C007602,24,Mobile Phone,1,47,Cash on Delivery,Male,2,1,Others,3,Married,7,0,23,0,1,28,491
C007603,4,Mobile Phone,2,30,E wallet,Male,5,4,Laptop & Accessory,3,Single,2,1,2,4,1,11,331
C007604,44,Mobile Phone,1,29,Cash on Delivery,Male,2,2,Grocery,1,Married,4,0,2,3,9,11,170
C007605,19,Mobile Phone,2,21,E wallet,Male,5,3,Fashion,2,Single,5,0,17,3,5,3,62
C007606,26,Mobile Phone,1,10,Credit Card,Female,1,3,Laptop & Accessory,4,Married,4,0,24,10,12,6,341
C007607,11,Computer,2,19,E wallet,Male,2,1,Others,3,Married,4,0,19,2,2,6,115
C007608,40,Mobile Phone,1,7,E wallet,Female,3,5,Others,5,Married,2,0,6,8,14,27,82
C007609,50,Mobile Phone,3,35,E wallet,Female,5,1,Mobile Phone,2,Single,6,0,24,0,7,13,461
C007610,43,Mobile Phone,2,32,E wallet,Female,1,2,Mobile Phone,2,Divorced,5,1,28,5,2,23,300
C007611,11,Mobile Phone,1,13,UPI,Male,3,5,Grocery,4,Single,2,0,16,3,8,15,391
C007612,45,Computer,1,48,UPI,Female,3,3,Mobile Phone,4,Single,1,0,12,8,5,30,95
C007613,3,Mobile Phone,3,22,Credit Card,Male,4,3,Mobile Phone,4,Married,4,0,13,3,13,14,456
C007614,12,Mobile Phone,1,44,Credit Card,Male,5,4,Mobile Phone,1,Married,7,0,29,4,1,20,72
C007615,3,Computer,2,36,Cash on Delivery,Male,1,2,Grocery,2,Single,2,0,11,3,11,12,406
C007616,42,Mobile Phone,2,23,Credit Card,Female,5,3,Laptop & Accessory,1,Married,5,0,7,8,14,3,477
C007617,27,Mobile Phone,1,9,UPI,Female,1,1,Fashion,1,Single,2,0,27,8,9,18,472
C007618,49,Mobile Phone,1,48,Credit Card,Female,5,3,Laptop & Accessory,1,Married,1,0,29,1,5,30,358
C007619,54,Computer,2,10,Cash on Delivery,Male,3,1,Laptop & Accessory,2,Married,4,0,18,9,14,10,289
C007620,2,Tablet,1,16,Cash on Delivery,Female,4,1,Laptop & Accessory,5,Married,1,0,0,0,8,21,400
C007621,49,Computer,1,46,UPI,Female,2,6,Others,3,Single,1,0,17,3,10,10,200
C007622,16,Mobile Phone,1,21,Credit Card,Male,5,6,Fashion,2,Married,4,0,13,9,12,25,486
C007623,2,Tablet,1,43,Cash on Delivery,Male,3,6,Fashion,2,Married,7,0,17,10,1,20,249
C007624,60,Mobile Phone,1,11,Credit Card,Male,2,5,Others,4,Single,6,0,19,4,3,26,144
C007625,54,Mobile Phone,3,15,Credit Card,Female,2,5,Others,3,Married,1,1,27,4,8,30,200
C007626,30,Computer,2,38,UPI,Male,2,3,Mobile Phone,4,Single,4,0,22,6,1,12,98
C007627,20,Mobile Phone,3,6,UPI,Female,3,3,Others,5,Married,4,0,4,3,11,11,280
C007628,38,Mobile Phone,1,18,Credit Card,Male,1,1,Grocery,1,Married,7,0,8,1,1,4,346
C007629,28,Mobile Phone,1,22,E wallet,Female,2,5,Others,4,Married,3,0,13,3,6,19,356
C007630,25,Mobile Phone,3,47,E wallet,Female,4,3,Mobile Phone,5,Married,5,0,4,0,11,13,461
C007631,32,Computer,2,13,Debit Card,Female,1,5,Others,3,Single,7,0,2,8,10,8,64
C007632,10,Mobile Phone,1,43,Debit Card,Female,3,2,Grocery,1,Single,6,0,21,10,14,23,454
C007633,60,Mobile Phone,2,8,Debit Card,Male,2,1,Others,5,Married,2,0,16,8,15,12,439
C007634,42,Mobile Phone,2,18,UPI,Female,3,6,Laptop & Accessory,4,Single,2,0,15,3,12,9,441
C007635,40,Computer,3,15,Credit Card,Female,3,5,Fashion,5,Single,5,1,6,4,6,7,82
C007636,33,Computer,1,34,Cash on Delivery,Male,2,3,Grocery,5,Single,1,0,15,9,2,20,198
C007637,13,Mobile Phone,2,44,Credit Card,Male,3,1,Grocery,1,Married,5,0,13,8,1,30,390
C007638,56,Tablet,2,47,Credit Card,Male,4,4,Grocery,2,Married,6,0,11,9,8,12,379
C007639,41,Computer,3,31,Debit Card,Female,4,1,Laptop & Accessory,5,Single,4,1,27,0,4,26,409
C007640,54,Mobile Phone,3,33,Credit Card,Female,5,2,Laptop & Accessory,1,Single,4,0,0,4,11,30,373
C007641,42,Mobile Phone,1,36,Debit Card,Male,2,1,Fashion,1,Married,2,0,18,5,10,0,186
C007642,47,Mobile Phone,2,34,Credit Card,Male,2,6,Mobile Phone,3,Single,3,0,12,10,4,2,271
C007643,37,Computer,3,30,Cash on Delivery,Male,2,6,Fashion,3,Married,1,0,2,0,7,23,166
C007644,54,Mobile Phone,2,34,E wallet,Female,5,5,Grocery,2,Single,5,0,5,4,9,11,77
C007645,16,Mobile Phone,3,14,E wallet,Female,4,5,Grocery,4,Single,4,0,1,3,12,16,271
C007646,45,Mobile Phone,3,16,UPI,Male,4,3,Grocery,5,Single,4,0,16,5,14,24,392
C007647,22,Computer,1,37,Cash on Delivery,Female,2,3,Fashion,5,Single,3,1,3,1,5,21,393
C007648,57,Mobile Phone,1,38,Credit Card,Female,3,1,Mobile Phone,1,Single,4,1,9,2,3,30,379
C007649,20,Computer,3,22,Cash on Delivery,Male,1,6,Mobile Phone,1,Divorced,7,0,2,5,11,16,471
C007650,50,Computer,1,43,Credit Card,Female,1,1,Fashion,1,Married,5,0,26,5,12,28,155
C007651,43,Mobile Phone,1,20,Cash on Delivery,Female,2,6,Grocery,3,Single,2,0,11,7,10,26,402
C007652,27,Mobile Phone,2,49,Cash on Delivery,Male,2,1,Fashion,1,Single,2,0,1,8,12,11,202
C007653,41,Mobile Phone,3,8,E wallet,Male,4,5,Fashion,2,Single,1,0,29,3,4,23,70
C007654,16,Computer,1,14,Cash on Delivery,Male,4,5,Others,1,Married,6,0,6,8,1,4,453
C007655,34,Mobile Phone,2,32,UPI,Male,3,4,Others,4,Married,5,0,10,2,8,6,65
C007656,32,Mobile Phone,1,45,Credit Card,Male,4,4,Laptop & Accessory,1,Single,4,0,30,5,7,17,307
C007657,26,Mobile Phone,1,22,Debit Card,Female,1,4,Laptop & Accessory,5,Single,4,0,20,9,4,25,352
C007658,25,Mobile Phone,1,13,Cash on Delivery,Female,1,3,Fashion,5,Single,5,0,20,8,3,25,341
C007659,2,Computer,1,26,Debit Card,Female,4,5,Others,1,Single,6,0,20,1,9,15,214
C007660,12,Mobile Phone,3,14,E wallet,Male,1,1,Grocery,5,Single,2,0,22,2,12,6,444
C007661,40,Computer,3,44,Debit Card,Male,1,1,Laptop & Accessory,1,Married,4,0,25,9,12,18,162
C007662,9,Mobile Phone,3,27,UPI,Female,1,4,Grocery,1,Divorced,4,1,3,2,11,14,184
C007663,12,Mobile Phone,1,47,UPI,Female,1,3,Grocery,3,Married,5,1,14,4,7,4,305
C007664,26,Tablet,2,17,E wallet,Male,5,3,Laptop & Accessory,3,Married,1,1,0,10,1,8,90
C007665,9,Mobile Phone,1,28,UPI,Male,2,4,Fashion,5,Single,5,1,28,2,5,20,312
C007666,10,Computer,1,17,Credit Card,Female,3,1,Others,5,Married,4,0,29,1,12,20,102
C007667,32,Mobile Phone,2,49,UPI,Female,5,3,Laptop & Accessory,2,Married,5,0,19,6,13,8,380
C007668,57,Mobile Phone,2,29,Cash on Delivery,Female,3,6,Mobile Phone,2,Single,7,0,18,8,11,14,163
C007669,34,Mobile Phone,1,48,UPI,Male,5,6,Mobile Phone,1,Married,7,0,0,4,2,1,368
C007670,48,Tablet,1,33,Credit Card,Female,5,2,Grocery,2,Single,5,0,26,3,10,21,237
C007671,20,Tablet,3,20,E wallet,Female,3,6,Mobile Phone,4,Divorced,1,0,23,3,12,24,218
C007672,39,Mobile Phone,2,44,UPI,Male,2,4,Grocery,3,Single,2,1,5,0,4,1,396
C007673,60,Mobile Phone,3,10,Credit Card,Female,4,1,Others,5,Single,5,0,9,8,15,15,82
C007674,2,Mobile Phone,3,12,Cash on Delivery,Male,5,2,Laptop & Accessory,2,Single,5,0,13,10,11,12,57
C007675,1,Mobile Phone,2,38,Debit Card,Female,2,5,Laptop & Accessory,4,Single,6,0,14,8,1,13,50
C007676,51,Computer,1,22,Debit Card,Male,4,1,Others,2,Married,6,0,22,0,15,13,366
C007677,60,Mobile Phone,3,47,E wallet,Male,3,2,Grocery,5,Single,1,0,17,2,12,1,337
C007678,36,Tablet,1,36,E wallet,Male,5,5,Fashion,2,Married,6,0,6,5,7,0,436
C007679,24,Mobile Phone,1,14,Debit Card,Male,4,3,Mobile Phone,3,Divorced,7,0,9,0,14,30,221
C007680,54,Computer,3,38,Debit Card,Male,2,1,Others,2,Divorced,7,0,27,4,2,19,407
C007681,27,Mobile Phone,2,27,E wallet,Female,4,1,Mobile Phone,4,Married,4,0,26,2,3,17,447
C007682,2,Mobile Phone,1,23,Debit Card,Male,3,3,Fashion,2,Divorced,3,0,6,2,14,10,483
C007683,31,Tablet,2,24,UPI,Female,4,1,Grocery,5,Single,7,0,1,0,7,7,73
C007684,57,Mobile Phone,2,38,Credit Card,Male,1,4,Mobile Phone,2,Divorced,3,0,9,9,9,14,273
C007685,14,Computer,1,42,E wallet,Female,5,2,Grocery,4,Single,7,0,1,1,3,4,291
C007686,2,Tablet,1,21,Credit Card,Female,2,5,Fashion,2,Single,7,0,26,7,14,16,486
C007687,29,Mobile Phone,1,48,Cash on Delivery,Female,2,5,Grocery,1,Single,6,0,9,7,8,22,201
C007688,15,Mobile Phone,1,9,Cash on Delivery,Male,5,2,Fashion,5,Married,4,0,16,5,4,24,314
C007689,12,Mobile Phone,3,6,UPI,Female,5,4,Laptop & Accessory,1,Single,6,0,2,9,15,3,290
C007690,37,Mobile Phone,2,45,Cash on Delivery,Female,1,1,Mobile Phone,1,Single,4,1,6,0,10,17,385
C007691,28,Mobile Phone,2,38,E wallet,Male,1,3,Mobile Phone,5,Married,4,0,17,0,7,28,284
C007692,20,Mobile Phone,1,24,UPI,Female,2,3,Fashion,5,Married,2,0,14,8,11,12,305
C007693,39,Mobile Phone,1,50,UPI,Female,4,1,Fashion,4,Single,6,0,6,3,2,17,349
C007694,24,Mobile Phone,1,6,E wallet,Male,5,6,Others,4,Married,2,1,2,6,7,28,89
C007695,21,Mobile Phone,1,32,Debit Card,Male,1,5,Fashion,4,Single,7,0,20,4,12,22,266
C007696,10,Mobile Phone,1,22,Credit Card,Male,1,2,Fashion,1,Married,1,0,0,6,7,14,448
C007697,46,Mobile Phone,2,48,E wallet,Male,1,2,Grocery,2,Married,4,0,13,5,3,10,463
C007698,14,Mobile Phone,1,43,Debit Card,Female,4,5,Grocery,3,Divorced,5,0,18,10,9,9,219
C007699,37,Mobile Phone,3,39,Debit Card,Female,2,2,Mobile Phone,2,Married,4,1,8,4,4,2,318
C007700,18,Mobile Phone,3,19,Cash on Delivery,Male,2,5,Grocery,3,Single,6,1,19,3,10,21,493
C007701,24,Mobile Phone,2,43,UPI,Female,1,4,Grocery,3,Single,4,0,25,9,12,26,413
C007702,14,Mobile Phone,1,44,UPI,Female,4,1,Mobile Phone,3,Divorced,5,0,21,4,7,8,70
C007703,34,Computer,3,43,Cash on Delivery,Male,4,5,Laptop & Accessory,3,Married,1,1,19,3,1,15,407
C007704,58,Mobile Phone,3,7,Cash on Delivery,Female,2,4,Others,5,Married,4,0,29,9,6,12,384
C007705,12,Mobile Phone,1,23,UPI,Female,5,5,Grocery,4,Married,7,1,3,6,13,28,178
C007706,22,Tablet,2,27,E wallet,Male,1,4,Laptop & Accessory,5,Married,7,0,3,1,13,21,107
C007707,56,Computer,3,23,E wallet,Female,4,4,Others,1,Single,5,1,2,8,4,6,193
C007708,6,Mobile Phone,2,22,E wallet,Male,5,4,Mobile Phone,5,Married,3,0,13,4,3,3,426
C007709,36,Mobile Phone,1,34,E wallet,Female,3,1,Grocery,4,Married,3,0,15,2,5,30,462
C007710,45,Mobile Phone,2,43,Cash on Delivery,Female,1,5,Grocery,2,Single,5,0,30,4,7,28,136
C007711,36,Mobile Phone,2,23,Credit Card,Male,3,6,Fashion,4,Single,4,1,5,8,4,13,290
C007712,22,Tablet,2,9,Credit Card,Female,2,5,Grocery,2,Married,7,0,21,1,6,6,468
C007713,14,Mobile Phone,3,17,UPI,Male,2,5,Grocery,1,Married,2,0,6,7,4,9,162
C007714,16,Computer,2,38,Credit Card,Male,2,4,Laptop & Accessory,3,Divorced,2,1,30,0,9,30,172
C007715,36,Mobile Phone,1,28,E wallet,Male,4,2,Laptop & Accessory,5,Married,4,0,16,6,9,10,234
C007716,56,Tablet,2,22,Cash on Delivery,Female,4,2,Grocery,3,Married,5,0,15,10,4,1,417
C007717,25,Mobile Phone,2,8,E wallet,Female,5,5,Others,1,Married,1,0,17,6,9,7,76
C007718,32,Mobile Phone,1,40,Debit Card,Male,3,2,Mobile Phone,1,Single,2,0,26,6,9,12,109
C007719,33,Mobile Phone,1,12,Cash on Delivery,Male,2,6,Laptop & Accessory,2,Married,3,0,9,6,11,30,403
C007720,45,Mobile Phone,3,47,Debit Card,Male,2,2,Others,2,Single,1,1,7,2,11,17,156
C007721,36,Mobile Phone,2,5,Debit Card,Female,4,2,Grocery,1,Married,3,0,13,2,4,20,417
C007722,20,Computer,1,45,UPI,Male,4,4,Fashion,4,Divorced,7,0,8,1,6,3,107
C007723,18,Mobile Phone,1,42,Debit Card,Female,4,5,Laptop & Accessory,3,Married,4,0,19,8,2,13,312
C007724,38,Computer,2,40,Credit Card,Male,1,6,Laptop & Accessory,5,Single,1,1,15,10,6,3,125
C007725,3,Mobile Phone,2,42,Credit Card,Female,3,6,Fashion,1,Married,6,0,20,2,11,29,481
C007726,23,Mobile Phone,1,17,Debit Card,Female,3,5,Grocery,5,Married,6,0,7,5,8,21,345
C007727,32,Tablet,2,26,UPI,Female,1,6,Laptop & Accessory,1,Single,6,0,9,3,1,13,289
C007728,45,Mobile Phone,1,33,Debit Card,Female,2,3,Grocery,2,Single,4,0,26,9,8,14,315
C007729,59,Mobile Phone,1,13,Cash on Delivery,Female,5,3,Others,2,Single,2,0,19,10,11,4,455
C007730,16,Mobile Phone,2,31,Cash on Delivery,Female,5,2,Laptop & Accessory,1,Single,4,0,13,9,11,17,466
C007731,59,Mobile Phone,1,50,Cash on Delivery,Male,2,5,Grocery,5,Married,6,0,25,2,10,30,125
C007732,5,Computer,3,48,Cash on Delivery,Male,5,2,Others,3,Married,2,0,26,4,2,2,368
C007733,4,Mobile Phone,1,8,Debit Card,Male,4,4,Laptop & Accessory,1,Married,7,0,1,4,14,20,397
C007734,21,Mobile Phone,2,44,E wallet,Female,3,5,Mobile Phone,1,Married,2,0,7,0,11,3,326
C007735,40,Computer,1,21,E wallet,Female,4,6,Grocery,4,Single,5,0,23,6,9,21,409
C007736,51,Mobile Phone,1,41,Cash on Delivery,Female,5,4,Others,1,Single,4,0,7,7,14,21,343
C007737,14,Mobile Phone,3,7,UPI,Male,5,4,Mobile Phone,2,Single,1,0,6,6,7,8,98
C007738,39,Tablet,2,8,UPI,Female,3,5,Grocery,4,Divorced,6,0,30,0,5,12,128
C007739,31,Mobile Phone,2,44,Debit Card,Male,4,2,Laptop & Accessory,4,Single,6,0,14,5,10,30,337
C007740,14,Computer,2,20,E wallet,Male,3,3,Grocery,2,Married,1,0,22,9,6,14,119
C007741,6,Mobile Phone,2,15,Debit Card,Male,5,2,Others,2,Married,5,0,28,1,14,0,338
C007742,12,Computer,3,31,Credit Card,Female,3,3,Laptop & Accessory,2,Divorced,4,0,26,9,4,24,132
C007743,16,Computer,2,30,Cash on Delivery,Male,3,1,Laptop & Accessory,5,Single,5,0,26,0,3,15,275
C007744,17,Mobile Phone,2,35,Credit Card,Male,5,3,Laptop & Accessory,4,Single,2,0,13,7,1,26,207
C007745,45,Mobile Phone,3,38,Credit Card,Female,3,5,Fashion,3,Single,4,0,10,3,7,19,76
C007746,23,Mobile Phone,3,12,UPI,Male,4,3,Others,3,Single,1,1,8,2,14,13,331
C007747,14,Computer,1,43,E wallet,Male,5,1,Mobile Phone,5,Married,6,0,1,0,12,28,361
C007748,7,Mobile Phone,2,5,Cash on Delivery,Male,3,6,Laptop & Accessory,3,Married,6,0,0,10,15,8,136
C007749,46,Mobile Phone,1,6,Debit Card,Female,2,6,Others,4,Married,6,0,9,8,3,11,496
C007750,32,Mobile Phone,1,31,Cash on Delivery,Female,4,3,Fashion,2,Single,2,0,28,7,1,7,236
C007751,15,Tablet,2,49,Debit Card,Female,4,2,Fashion,4,Married,5,0,13,7,8,21,205
C007752,44,Mobile Phone,3,47,Debit Card,Female,4,3,Laptop & Accessory,5,Single,7,0,25,7,7,19,53
C007753,17,Mobile Phone,2,7,E wallet,Male,1,5,Others,5,Married,7,1,30,4,2,27,252
C007754,41,Mobile Phone,2,38,Credit Card,Female,5,5,Fashion,1,Married,7,0,19,4,12,3,454
C007755,54,Mobile Phone,1,20,Debit Card,Female,1,4,Laptop & Accessory,5,Married,5,0,28,7,15,3,378
C007756,47,Mobile Phone,2,5,E wallet,Male,3,2,Grocery,5,Single,5,0,26,5,9,19,416
C007757,44,Mobile Phone,3,11,Credit Card,Male,5,2,Grocery,4,Divorced,6,1,5,7,9,17,61
C007758,34,Computer,1,39,Credit Card,Female,4,3,Grocery,4,Married,4,0,18,1,1,25,279
C007759,5,Tablet,1,26,Cash on Delivery,Male,4,3,Mobile Phone,5,Single,7,0,6,1,8,27,306
C007760,45,Mobile Phone,2,36,Cash on Delivery,Male,4,5,Others,4,Married,5,0,12,5,3,17,486
C007761,27,Mobile Phone,2,30,Cash on Delivery,Female,4,4,Grocery,4,Single,2,0,30,10,4,20,233
C007762,52,Mobile Phone,2,10,UPI,Female,3,1,Fashion,5,Single,6,1,24,3,14,10,445
C007763,23,Mobile Phone,2,50,Credit Card,Male,2,3,Mobile Phone,2,Single,6,0,26,1,11,21,264
C007764,40,Mobile Phone,2,15,UPI,Male,5,2,Grocery,5,Married,4,0,17,10,12,30,375
C007765,59,Mobile Phone,1,35,Cash on Delivery,Female,2,6,Laptop & Accessory,3,Single,4,0,10,6,5,9,145
C007766,14,Mobile Phone,3,25,E wallet,Female,5,3,Fashion,4,Single,6,0,2,2,3,17,164
C007767,15,Computer,1,26,Cash on Delivery,Female,4,4,Mobile Phone,1,Single,2,0,17,8,4,0,280
C007768,43,Computer,1,5,Debit Card,Male,1,2,Mobile Phone,5,Single,6,1,6,5,2,2,231
C007769,33,Mobile Phone,2,25,E wallet,Male,3,6,Fashion,2,Married,1,1,18,8,1,11,77
C007770,53,Mobile Phone,3,49,E wallet,Male,5,6,Grocery,2,Married,4,1,9,10,3,30,251
C007771,31,Computer,3,24,Credit Card,Female,4,4,Laptop & Accessory,4,Single,2,0,26,2,13,3,257
C007772,35,Tablet,2,13,UPI,Female,1,2,Laptop & Accessory,5,Single,4,0,27,7,14,19,166
C007773,17,Mobile Phone,1,31,Debit Card,Female,4,3,Laptop & Accessory,5,Married,1,0,6,7,7,12,174
C007774,28,Mobile Phone,1,33,E wallet,Female,3,4,Mobile Phone,3,Divorced,1,0,1,9,14,24,389
C007775,19,Mobile Phone,1,47,UPI,Female,1,5,Grocery,5,Married,3,1,13,9,8,15,361
C007776,46,Mobile Phone,3,37,UPI,Male,5,2,Fashion,3,Single,7,0,21,8,15,5,135
C007777,54,Mobile Phone,3,49,Debit Card,Male,5,4,Others,2,Married,4,0,29,3,12,18,91
C007778,23,Mobile Phone,3,5,Debit Card,Male,5,4,Laptop & Accessory,5,Single,4,0,13,9,1,9,366
C007779,32,Mobile Phone,1,7,Cash on Delivery,Male,5,1,Fashion,4,Single,2,0,2,4,13,8,329
C007780,40,Mobile Phone,2,36,Cash on Delivery,Male,1,1,Fashion,3,Married,2,0,8,6,15,29,143
C007781,13,Mobile Phone,2,24,E wallet,Male,3,6,Laptop & Accessory,3,Single,3,0,19,8,10,1,395
C007782,59,Tablet,2,21,E wallet,Female,1,3,Others,4,Divorced,2,1,29,7,3,30,121
C007783,20,Mobile Phone,2,41,E wallet,Female,5,5,Mobile Phone,1,Married,1,0,14,6,6,23,331
C007784,35,Mobile Phone,3,42,Cash on Delivery,Female,3,5,Mobile Phone,4,Single,5,0,5,2,9,4,224
C007785,5,Mobile Phone,1,14,E wallet,Female,2,4,Grocery,3,Divorced,4,0,11,2,4,30,455
C007786,9,Mobile Phone,1,47,E wallet,Male,2,4,Mobile Phone,4,Single,6,0,24,3,7,8,225
C007787,29,Mobile Phone,1,49,Cash on Delivery,Male,1,6,Fashion,3,Married,3,1,13,0,15,22,473
C007788,6,Mobile Phone,1,33,Cash on Delivery,Male,5,4,Mobile Phone,1,Married,6,0,15,6,13,15,445
C007789,25,Mobile Phone,1,46,E wallet,Female,2,2,Grocery,5,Married,4,0,7,8,2,8,113
C007790,31,Mobile Phone,1,50,E wallet,Female,2,3,Fashion,2,Single,3,0,27,4,15,25,442
C007791,22,Mobile Phone,1,36,UPI,Female,4,3,Fashion,1,Divorced,5,0,9,9,2,13,271
C007792,2,Computer,2,17,Credit Card,Male,4,1,Others,5,Single,3,0,3,9,13,16,470
C007793,45,Mobile Phone,3,35,Cash on Delivery,Male,3,6,Laptop & Accessory,4,Married,3,0,20,5,7,7,195
C007794,5,Mobile Phone,3,8,Credit Card,Female,3,4,Laptop & Accessory,3,Married,6,0,2,4,12,18,345
C007795,60,Mobile Phone,1,22,Cash on Delivery,Female,5,4,Laptop & Accessory,1,Married,7,1,27,5,7,7,340
C007796,27,Mobile Phone,1,15,UPI,Female,2,2,Grocery,4,Married,7,0,2,0,10,1,197
C007797,25,Mobile Phone,1,46,Credit Card,Female,1,4,Mobile Phone,5,Married,5,0,6,5,15,11,494
C007798,8,Mobile Phone,3,22,UPI,Female,1,4,Laptop & Accessory,2,Single,7,0,29,7,11,12,189
C007799,55,Tablet,2,45,Debit Card,Female,4,3,Mobile Phone,1,Married,2,0,2,4,3,17,494
C007800,1,Computer,1,41,Credit Card,Male,3,4,Laptop & Accessory,2,Married,1,0,25,0,1,3,108
C007801,20,Mobile Phone,3,37,Credit Card,Female,5,6,Others,4,Single,3,1,9,4,13,25,282
C007802,44,Computer,1,41,Credit Card,Male,4,2,Mobile Phone,5,Single,7,0,19,10,14,29,169
C007803,23,Mobile Phone,3,7,Debit Card,Male,4,2,Grocery,1,Single,1,0,4,9,1,20,477
C007804,32,Tablet,1,5,Debit Card,Female,5,5,Grocery,5,Single,3,0,28,1,3,27,214
C007805,11,Mobile Phone,1,23,UPI,Male,5,5,Mobile Phone,3,Married,5,0,25,0,8,9,285
C007806,39,Mobile Phone,2,10,Debit Card,Female,2,1,Grocery,5,Divorced,1,0,13,4,11,17,344
C007807,47,Mobile Phone,3,14,Cash on Delivery,Female,5,2,Fashion,5,Married,6,0,9,9,14,2,232
C007808,54,Mobile Phone,3,41,E wallet,Female,5,6,Grocery,5,Married,7,1,8,7,10,20,207
C007809,24,Computer,2,16,Credit Card,Female,4,2,Others,1,Divorced,4,0,5,3,9,30,116
C007810,11,Computer,1,48,UPI,Male,4,6,Others,1,Married,1,0,2,4,14,2,163
C007811,29,Mobile Phone,2,21,UPI,Male,1,6,Mobile Phone,1,Single,5,0,10,8,11,2,377
C007812,54,Computer,3,31,UPI,Female,1,3,Grocery,2,Married,2,0,2,8,14,19,102
C007813,26,Computer,2,6,UPI,Male,1,5,Mobile Phone,4,Married,6,0,5,3,1,28,219
C007814,16,Mobile Phone,3,29,Credit Card,Female,5,6,Laptop & Accessory,4,Divorced,2,0,15,10,5,4,333
C007815,35,Mobile Phone,2,50,UPI,Female,2,1,Fashion,5,Married,1,0,5,5,7,2,104
C007816,20,Mobile Phone,2,48,Credit Card,Female,4,3,Mobile Phone,2,Divorced,5,0,6,1,14,0,242
C007817,46,Mobile Phone,2,32,UPI,Female,3,6,Mobile Phone,4,Single,6,0,8,2,8,30,130
C007818,3,Mobile Phone,2,49,UPI,Female,2,3,Mobile Phone,1,Single,2,1,10,0,2,11,320
C007819,1,Mobile Phone,3,41,E wallet,Male,3,5,Mobile Phone,3,Married,2,0,12,0,5,30,258
C007820,58,Mobile Phone,2,41,Cash on Delivery,Male,5,3,Others,3,Single,2,0,13,5,8,2,61
C007821,53,Mobile Phone,2,21,Debit Card,Male,3,5,Fashion,4,Married,1,0,2,5,6,4,366
C007822,47,Computer,1,9,Debit Card,Female,1,2,Laptop & Accessory,2,Married,2,0,5,4,8,10,196
C007823,1,Mobile Phone,1,23,Debit Card,Female,4,2,Fashion,4,Married,5,0,13,0,6,5,138
C007824,17,Mobile Phone,3,8,Cash on Delivery,Male,2,5,Mobile Phone,1,Married,6,0,9,9,2,7,478
C007825,2,Mobile Phone,1,43,Credit Card,Male,1,6,Others,2,Married,7,0,13,1,7,6,300
C007826,29,Mobile Phone,3,47,Debit Card,Female,4,4,Laptop & Accessory,3,Married,7,0,15,8,2,13,471
C007827,20,Mobile Phone,2,42,Debit Card,Female,1,4,Mobile Phone,5,Married,5,0,24,6,9,17,244
C007828,6,Mobile Phone,3,49,Debit Card,Female,2,1,Mobile Phone,1,Married,6,0,11,10,2,20,295
C007829,8,Mobile Phone,3,48,Credit Card,Female,5,4,Grocery,2,Divorced,4,0,25,7,12,2,427
C007830,29,Mobile Phone,2,34,Cash on Delivery,Male,3,1,Fashion,5,Single,2,0,16,7,12,11,500
C007831,48,Mobile Phone,3,36,Cash on Delivery,Male,5,5,Fashion,1,Divorced,4,0,26,0,3,15,350
C007832,51,Mobile Phone,1,41,Credit Card,Female,3,6,Fashion,3,Single,4,0,21,3,13,10,156
C007833,33,Mobile Phone,2,31,E wallet,Male,3,5,Grocery,2,Married,2,1,21,2,1,15,61
C007834,3,Mobile Phone,3,36,UPI,Male,2,5,Others,4,Divorced,4,1,23,6,7,23,121
C007835,60,Mobile Phone,1,46,Credit Card,Female,2,1,Others,2,Married,2,0,10,2,15,16,227
C007836,35,Mobile Phone,2,15,UPI,Male,5,3,Others,2,Single,3,0,4,7,14,18,292
C007837,5,Computer,3,45,Cash on Delivery,Female,4,1,Laptop & Accessory,1,Married,5,0,10,5,3,22,273
C007838,27,Mobile Phone,3,17,UPI,Male,4,6,Grocery,4,Married,3,0,26,2,11,6,391
C007839,44,Computer,1,39,Debit Card,Female,5,6,Grocery,3,Single,7,0,18,0,6,23,63
C007840,12,Computer,2,21,UPI,Female,3,3,Others,5,Married,6,1,18,7,1,19,328
C007841,20,Mobile Phone,1,34,UPI,Male,2,2,Others,3,Married,1,0,20,7,14,29,290
C007842,45,Mobile Phone,2,22,Cash on Delivery,Female,5,2,Others,4,Divorced,1,0,15,8,15,28,257
C007843,20,Mobile Phone,2,41,E wallet,Female,4,3,Grocery,5,Single,4,1,29,6,7,16,211
C007844,9,Mobile Phone,2,34,UPI,Female,3,6,Others,2,Married,3,0,7,7,1,26,476
C007845,39,Mobile Phone,2,30,Cash on Delivery,Female,4,3,Fashion,5,Single,3,0,29,0,1,26,170
C007846,4,Mobile Phone,1,20,Debit Card,Male,3,4,Others,2,Married,2,0,23,0,2,30,387
C007847,51,Mobile Phone,1,15,UPI,Female,4,3,Fashion,4,Single,4,0,7,6,5,16,429
C007848,54,Mobile Phone,1,8,UPI,Male,1,3,Mobile Phone,3,Single,5,1,20,6,1,0,212
C007849,19,Computer,2,45,Debit Card,Male,3,5,Mobile Phone,1,Divorced,3,0,18,2,15,12,230
C007850,38,Mobile Phone,3,19,Credit Card,Male,3,1,Grocery,5,Married,3,1,4,5,13,6,191
C007851,27,Computer,1,16,E wallet,Female,3,3,Laptop & Accessory,1,Single,7,1,28,5,10,16,153
C007852,45,Tablet,1,31,Debit Card,Male,1,5,Mobile Phone,1,Married,2,1,13,5,14,9,116
C007853,43,Tablet,2,8,Debit Card,Female,1,3,Grocery,5,Married,2,0,17,3,3,30,243
C007854,13,Computer,2,39,Debit Card,Female,4,4,Grocery,1,Married,5,0,3,8,7,4,104
C007855,13,Mobile Phone,1,25,Credit Card,Female,2,3,Fashion,1,Married,4,0,3,3,3,12,347
C007856,60,Mobile Phone,1,40,Debit Card,Male,4,3,Fashion,1,Married,2,0,6,3,7,10,135
C007857,57,Mobile Phone,1,6,Credit Card,Female,3,5,Others,3,Single,1,0,11,10,7,27,394
C007858,22,Mobile Phone,1,43,E wallet,Male,3,3,Mobile Phone,2,Single,3,0,12,9,5,7,203
C007859,28,Computer,1,32,Credit Card,Female,4,5,Fashion,3,Married,1,0,11,4,4,14,249
C007860,52,Tablet,1,38,E wallet,Female,5,1,Laptop & Accessory,3,Married,1,0,13,1,6,17,204
C007861,47,Mobile Phone,2,37,E wallet,Male,2,5,Grocery,2,Divorced,3,0,9,5,10,3,425
C007862,53,Mobile Phone,2,12,E wallet,Female,1,6,Others,2,Single,3,0,11,6,5,21,138
C007863,45,Mobile Phone,1,12,Cash on Delivery,Female,2,1,Fashion,1,Single,2,0,26,2,14,14,176
C007864,22,Mobile Phone,2,46,E wallet,Male,5,6,Fashion,3,Single,7,0,7,3,5,6,343
C007865,43,Mobile Phone,2,26,Credit Card,Male,4,3,Fashion,5,Married,7,0,23,4,7,29,398
C007866,19,Mobile Phone,3,31,Cash on Delivery,Male,4,1,Mobile Phone,5,Single,4,0,4,0,13,20,154
C007867,8,Computer,1,32,Debit Card,Male,3,2,Fashion,1,Single,3,1,10,7,14,23,68
C007868,52,Mobile Phone,2,15,Debit Card,Male,4,6,Grocery,3,Married,4,0,15,3,13,9,428
C007869,8,Computer,2,31,UPI,Female,5,2,Fashion,1,Single,3,0,24,9,13,14,107
C007870,42,Mobile Phone,1,5,E wallet,Female,4,5,Laptop & Accessory,3,Single,6,0,7,4,7,2,311
C007871,26,Computer,3,43,UPI,Male,4,4,Fashion,1,Married,7,0,12,3,6,22,93
C007872,48,Mobile Phone,2,32,E wallet,Male,5,3,Others,2,Divorced,1,0,2,1,7,27,50
C007873,51,Computer,2,31,E wallet,Female,1,6,Others,5,Single,1,0,8,8,15,10,274
C007874,26,Mobile Phone,1,12,Credit Card,Male,2,2,Laptop & Accessory,1,Single,7,0,7,0,12,6,413
C007875,23,Mobile Phone,1,50,Credit Card,Female,4,4,Others,3,Married,5,1,9,0,10,1,207
C007876,43,Mobile Phone,2,28,Debit Card,Male,2,5,Mobile Phone,5,Single,2,0,14,7,12,0,257
C007877,13,Computer,1,44,Cash on Delivery,Female,2,1,Grocery,1,Single,7,0,13,0,2,17,256
C007878,28,Mobile Phone,2,40,Debit Card,Female,3,3,Grocery,4,Divorced,7,0,18,10,4,9,228
C007879,9,Mobile Phone,1,28,E wallet,Male,1,6,Mobile Phone,5,Married,2,0,27,5,4,26,112
C007880,20,Mobile Phone,2,46,Cash on Delivery,Male,2,1,Others,4,Married,3,0,17,2,6,2,406
C007881,56,Mobile Phone,2,26,UPI,Female,3,3,Laptop & Accessory,3,Single,3,0,17,5,3,27,78
C007882,19,Computer,1,14,E wallet,Female,5,2,Laptop & Accessory,2,Single,2,0,7,10,2,6,129
C007883,48,Mobile Phone,2,8,Credit Card,Male,5,4,Grocery,2,Married,5,0,8,7,10,14,65
C007884,39,Mobile Phone,2,12,Debit Card,Male,5,5,Laptop & Accessory,3,Married,7,0,7,0,6,0,390
C007885,51,Tablet,1,43,Debit Card,Female,5,3,Mobile Phone,4,Married,3,0,7,0,7,25,431
C007886,12,Computer,1,19,UPI,Female,5,2,Grocery,2,Single,4,0,26,5,14,0,479
C007887,15,Computer,1,12,Debit Card,Female,3,6,Fashion,2,Married,3,1,3,7,15,8,201
C007888,31,Mobile Phone,1,33,Debit Card,Male,1,5,Mobile Phone,4,Single,4,0,20,3,6,4,159
C007889,55,Mobile Phone,3,46,Cash on Delivery,Male,1,3,Mobile Phone,1,Divorced,4,0,12,7,12,24,276
C007890,14,Mobile Phone,2,43,E wallet,Male,3,2,Laptop & Accessory,2,Married,1,0,2,2,6,23,285
C007891,11,Computer,1,39,Cash on Delivery,Male,3,5,Laptop & Accessory,2,Single,6,0,23,5,14,8,92
C007892,26,Mobile Phone,1,45,Cash on Delivery,Male,4,1,Laptop & Accessory,1,Divorced,6,0,15,3,2,26,384
C007893,42,Mobile Phone,1,18,Debit Card,Female,2,4,Fashion,4,Divorced,7,0,18,7,7,24,85
C007894,27,Mobile Phone,2,36,E wallet,Female,5,4,Mobile Phone,4,Married,6,0,22,5,4,4,64
C007895,11,Mobile Phone,1,11,Debit Card,Male,2,6,Others,1,Married,1,1,21,2,3,25,351
C007896,38,Computer,2,48,Debit Card,Female,4,6,Grocery,2,Single,5,0,21,5,5,8,87
C007897,34,Mobile Phone,1,37,Cash on Delivery,Female,1,1,Laptop & Accessory,1,Single,7,0,16,4,10,27,198
C007898,43,Mobile Phone,3,39,Credit Card,Female,5,4,Laptop & Accessory,3,Married,6,0,30,8,10,11,434
C007899,19,Computer,1,31,Credit Card,Female,1,4,Mobile Phone,1,Married,1,0,12,9,1,0,167
C007900,6,Mobile Phone,2,5,Cash on Delivery,Female,3,3,Fashion,5,Married,4,0,11,1,10,17,410
C007901,46,Mobile Phone,2,10,Cash on Delivery,Male,2,2,Laptop & Accessory,4,Married,5,0,27,7,4,13,202
C007902,52,Tablet,2,6,Debit Card,Female,1,1,Fashion,2,Married,1,0,27,9,8,19,228
C007903,38,Tablet,3,11,E wallet,Male,4,6,Fashion,2,Married,1,0,7,1,15,29,67
C007904,49,Mobile Phone,2,12,Debit Card,Male,1,2,Others,3,Married,6,0,8,0,6,27,53
C007905,42,Mobile Phone,2,49,Debit Card,Female,5,4,Fashion,2,Single,4,0,19,4,4,6,478
C007906,28,Mobile Phone,2,33,UPI,Female,5,2,Others,3,Divorced,3,0,14,10,13,26,200
C007907,1,Computer,3,20,Debit Card,Female,2,5,Grocery,3,Single,6,0,3,8,12,19,202
C007908,35,Computer,2,33,E wallet,Female,3,1,Fashion,4,Married,7,0,23,8,9,22,207
C007909,40,Mobile Phone,3,35,Debit Card,Male,5,1,Grocery,3,Divorced,5,0,15,6,2,27,422
C007910,8,Mobile Phone,1,26,Cash on Delivery,Female,4,1,Fashion,4,Married,1,0,12,10,14,8,272
C007911,59,Mobile Phone,2,14,E wallet,Male,2,3,Others,3,Married,4,0,5,9,10,8,263
C007912,52,Mobile Phone,3,8,Cash on Delivery,Male,5,2,Others,1,Single,1,0,23,9,5,9,255
C007913,54,Mobile Phone,1,29,UPI,Female,4,2,Grocery,4,Married,3,0,22,7,10,1,162
C007914,47,Computer,3,17,UPI,Male,1,6,Mobile Phone,5,Divorced,2,0,7,5,2,3,223
C007915,56,Mobile Phone,1,21,E wallet,Male,4,3,Mobile Phone,1,Single,5,0,14,1,8,17,461
C007916,7,Mobile Phone,3,44,Credit Card,Male,2,1,Mobile Phone,3,Single,7,0,29,7,13,7,87
C007917,11,Mobile Phone,2,12,Credit Card,Female,5,3,Fashion,5,Single,5,0,19,3,15,25,339
C007918,39,Mobile Phone,1,27,E wallet,Male,3,3,Mobile Phone,4,Single,4,1,26,2,9,15,130
C007919,4,Mobile Phone,3,11,E wallet,Female,3,4,Grocery,5,Married,7,0,26,1,12,15,253
C007920,25,Mobile Phone,1,36,Cash on Delivery,Male,4,1,Mobile Phone,5,Single,6,0,1,8,14,5,107
C007921,12,Mobile Phone,1,28,UPI,Male,4,6,Grocery,3,Married,4,0,0,3,2,20,289
C007922,26,Mobile Phone,1,5,E wallet,Female,4,5,Grocery,1,Single,1,0,20,0,7,29,349
C007923,38,Mobile Phone,2,40,Debit Card,Male,5,6,Fashion,5,Married,5,0,25,9,10,10,341
C007924,46,Computer,3,31,Cash on Delivery,Female,3,4,Others,1,Single,6,0,9,1,7,6,150
C007925,12,Mobile Phone,1,10,UPI,Male,3,1,Fashion,5,Married,1,1,8,3,3,2,82
C007926,43,Mobile Phone,2,46,Cash on Delivery,Male,2,1,Fashion,4,Married,2,0,7,7,5,12,300
C007927,51,Computer,1,35,UPI,Female,2,1,Laptop & Accessory,3,Married,6,0,13,4,9,30,116
C007928,53,Mobile Phone,2,16,Debit Card,Male,1,2,Mobile Phone,5,Married,5,0,22,2,3,22,177
C007929,37,Tablet,1,30,UPI,Female,5,1,Mobile Phone,3,Divorced,7,0,0,1,3,23,490
C007930,46,Mobile Phone,1,29,Cash on Delivery,Male,4,1,Grocery,1,Married,2,0,9,10,12,4,304
C007931,53,Computer,1,8,UPI,Female,2,5,Others,5,Divorced,1,1,3,3,2,1,417
C007932,24,Tablet,2,10,Cash on Delivery,Male,1,1,Mobile Phone,4,Single,6,1,26,1,1,6,58
C007933,16,Computer,3,50,E wallet,Female,1,3,Mobile Phone,2,Married,7,0,17,7,9,11,307
C007934,57,Mobile Phone,2,17,Debit Card,Female,3,1,Others,1,Single,3,0,29,6,15,13,191
C007935,13,Mobile Phone,1,29,Cash on Delivery,Female,5,1,Mobile Phone,3,Married,2,0,8,10,6,28,479
C007936,25,Mobile Phone,2,35,Credit Card,Male,5,6,Laptop & Accessory,1,Married,7,0,25,10,15,7,155
C007937,54,Mobile Phone,3,26,Credit Card,Female,4,1,Mobile Phone,4,Single,6,0,10,3,15,30,329
C007938,54,Computer,1,39,UPI,Male,5,2,Laptop & Accessory,3,Married,3,0,13,8,8,25,474
C007939,57,Mobile Phone,1,25,E wallet,Female,4,4,Fashion,3,Married,5,0,28,5,5,0,78
C007940,52,Mobile Phone,1,19,E wallet,Female,5,2,Fashion,3,Married,3,0,18,7,1,10,136
C007941,54,Mobile Phone,2,7,Credit Card,Female,3,5,Laptop & Accessory,2,Single,3,1,28,3,3,5,353
C007942,4,Mobile Phone,2,41,UPI,Male,1,6,Grocery,2,Single,6,1,8,5,13,28,254
C007943,11,Computer,2,49,E wallet,Female,5,6,Laptop & Accessory,3,Married,1,0,4,9,6,30,203
C007944,32,Computer,1,30,E wallet,Male,5,5,Grocery,2,Single,1,0,27,5,13,22,409
C007945,49,Mobile Phone,1,21,UPI,Female,3,3,Others,3,Married,7,0,17,4,10,28,200
C007946,7,Mobile Phone,3,42,Cash on Delivery,Female,2,3,Others,4,Divorced,1,0,25,3,8,4,144
C007947,46,Mobile Phone,1,39,Credit Card,Female,4,5,Laptop & Accessory,3,Single,1,0,19,10,11,30,335
C007948,58,Mobile Phone,3,45,E wallet,Male,2,4,Grocery,2,Married,7,0,21,10,11,18,237
C007949,11,Tablet,2,12,Cash on Delivery,Female,1,6,Fashion,4,Married,5,0,23,4,1,28,267
C007950,28,Computer,1,15,Cash on Delivery,Male,2,4,Laptop & Accessory,4,Single,7,0,2,7,13,15,279
C007951,54,Mobile Phone,2,28,Cash on Delivery,Female,1,5,Laptop & Accessory,2,Divorced,1,0,24,4,12,15,238
C007952,41,Mobile Phone,3,47,Cash on Delivery,Male,4,1,Grocery,3,Single,5,0,3,1,15,1,361
C007953,23,Mobile Phone,2,12,Debit Card,Male,3,2,Others,2,Single,5,0,30,2,14,10,420
C007954,45,Mobile Phone,3,34,Debit Card,Female,1,2,Fashion,1,Married,6,0,25,2,5,10,182
C007955,23,Mobile Phone,1,5,UPI,Female,4,1,Grocery,2,Married,3,0,14,0,7,11,170
C007956,50,Mobile Phone,2,38,Credit Card,Male,3,4,Grocery,4,Single,5,0,28,4,8,4,311
C007957,28,Mobile Phone,3,24,UPI,Male,2,2,Fashion,3,Single,1,0,6,3,10,7,242
C007958,43,Mobile Phone,3,40,Debit Card,Male,2,2,Laptop & Accessory,5,Single,7,0,2,0,1,25,325
C007959,47,Mobile Phone,2,38,UPI,Female,1,3,Laptop & Accessory,3,Divorced,4,0,26,9,15,5,332
C007960,57,Tablet,2,38,UPI,Male,5,4,Mobile Phone,4,Single,3,1,11,3,15,20,82
C007961,26,Computer,1,17,Cash on Delivery,Female,5,5,Fashion,3,Married,7,0,9,3,2,9,390
C007962,25,Mobile Phone,1,10,E wallet,Female,3,5,Grocery,4,Single,5,0,1,2,9,24,124
C007963,54,Mobile Phone,1,40,Debit Card,Male,2,1,Mobile Phone,5,Married,3,0,24,6,8,28,114
C007964,29,Mobile Phone,1,29,Debit Card,Male,4,2,Mobile Phone,2,Married,6,1,24,6,9,18,156
C007965,19,Mobile Phone,1,31,UPI,Male,3,5,Mobile Phone,1,Single,5,1,11,0,6,23,163
C007966,33,Mobile Phone,1,35,E wallet,Male,1,1,Laptop & Accessory,3,Single,5,0,5,6,7,15,191
C007967,36,Computer,3,7,UPI,Male,1,3,Others,5,Single,3,0,3,0,9,11,436
C007968,14,Mobile Phone,2,32,Credit Card,Male,3,4,Mobile Phone,3,Married,3,0,1,9,3,23,64
C007969,14,Mobile Phone,2,8,Debit Card,Male,4,2,Grocery,1,Divorced,2,0,30,10,6,28,206
C007970,35,Mobile Phone,3,21,Cash on Delivery,Female,2,2,Laptop & Accessory,1,Divorced,2,0,6,8,8,7,166
C007971,30,Computer,1,42,Cash on Delivery,Male,2,1,Others,1,Single,1,0,13,5,9,18,231
C007972,28,Computer,2,38,Cash on Delivery,Male,4,2,Others,5,Married,5,0,3,6,11,10,225
C007973,17,Mobile Phone,2,24,Debit Card,Male,2,4,Mobile Phone,1,Single,3,0,2,9,2,3,242
C007974,3,Mobile Phone,1,17,Debit Card,Female,5,5,Mobile Phone,1,Divorced,7,0,12,2,7,24,67
C007975,16,Mobile Phone,2,9,Cash on Delivery,Female,5,1,Laptop & Accessory,1,Married,6,1,25,6,9,30,271
C007976,46,Mobile Phone,1,28,Debit Card,Male,4,4,Mobile Phone,1,Divorced,6,0,26,8,8,0,59
C007977,30,Mobile Phone,1,42,Cash on Delivery,Female,5,2,Laptop & Accessory,5,Single,4,0,28,9,7,18,240
C007978,52,Mobile Phone,1,21,Credit Card,Male,3,5,Others,3,Married,6,0,17,9,5,22,268
C007979,29,Mobile Phone,3,35,Credit Card,Male,2,4,Grocery,5,Married,7,0,1,10,11,16,436
C007980,45,Mobile Phone,2,32,Credit Card,Male,3,5,Grocery,5,Married,6,0,25,1,11,20,257
C007981,15,Mobile Phone,2,5,UPI,Female,4,5,Fashion,1,Divorced,3,0,10,10,3,1,443
C007982,46,Computer,2,6,UPI,Female,5,1,Fashion,2,Single,7,0,6,4,1,6,170
C007983,56,Mobile Phone,1,37,E wallet,Female,3,2,Fashion,3,Divorced,2,0,23,2,1,7,377
C007984,25,Mobile Phone,2,44,E wallet,Female,3,3,Grocery,3,Married,7,0,25,1,6,24,220
C007985,51,Mobile Phone,2,33,E wallet,Female,1,3,Mobile Phone,2,Married,7,0,3,8,8,22,141
C007986,38,Mobile Phone,1,8,Credit Card,Female,3,3,Laptop & Accessory,3,Single,3,0,27,1,14,17,177
C007987,42,Mobile Phone,2,22,Credit Card,Male,5,4,Grocery,1,Single,6,0,23,1,7,15,489
C007988,59,Mobile Phone,1,28,Credit Card,Female,2,3,Fashion,1,Married,4,0,13,2,8,9,344
C007989,47,Mobile Phone,1,36,Debit Card,Male,2,6,Fashion,1,Married,3,0,14,10,3,18,366
C007990,53,Mobile Phone,3,13,Debit Card,Female,2,6,Mobile Phone,1,Divorced,3,0,10,5,4,24,422
C007991,54,Mobile Phone,2,20,Credit Card,Male,5,2,Fashion,4,Single,4,0,2,5,2,14,427
C007992,52,Mobile Phone,2,25,Cash on Delivery,Male,2,3,Fashion,1,Married,2,0,25,6,10,25,398
C007993,58,Tablet,2,34,E wallet,Female,2,5,Laptop & Accessory,4,Married,3,0,22,1,5,8,90
C007994,38,Mobile Phone,1,7,UPI,Male,4,6,Mobile Phone,3,Divorced,6,1,7,0,5,2,190
C007995,23,Mobile Phone,2,37,E wallet,Female,4,5,Others,3,Single,2,0,11,1,13,28,290
C007996,25,Mobile Phone,2,35,Cash on Delivery,Male,1,5,Others,4,Married,4,0,25,9,3,2,297
C007997,42,Computer,2,49,Debit Card,Male,1,3,Fashion,3,Single,3,1,13,8,1,1,299
C007998,7,Mobile Phone,3,18,Credit Card,Female,3,2,Fashion,5,Married,3,0,29,1,6,18,106
C007999,22,Computer,3,10,Debit Card,Male,3,2,Laptop & Accessory,2,Married,5,0,4,6,6,14,309
C008000,17,Computer,2,9,Debit Card,Male,3,3,Others,5,Single,1,0,25,0,2,8,211
C008001,18,Mobile Phone,3,33,Cash on Delivery,Male,1,2,Mobile Phone,4,Single,7,0,21,8,8,20,323
C008002,49,Mobile Phone,2,41,Debit Card,Female,2,6,Mobile Phone,2,Married,4,1,13,5,2,28,327
C008003,41,Mobile Phone,2,40,Debit Card,Male,3,3,Grocery,4,Single,6,0,11,8,10,20,380
C008004,10,Computer,1,25,E wallet,Male,2,2,Grocery,1,Single,2,0,30,8,6,12,122
C008005,10,Mobile Phone,2,16,E wallet,Female,2,1,Mobile Phone,2,Married,4,0,2,5,13,21,147
C008006,57,Mobile Phone,3,50,Cash on Delivery,Male,1,1,Grocery,4,Married,5,0,12,5,1,21,218
C008007,7,Mobile Phone,3,27,Credit Card,Male,4,2,Laptop & Accessory,1,Single,6,0,29,2,5,23,131
C008008,48,Mobile Phone,3,18,E wallet,Female,4,5,Fashion,3,Married,4,0,19,7,10,30,199
C008009,50,Mobile Phone,1,47,Debit Card,Male,5,6,Mobile Phone,4,Single,1,0,2,0,8,12,474
C008010,38,Mobile Phone,1,46,UPI,Male,4,1,Others,2,Single,6,1,0,10,14,21,315
C008011,27,Mobile Phone,1,14,E wallet,Female,3,6,Others,3,Married,7,1,12,5,10,7,397
C008012,52,Mobile Phone,1,31,UPI,Female,1,4,Mobile Phone,4,Married,4,0,13,7,2,27,239
C008013,33,Mobile Phone,2,45,Credit Card,Female,2,6,Grocery,4,Single,2,0,17,8,14,30,328
C008014,1,Computer,1,6,Debit Card,Male,1,3,Grocery,3,Single,6,1,10,3,13,26,308
C008015,44,Mobile Phone,2,18,E wallet,Male,5,4,Mobile Phone,1,Single,2,0,25,10,11,24,172
C008016,53,Computer,2,11,Credit Card,Male,5,2,Mobile Phone,2,Single,1,0,6,3,3,4,249
C008017,60,Mobile Phone,1,21,Cash on Delivery,Male,5,2,Mobile Phone,1,Married,5,1,25,10,11,17,401
C008018,34,Mobile Phone,1,24,Credit Card,Male,2,5,Laptop & Accessory,2,Married,6,1,2,2,1,11,238
C008019,4,Computer,3,12,Cash on Delivery,Male,5,1,Others,3,Single,7,0,0,0,9,4,349
C008020,17,Mobile Phone,1,24,Cash on Delivery,Male,5,6,Laptop & Accessory,1,Single,3,0,20,9,10,18,498
C008021,4,Tablet,1,40,E wallet,Male,5,1,Laptop & Accessory,5,Single,3,0,16,0,2,25,237
C008022,43,Computer,3,9,UPI,Male,2,6,Fashion,5,Married,1,1,11,1,6,5,458
C008023,54,Mobile Phone,3,17,Cash on Delivery,Male,5,4,Laptop & Accessory,4,Single,7,1,16,0,4,4,459
C008024,26,Mobile Phone,2,43,Debit Card,Female,3,1,Others,1,Single,1,0,5,0,11,25,468
C008025,4,Mobile Phone,1,42,E wallet,Male,1,2,Grocery,4,Single,2,0,8,5,14,18,254
C008026,1,Mobile Phone,1,21,Cash on Delivery,Female,5,5,Others,1,Married,1,0,16,4,5,27,77
C008027,7,Mobile Phone,3,10,E wallet,Male,5,3,Mobile Phone,2,Married,7,0,30,4,15,6,124
C008028,30,Mobile Phone,3,23,Debit Card,Female,1,4,Mobile Phone,2,Single,2,0,6,10,13,28,295
C008029,50,Mobile Phone,2,29,E wallet,Female,5,6,Mobile Phone,3,Single,4,0,17,10,6,5,445
C008030,9,Mobile Phone,1,7,E wallet,Female,5,4,Laptop & Accessory,5,Single,2,0,25,0,4,4,164
C008031,35,Computer,1,45,Cash on Delivery,Male,3,3,Fashion,5,Single,2,0,23,2,11,24,348
C008032,8,Computer,1,32,Credit Card,Male,4,2,Grocery,3,Divorced,4,0,22,6,8,10,269
C008033,24,Mobile Phone,2,30,E wallet,Female,2,4,Laptop & Accessory,3,Married,2,0,26,5,14,14,458
C008034,19,Computer,1,12,Cash on Delivery,Male,2,1,Mobile Phone,3,Single,3,0,1,5,15,16,78
C008035,36,Mobile Phone,3,19,Debit Card,Female,1,1,Others,3,Single,2,1,26,7,10,3,231
C008036,50,Mobile Phone,1,5,Debit Card,Male,3,1,Mobile Phone,1,Married,1,0,8,4,7,30,229
C008037,52,Mobile Phone,2,44,Credit Card,Female,2,5,Others,3,Married,2,0,29,9,3,21,306
C008038,59,Mobile Phone,1,27,Debit Card,Female,1,3,Grocery,4,Married,4,1,22,1,8,29,217
C008039,43,Mobile Phone,2,40,Cash on Delivery,Female,1,2,Mobile Phone,3,Married,1,0,17,3,3,0,136
C008040,27,Computer,1,46,Credit Card,Female,1,1,Grocery,1,Married,6,0,14,2,13,24,356
C008041,32,Tablet,3,20,Cash on Delivery,Female,2,1,Mobile Phone,5,Single,4,0,17,1,6,28,202
C008042,14,Mobile Phone,2,8,Credit Card,Male,4,5,Mobile Phone,5,Single,4,1,11,10,5,9,66
C008043,57,Computer,1,12,Credit Card,Male,1,1,Others,5,Divorced,3,0,4,7,10,14,56
C008044,18,Mobile Phone,3,40,Cash on Delivery,Female,5,6,Fashion,1,Single,6,1,4,9,10,0,283
C008045,28,Mobile Phone,2,14,Credit Card,Male,4,5,Others,3,Married,5,0,30,3,8,20,491
C008046,60,Computer,3,34,Cash on Delivery,Male,4,6,Laptop & Accessory,2,Divorced,3,0,8,4,13,14,271
C008047,29,Mobile Phone,3,40,Debit Card,Female,5,3,Grocery,5,Single,7,0,16,8,14,9,119
C008048,16,Mobile Phone,3,20,Debit Card,Male,2,4,Grocery,5,Married,4,0,30,8,8,13,144
C008049,35,Mobile Phone,1,34,E wallet,Male,2,1,Fashion,2,Married,7,0,4,5,4,16,377
C008050,47,Mobile Phone,1,48,UPI,Female,3,1,Mobile Phone,3,Single,4,0,2,8,7,24,334
C008051,59,Mobile Phone,3,14,UPI,Male,2,3,Grocery,5,Single,7,0,18,0,4,0,93
C008052,59,Mobile Phone,2,15,Debit Card,Female,3,4,Fashion,3,Single,4,0,20,4,9,29,250
C008053,31,Mobile Phone,1,38,E wallet,Female,1,5,Laptop & Accessory,4,Single,4,0,27,6,12,18,101
C008054,4,Mobile Phone,3,20,UPI,Male,2,4,Grocery,2,Married,4,0,1,6,13,0,80
C008055,37,Mobile Phone,1,23,Cash on Delivery,Female,2,1,Laptop & Accessory,1,Married,3,0,3,1,3,16,351
C008056,17,Mobile Phone,2,48,Cash on Delivery,Male,5,3,Others,3,Married,5,0,19,8,2,23,229
C008057,39,Computer,3,8,Credit Card,Female,1,6,Grocery,2,Married,4,1,19,0,3,5,479
C008058,48,Mobile Phone,3,48,UPI,Female,3,2,Grocery,2,Single,6,0,17,8,3,10,279
C008059,46,Mobile Phone,1,35,Cash on Delivery,Female,1,3,Mobile Phone,2,Divorced,5,0,18,0,15,30,78
C008060,26,Mobile Phone,2,39,UPI,Female,4,5,Laptop & Accessory,1,Single,1,0,26,2,8,22,257
C008061,48,Mobile Phone,2,38,Credit Card,Male,5,5,Others,5,Married,2,0,2,9,6,18,406
C008062,39,Mobile Phone,2,30,Debit Card,Male,4,1,Fashion,4,Married,6,0,7,0,3,3,377
C008063,41,Mobile Phone,1,43,E wallet,Male,3,3,Others,5,Single,4,0,7,5,14,12,149
C008064,4,Tablet,2,10,Credit Card,Male,2,2,Grocery,3,Single,6,1,29,5,7,25,365
C008065,30,Mobile Phone,2,37,Credit Card,Male,2,3,Laptop & Accessory,2,Married,7,0,11,1,9,1,52
C008066,30,Mobile Phone,2,31,Credit Card,Male,2,5,Grocery,5,Married,7,0,16,9,7,30,275
C008067,22,Mobile Phone,3,16,E wallet,Female,3,3,Fashion,1,Married,7,0,19,2,11,4,374
C008068,11,Mobile Phone,2,49,Cash on Delivery,Male,4,1,Fashion,1,Married,7,1,6,6,4,0,121
C008069,2,Mobile Phone,1,12,UPI,Male,3,5,Grocery,4,Married,6,0,16,7,2,9,485
C008070,44,Mobile Phone,2,13,Debit Card,Male,3,3,Grocery,5,Married,4,1,1,6,7,6,86
C008071,12,Computer,3,5,Debit Card,Male,4,3,Grocery,1,Married,6,1,4,7,14,13,125
C008072,30,Mobile Phone,1,9,E wallet,Male,2,1,Laptop & Accessory,1,Single,4,0,27,3,11,1,451
C008073,36,Computer,2,11,Debit Card,Male,5,1,Mobile Phone,4,Divorced,6,0,22,8,10,26,140
C008074,18,Mobile Phone,1,22,E wallet,Male,3,3,Fashion,3,Married,7,0,6,0,1,22,120
C008075,26,Mobile Phone,1,44,E wallet,Male,3,2,Laptop & Accessory,5,Single,2,0,30,5,6,11,412
C008076,53,Mobile Phone,3,28,UPI,Female,4,5,Fashion,3,Single,5,1,26,3,12,11,96
C008077,7,Mobile Phone,3,30,UPI,Male,5,3,Grocery,2,Single,6,0,24,0,8,29,260
C008078,1,Computer,2,14,E wallet,Female,3,1,Fashion,3,Single,3,0,18,8,14,23,281
C008079,58,Mobile Phone,2,44,UPI,Male,1,5,Others,1,Single,4,0,11,0,10,6,163
C008080,26,Mobile Phone,3,48,Cash on Delivery,Male,5,1,Fashion,1,Married,2,0,25,3,12,3,259
C008081,23,Tablet,3,16,Credit Card,Male,3,5,Others,3,Married,1,0,1,6,9,7,405
C008082,26,Computer,2,26,Debit Card,Male,5,3,Laptop & Accessory,3,Married,2,0,0,2,12,30,377
C008083,45,Computer,2,31,Debit Card,Male,1,6,Laptop & Accessory,2,Single,4,0,10,2,7,26,206
C008084,6,Computer,2,7,Debit Card,Male,1,6,Others,2,Married,7,0,28,9,5,24,323
C008085,6,Mobile Phone,1,22,Debit Card,Male,5,4,Fashion,5,Married,7,1,7,10,7,2,374
C008086,44,Computer,2,9,Cash on Delivery,Male,2,6,Laptop & Accessory,1,Single,5,0,22,10,2,1,366
C008087,8,Mobile Phone,3,18,Cash on Delivery,Female,5,4,Fashion,5,Single,5,1,13,8,3,25,494
C008088,24,Computer,3,29,Credit Card,Female,4,5,Mobile Phone,5,Single,7,1,15,9,5,4,175
C008089,22,Computer,3,35,E wallet,Female,2,1,Mobile Phone,3,Married,1,0,24,10,1,13,438
C008090,19,Mobile Phone,1,25,UPI,Male,1,1,Others,1,Divorced,4,0,1,1,15,3,218
C008091,37,Computer,2,42,Credit Card,Male,2,1,Others,5,Single,1,0,24,7,11,23,202
C008092,18,Mobile Phone,1,24,Debit Card,Male,1,3,Fashion,3,Married,6,0,25,5,12,9,370
C008093,31,Mobile Phone,1,18,UPI,Female,1,5,Mobile Phone,4,Married,1,0,29,7,2,26,286
C008094,37,Mobile Phone,3,24,Credit Card,Female,1,3,Mobile Phone,2,Single,4,1,7,7,1,21,124
C008095,30,Computer,2,41,Debit Card,Male,4,4,Others,3,Single,7,0,11,10,8,21,255
C008096,57,Mobile Phone,3,50,Credit Card,Female,4,4,Grocery,3,Single,5,0,14,0,4,2,346
C008097,42,Mobile Phone,1,34,Debit Card,Female,3,1,Fashion,5,Single,5,0,19,4,14,20,415
C008098,33,Mobile Phone,2,47,Debit Card,Male,4,1,Fashion,3,Single,5,0,11,7,6,4,484
C008099,10,Tablet,2,45,Cash on Delivery,Female,1,5,Laptop & Accessory,3,Married,5,0,13,0,6,6,226
C008100,37,Mobile Phone,1,24,Debit Card,Female,5,4,Others,5,Married,5,0,9,4,10,6,96
C008101,12,Computer,1,11,Credit Card,Male,2,5,Laptop & Accessory,3,Married,1,0,3,5,5,7,438
C008102,54,Computer,1,9,UPI,Female,5,4,Grocery,2,Single,7,0,19,3,1,12,457
C008103,30,Mobile Phone,2,35,Cash on Delivery,Male,1,2,Laptop & Accessory,1,Single,6,0,20,6,9,20,375
C008104,27,Mobile Phone,3,33,UPI,Male,5,5,Grocery,5,Single,3,0,28,10,7,28,237
C008105,39,Computer,3,19,E wallet,Female,2,2,Laptop & Accessory,4,Married,4,0,26,4,14,12,172
C008106,9,Computer,3,29,UPI,Male,3,3,Others,4,Married,6,0,16,1,5,12,380
C008107,54,Computer,3,17,E wallet,Female,3,4,Grocery,1,Single,6,0,20,2,14,20,79
C008108,21,Mobile Phone,3,48,E wallet,Female,4,2,Fashion,2,Single,3,0,8,4,3,12,189
C008109,12,Computer,2,28,Cash on Delivery,Male,5,3,Others,3,Married,1,0,8,10,5,4,192
C008110,55,Mobile Phone,2,19,UPI,Female,4,5,Others,4,Married,7,0,24,1,8,19,191
C008111,29,Mobile Phone,2,28,Debit Card,Male,4,2,Mobile Phone,3,Married,4,0,14,8,11,5,185
C008112,33,Computer,3,30,Cash on Delivery,Female,5,2,Fashion,2,Married,1,0,18,8,13,30,161
C008113,43,Mobile Phone,1,23,Cash on Delivery,Male,5,3,Laptop & Accessory,5,Married,6,1,16,4,15,25,353
C008114,53,Computer,1,28,Debit Card,Male,2,2,Others,1,Single,4,0,17,1,13,12,446
C008115,15,Mobile Phone,3,23,UPI,Male,5,3,Laptop & Accessory,2,Single,6,0,6,0,9,6,333
C008116,2,Computer,1,46,Cash on Delivery,Male,5,6,Others,4,Single,2,1,15,3,8,2,389
C008117,52,Mobile Phone,3,21,E wallet,Male,4,4,Fashion,4,Married,1,0,4,3,3,26,98
C008118,39,Mobile Phone,2,9,Debit Card,Male,3,4,Others,1,Divorced,1,0,25,3,4,1,75
C008119,53,Computer,1,8,Credit Card,Male,1,4,Laptop & Accessory,5,Single,2,0,17,5,15,2,489
C008120,44,Mobile Phone,2,26,Cash on Delivery,Male,3,2,Laptop & Accessory,2,Divorced,6,0,6,4,8,28,346
C008121,54,Mobile Phone,3,14,E wallet,Female,5,2,Fashion,4,Married,7,0,13,6,4,22,409
C008122,18,Tablet,1,25,UPI,Female,1,1,Laptop & Accessory,4,Single,5,0,23,4,2,28,217
C008123,3,Mobile Phone,3,29,UPI,Female,5,1,Grocery,5,Married,2,0,17,8,9,13,431
C008124,7,Tablet,3,10,Debit Card,Female,2,3,Others,4,Single,2,0,7,5,8,28,302
C008125,43,Mobile Phone,1,34,E wallet,Female,5,2,Grocery,4,Single,3,0,16,4,1,1,72
C008126,18,Mobile Phone,1,33,Debit Card,Female,1,3,Mobile Phone,3,Single,3,1,24,0,7,17,238
C008127,44,Computer,1,15,Cash on Delivery,Female,2,5,Mobile Phone,1,Single,5,0,24,5,9,27,64
C008128,38,Mobile Phone,1,15,Debit Card,Female,1,2,Others,3,Married,3,0,19,4,10,29,50
C008129,37,Mobile Phone,1,50,Credit Card,Male,2,6,Laptop & Accessory,4,Married,5,0,24,9,10,28,259
C008130,58,Mobile Phone,2,31,Debit Card,Female,4,5,Fashion,5,Married,6,0,20,2,9,21,98
C008131,33,Computer,1,23,Debit Card,Female,1,2,Mobile Phone,1,Married,2,0,0,3,11,8,174
C008132,44,Mobile Phone,3,26,Cash on Delivery,Female,4,4,Laptop & Accessory,2,Married,6,0,13,9,1,30,371
C008133,59,Mobile Phone,1,32,E wallet,Female,4,3,Fashion,2,Married,3,0,28,4,9,2,99
C008134,31,Mobile Phone,2,8,Credit Card,Male,5,6,Others,5,Single,6,0,23,8,9,3,382
C008135,58,Mobile Phone,2,41,Debit Card,Male,3,1,Laptop & Accessory,2,Single,5,0,13,10,13,4,63
C008136,11,Mobile Phone,3,23,Cash on Delivery,Female,2,4,Grocery,3,Single,6,0,12,8,12,26,250
C008137,4,Mobile Phone,2,21,Cash on Delivery,Female,1,6,Others,4,Married,5,0,10,5,15,24,75
C008138,59,Mobile Phone,1,44,Cash on Delivery,Male,4,1,Mobile Phone,2,Married,7,1,19,10,13,22,436
C008139,18,Mobile Phone,3,40,E wallet,Male,5,2,Others,3,Single,3,0,5,5,6,0,451
C008140,4,Mobile Phone,1,27,Debit Card,Male,1,5,Others,1,Married,4,0,0,8,3,4,336
C008141,49,Mobile Phone,1,32,UPI,Female,5,5,Fashion,5,Single,3,0,29,10,15,20,265
C008142,34,Mobile Phone,2,15,Credit Card,Male,1,6,Mobile Phone,1,Married,7,0,25,7,14,29,339
C008143,29,Computer,3,18,UPI,Male,5,4,Fashion,1,Married,7,0,16,6,15,13,347
C008144,24,Mobile Phone,1,17,E wallet,Male,5,1,Others,3,Married,5,1,24,5,5,14,374
C008145,22,Mobile Phone,2,28,Debit Card,Male,3,6,Laptop & Accessory,2,Married,4,0,13,1,12,23,240
C008146,2,Mobile Phone,2,20,UPI,Male,4,3,Grocery,3,Married,3,0,4,7,9,15,81
C008147,44,Mobile Phone,3,32,UPI,Male,2,3,Grocery,2,Single,2,1,6,9,4,4,432
C008148,6,Computer,1,34,UPI,Female,2,3,Fashion,4,Married,6,1,21,9,15,26,262
C008149,42,Tablet,1,48,Credit Card,Female,1,1,Laptop & Accessory,5,Married,1,0,18,4,1,5,287
C008150,25,Mobile Phone,2,45,Debit Card,Male,1,5,Grocery,4,Single,3,0,29,5,13,2,76
C008151,55,Mobile Phone,1,43,Cash on Delivery,Male,3,5,Laptop & Accessory,2,Divorced,7,0,14,2,15,15,274
C008152,57,Mobile Phone,2,46,Debit Card,Male,1,4,Fashion,2,Single,7,0,9,0,14,3,436
C008153,21,Mobile Phone,2,31,UPI,Female,2,1,Mobile Phone,1,Single,3,0,5,5,2,29,260
C008154,55,Computer,3,21,Debit Card,Female,4,2,Laptop & Accessory,2,Single,1,0,0,10,3,17,50
C008155,59,Mobile Phone,3,30,Cash on Delivery,Female,3,2,Laptop & Accessory,1,Divorced,4,0,13,3,10,5,286
C008156,16,Mobile Phone,3,11,Credit Card,Female,1,3,Mobile Phone,1,Single,1,1,14,4,2,13,425
C008157,31,Mobile Phone,2,39,Debit Card,Male,3,6,Others,5,Divorced,7,0,9,3,6,8,373
C008158,14,Computer,3,19,Debit Card,Female,3,6,Others,2,Married,4,0,9,4,3,15,363
C008159,39,Mobile Phone,1,20,Credit Card,Male,3,6,Others,4,Single,5,0,28,0,8,14,268
C008160,28,Computer,2,25,Credit Card,Male,1,5,Fashion,3,Married,7,0,20,3,6,6,232
C008161,32,Mobile Phone,2,21,UPI,Male,5,5,Others,1,Married,7,0,14,3,2,6,283
C008162,28,Mobile Phone,3,49,UPI,Male,1,1,Fashion,3,Married,4,0,2,9,3,4,136
C008163,51,Computer,2,30,Credit Card,Male,1,1,Mobile Phone,1,Single,2,0,4,5,7,25,117
C008164,55,Mobile Phone,3,39,Cash on Delivery,Male,1,4,Laptop & Accessory,4,Single,1,0,18,2,5,6,197
C008165,49,Mobile Phone,3,24,UPI,Male,1,1,Grocery,1,Single,2,1,13,2,6,0,189
C008166,9,Mobile Phone,2,24,Cash on Delivery,Male,1,4,Grocery,5,Single,2,0,14,4,6,13,369
C008167,58,Mobile Phone,3,27,Credit Card,Female,3,3,Fashion,1,Single,1,1,18,2,6,25,144
C008168,45,Mobile Phone,1,9,Debit Card,Male,3,3,Fashion,2,Married,4,1,18,6,6,17,122
C008169,22,Computer,1,13,Credit Card,Female,1,5,Laptop & Accessory,5,Single,2,0,26,2,13,22,254
C008170,32,Mobile Phone,3,27,Credit Card,Male,4,5,Mobile Phone,1,Single,2,0,15,3,2,29,467
C008171,5,Computer,2,22,E wallet,Male,4,5,Laptop & Accessory,1,Single,6,1,18,1,6,22,274
C008172,23,Mobile Phone,2,33,Credit Card,Male,5,2,Fashion,3,Divorced,7,0,20,0,6,1,217
C008173,5,Mobile Phone,1,15,UPI,Male,4,4,Laptop & Accessory,1,Married,4,0,22,2,4,15,295
C008174,42,Mobile Phone,1,47,Debit Card,Male,2,6,Fashion,5,Married,2,0,30,3,9,13,479
C008175,53,Computer,1,12,Cash on Delivery,Female,2,6,Grocery,1,Single,3,0,22,8,6,2,207
C008176,32,Computer,2,31,E wallet,Male,4,3,Laptop & Accessory,3,Single,1,0,3,8,2,27,480
C008177,59,Computer,1,6,UPI,Female,1,4,Mobile Phone,4,Married,4,0,17,4,15,18,172
C008178,10,Mobile Phone,1,27,Debit Card,Male,4,2,Grocery,3,Married,3,0,12,7,9,25,479
C008179,59,Mobile Phone,2,25,Cash on Delivery,Female,2,2,Mobile Phone,3,Single,7,1,23,9,4,30,199
C008180,39,Mobile Phone,2,14,Debit Card,Female,4,3,Mobile Phone,1,Married,3,1,6,4,4,18,56
C008181,58,Computer,1,42,UPI,Female,3,3,Fashion,4,Single,6,1,24,1,9,6,292
C008182,15,Mobile Phone,2,8,Debit Card,Male,5,5,Mobile Phone,5,Single,4,0,15,0,6,12,85
C008183,7,Mobile Phone,3,25,Credit Card,Female,3,2,Others,5,Married,5,0,11,8,11,12,258
C008184,29,Mobile Phone,2,41,Debit Card,Female,3,5,Mobile Phone,2,Divorced,2,0,12,6,8,28,58
C008185,59,Mobile Phone,3,47,Credit Card,Male,5,3,Laptop & Accessory,3,Single,6,0,6,10,2,20,348
C008186,47,Mobile Phone,3,16,UPI,Male,1,6,Fashion,3,Married,7,0,4,6,10,9,181
C008187,3,Computer,1,50,E wallet,Male,5,2,Fashion,2,Married,2,1,8,8,2,16,87
C008188,19,Mobile Phone,1,18,Credit Card,Female,1,2,Others,1,Married,7,0,23,6,14,30,461
C008189,10,Computer,2,24,Debit Card,Male,2,1,Fashion,5,Married,5,1,19,5,1,19,131
C008190,28,Computer,2,12,Debit Card,Male,4,2,Fashion,5,Married,5,1,20,4,4,8,294
C008191,29,Mobile Phone,2,31,Debit Card,Female,2,5,Grocery,2,Married,7,0,19,0,7,27,307
C008192,15,Mobile Phone,1,41,UPI,Male,2,1,Grocery,2,Single,5,0,9,8,4,24,316
C008193,35,Mobile Phone,2,45,Cash on Delivery,Male,2,2,Grocery,2,Married,2,0,24,1,11,7,207
C008194,6,Computer,1,25,Debit Card,Male,4,1,Others,4,Married,6,0,22,8,4,29,221
C008195,12,Mobile Phone,3,39,Debit Card,Male,1,2,Fashion,3,Single,7,0,20,8,9,6,396
C008196,47,Mobile Phone,1,48,Credit Card,Female,5,4,Fashion,5,Single,1,0,13,7,15,28,417
C008197,38,Mobile Phone,3,43,E wallet,Male,1,6,Fashion,1,Married,6,0,0,4,10,22,64
C008198,13,Mobile Phone,1,19,Debit Card,Female,1,5,Mobile Phone,4,Single,2,1,21,6,6,21,265
C008199,29,Mobile Phone,1,16,UPI,Male,3,5,Fashion,3,Married,1,0,14,5,5,12,260
C008200,19,Mobile Phone,1,38,Cash on Delivery,Female,4,1,Fashion,4,Single,2,0,1,7,12,23,473
C008201,3,Computer,3,12,Cash on Delivery,Female,1,4,Laptop & Accessory,3,Married,1,0,14,6,11,26,231
C008202,8,Computer,1,41,Cash on Delivery,Male,1,1,Laptop & Accessory,2,Married,6,0,4,7,11,30,434
C008203,8,Mobile Phone,2,34,UPI,Male,2,1,Fashion,1,Divorced,1,0,8,4,3,2,485
C008204,55,Mobile Phone,3,7,Cash on Delivery,Male,3,3,Mobile Phone,2,Married,3,1,26,6,15,25,205
C008205,58,Computer,2,34,Cash on Delivery,Female,5,1,Mobile Phone,5,Single,2,0,25,10,14,27,377
C008206,20,Mobile Phone,1,33,Credit Card,Female,3,2,Others,5,Married,6,0,27,9,7,22,455
C008207,47,Computer,3,5,Cash on Delivery,Male,2,3,Others,5,Single,1,0,27,7,3,11,493
C008208,4,Mobile Phone,3,20,Credit Card,Female,2,3,Fashion,5,Single,3,0,8,9,10,9,330
C008209,51,Mobile Phone,2,46,Credit Card,Male,2,1,Grocery,4,Married,2,0,24,8,8,12,300
C008210,21,Mobile Phone,2,35,Credit Card,Male,4,3,Mobile Phone,1,Single,1,0,17,0,7,18,259
C008211,3,Mobile Phone,3,14,UPI,Male,2,5,Grocery,1,Married,3,0,3,9,10,15,314
C008212,45,Computer,3,34,Debit Card,Male,1,6,Others,5,Married,5,1,8,2,4,9,185
C008213,8,Mobile Phone,2,47,E wallet,Female,4,3,Mobile Phone,3,Single,1,1,26,2,9,28,220
C008214,23,Mobile Phone,3,30,Cash on Delivery,Male,2,3,Grocery,2,Married,3,0,30,6,2,0,486
C008215,16,Mobile Phone,1,16,E wallet,Female,4,2,Fashion,5,Single,1,1,10,6,14,25,71
C008216,13,Computer,1,44,Debit Card,Male,1,5,Grocery,3,Single,6,1,12,7,10,25,362
C008217,3,Mobile Phone,1,9,Credit Card,Male,2,3,Others,1,Single,2,1,22,4,2,20,307
C008218,48,Computer,1,13,Credit Card,Female,2,2,Mobile Phone,2,Married,3,0,13,6,9,5,174
C008219,9,Mobile Phone,2,15,Credit Card,Female,1,5,Mobile Phone,1,Married,2,0,14,9,5,23,170
C008220,60,Mobile Phone,2,27,Credit Card,Male,2,3,Mobile Phone,1,Divorced,3,0,20,8,5,24,278
C008221,14,Computer,1,21,Cash on Delivery,Male,1,1,Fashion,4,Married,1,0,17,4,5,15,404
C008222,13,Mobile Phone,2,47,Debit Card,Female,2,3,Mobile Phone,2,Married,7,0,8,4,9,26,316
C008223,53,Mobile Phone,1,17,Debit Card,Female,2,6,Grocery,4,Single,2,1,1,0,4,6,392
C008224,57,Mobile Phone,3,21,Debit Card,Female,3,5,Laptop & Accessory,5,Married,6,0,30,5,6,1,156
C008225,7,Mobile Phone,3,27,E wallet,Male,4,6,Laptop & Accessory,2,Married,7,0,22,8,2,9,232
C008226,15,Mobile Phone,1,43,Credit Card,Male,5,3,Fashion,3,Single,4,0,25,5,8,21,324
C008227,7,Mobile Phone,3,13,UPI,Male,3,6,Grocery,1,Married,6,1,13,10,8,1,356
C008228,38,Mobile Phone,1,22,Debit Card,Male,3,5,Fashion,1,Divorced,7,0,10,2,12,26,219
C008229,34,Mobile Phone,2,22,E wallet,Female,4,1,Laptop & Accessory,4,Single,4,0,24,4,11,10,201
C008230,41,Mobile Phone,3,34,Cash on Delivery,Female,3,3,Mobile Phone,4,Married,6,0,19,0,13,16,59
C008231,22,Mobile Phone,1,46,Credit Card,Female,1,5,Laptop & Accessory,4,Divorced,4,0,26,5,15,8,478
C008232,24,Tablet,2,48,E wallet,Female,3,6,Laptop & Accessory,2,Single,4,1,24,3,14,27,195
C008233,49,Computer,1,30,UPI,Female,5,2,Laptop & Accessory,1,Single,3,0,27,9,6,3,158
C008234,37,Mobile Phone,1,22,UPI,Female,1,6,Fashion,3,Married,6,0,23,5,9,26,132
C008235,44,Mobile Phone,2,25,Cash on Delivery,Male,4,3,Others,2,Divorced,2,0,6,3,10,13,137
C008236,1,Computer,3,45,Debit Card,Male,4,6,Fashion,1,Divorced,3,0,13,0,15,1,74
C008237,10,Mobile Phone,2,45,Debit Card,Female,4,6,Others,5,Single,2,0,27,0,10,10,345
C008238,43,Mobile Phone,3,46,E wallet,Female,1,6,Fashion,5,Married,6,1,28,0,10,3,112
C008239,16,Computer,3,37,E wallet,Male,4,1,Laptop & Accessory,4,Married,4,0,7,4,15,22,240
C008240,46,Mobile Phone,1,47,Debit Card,Female,4,2,Mobile Phone,4,Single,5,0,19,4,9,5,496
C008241,8,Mobile Phone,2,18,Debit Card,Male,5,6,Grocery,4,Married,1,0,6,10,3,3,497
C008242,56,Tablet,2,14,E wallet,Male,2,3,Others,1,Married,4,0,18,6,9,4,442
C008243,49,Mobile Phone,2,32,Credit Card,Female,2,5,Fashion,4,Married,4,0,4,7,1,27,84
C008244,25,Mobile Phone,1,18,UPI,Female,2,4,Mobile Phone,3,Single,5,0,17,7,9,8,205
C008245,50,Mobile Phone,3,23,UPI,Male,4,6,Grocery,3,Married,3,0,7,0,10,28,446
C008246,12,Mobile Phone,3,30,Cash on Delivery,Male,1,2,Mobile Phone,5,Single,3,0,17,6,4,13,154
C008247,25,Computer,2,14,UPI,Female,4,5,Others,2,Married,2,1,6,0,15,20,392
C008248,17,Mobile Phone,2,21,E wallet,Male,2,2,Others,1,Married,6,0,23,9,10,25,253
C008249,60,Mobile Phone,1,38,Credit Card,Female,5,3,Grocery,2,Single,1,1,27,9,3,23,139
C008250,26,Computer,2,18,E wallet,Male,4,1,Grocery,4,Married,2,0,21,9,6,27,305
C008251,46,Mobile Phone,3,30,Debit Card,Female,4,6,Others,1,Single,4,0,19,9,5,11,293
C008252,48,Mobile Phone,3,38,Debit Card,Male,4,1,Others,4,Single,3,1,26,10,11,20,326
C008253,14,Mobile Phone,1,23,UPI,Female,1,6,Laptop & Accessory,2,Single,4,0,19,5,15,18,361
C008254,41,Mobile Phone,2,28,Credit Card,Female,5,6,Grocery,5,Married,4,0,5,2,3,14,442
C008255,36,Mobile Phone,2,35,Cash on Delivery,Female,5,2,Grocery,3,Married,7,0,7,10,12,8,167
C008256,57,Computer,1,44,E wallet,Female,5,4,Others,3,Single,6,0,24,7,8,14,351
C008257,23,Computer,1,10,Cash on Delivery,Female,5,3,Fashion,3,Married,6,0,14,10,8,14,427
C008258,43,Mobile Phone,2,24,Cash on Delivery,Male,2,5,Laptop & Accessory,1,Married,3,1,21,2,10,27,198
C008259,6,Mobile Phone,2,43,Cash on Delivery,Male,4,3,Fashion,4,Divorced,6,0,2,9,9,10,416
C008260,47,Mobile Phone,1,49,Cash on Delivery,Female,5,4,Others,3,Single,7,0,9,9,11,19,392
C008261,5,Mobile Phone,1,38,E wallet,Male,3,5,Laptop & Accessory,4,Married,4,0,12,6,13,26,346
C008262,43,Mobile Phone,1,26,Debit Card,Male,3,4,Laptop & Accessory,3,Single,4,1,27,9,10,24,119
C008263,25,Computer,1,11,E wallet,Female,2,3,Others,2,Single,1,0,19,9,11,16,112
C008264,18,Mobile Phone,2,37,Debit Card,Male,3,3,Mobile Phone,5,Single,7,0,28,7,14,24,78
C008265,13,Mobile Phone,1,10,Debit Card,Male,3,2,Mobile Phone,4,Single,7,1,4,0,6,16,114
C008266,43,Mobile Phone,1,20,E wallet,Male,3,6,Grocery,1,Single,2,0,2,3,8,23,186
C008267,14,Mobile Phone,3,12,E wallet,Female,2,4,Others,3,Single,1,0,26,1,11,17,500
C008268,28,Mobile Phone,1,49,E wallet,Male,4,1,Others,2,Single,7,0,4,3,14,12,168
C008269,18,Mobile Phone,2,27,Debit Card,Male,2,4,Fashion,3,Married,5,0,28,2,3,3,442
C008270,59,Mobile Phone,3,22,E wallet,Female,1,4,Others,5,Married,1,0,23,6,10,15,329
C008271,60,Mobile Phone,2,18,Credit Card,Male,1,5,Mobile Phone,3,Single,2,0,27,6,14,27,331
C008272,57,Mobile Phone,2,40,UPI,Female,3,6,Others,5,Single,7,0,19,6,7,13,296
C008273,28,Mobile Phone,2,19,UPI,Male,3,5,Fashion,4,Single,1,0,22,5,9,5,321
C008274,51,Mobile Phone,1,9,Credit Card,Female,4,2,Grocery,5,Married,5,1,11,2,8,2,248
C008275,56,Computer,2,50,UPI,Female,3,1,Laptop & Accessory,2,Divorced,7,0,16,6,2,29,66
C008276,27,Mobile Phone,2,19,Debit Card,Female,1,3,Grocery,2,Married,7,0,22,9,5,9,279
C008277,32,Mobile Phone,1,15,E wallet,Male,3,1,Fashion,4,Single,7,0,16,10,2,29,83
C008278,47,Mobile Phone,2,6,E wallet,Female,4,1,Others,1,Single,4,0,17,6,9,11,324
C008279,9,Computer,3,27,E wallet,Male,1,1,Mobile Phone,2,Single,4,0,15,9,8,5,185
C008280,40,Mobile Phone,1,28,Credit Card,Male,3,2,Others,4,Married,7,0,26,1,1,24,482
C008281,32,Mobile Phone,2,22,Credit Card,Male,4,2,Laptop & Accessory,4,Married,1,0,0,6,4,27,200
C008282,20,Mobile Phone,2,8,Debit Card,Male,4,1,Mobile Phone,2,Married,5,0,18,3,15,26,321
C008283,28,Mobile Phone,3,19,Credit Card,Female,1,3,Grocery,4,Married,2,0,11,1,13,19,235
C008284,33,Mobile Phone,3,16,E wallet,Female,1,3,Fashion,4,Married,7,0,12,9,6,2,191
C008285,4,Mobile Phone,3,7,Debit Card,Female,1,3,Grocery,3,Single,5,0,7,1,1,16,131
C008286,46,Computer,1,36,Debit Card,Male,4,2,Laptop & Accessory,4,Single,1,0,23,6,6,2,162
C008287,57,Mobile Phone,1,40,E wallet,Female,1,5,Laptop & Accessory,2,Married,3,1,11,8,11,27,138
C008288,34,Mobile Phone,1,25,Cash on Delivery,Male,1,3,Others,2,Married,3,1,6,1,11,6,110
C008289,48,Mobile Phone,2,10,E wallet,Male,4,5,Others,2,Married,6,1,28,8,6,19,104
C008290,3,Mobile Phone,2,6,Debit Card,Female,4,1,Others,3,Married,5,0,6,2,15,10,385
C008291,26,Mobile Phone,3,13,Cash on Delivery,Female,1,3,Laptop & Accessory,2,Divorced,1,0,15,5,14,9,349
C008292,8,Computer,2,16,E wallet,Male,1,1,Mobile Phone,4,Married,5,0,4,2,13,10,484
C008293,6,Tablet,2,48,E wallet,Male,1,1,Grocery,5,Married,1,0,25,9,5,27,330
C008294,16,Mobile Phone,2,28,Cash on Delivery,Female,4,6,Grocery,3,Married,2,0,10,3,14,8,273
C008295,24,Mobile Phone,1,18,Cash on Delivery,Female,5,4,Fashion,5,Single,7,0,12,2,1,6,74
C008296,48,Mobile Phone,2,45,UPI,Female,2,1,Fashion,1,Divorced,7,0,24,8,15,15,365
C008297,39,Mobile Phone,2,16,Cash on Delivery,Male,3,1,Mobile Phone,5,Married,3,0,0,10,6,2,330
C008298,30,Mobile Phone,3,31,Credit Card,Male,2,6,Others,4,Married,4,0,19,6,13,24,240
C008299,45,Computer,1,14,Cash on Delivery,Female,4,2,Others,3,Single,3,1,5,9,4,22,277
C008300,13,Computer,3,47,Debit Card,Male,5,1,Mobile Phone,2,Divorced,4,1,3,0,12,27,357
C008301,5,Mobile Phone,2,6,Cash on Delivery,Male,4,3,Grocery,2,Married,1,0,15,5,1,19,149
C008302,25,Mobile Phone,1,35,E wallet,Female,1,2,Others,5,Married,4,1,17,3,11,20,170
C008303,20,Mobile Phone,1,32,Credit Card,Female,3,4,Grocery,5,Single,2,0,1,7,10,3,302
C008304,54,Mobile Phone,1,20,Cash on Delivery,Male,2,4,Laptop & Accessory,5,Single,7,0,11,5,11,23,153
C008305,18,Mobile Phone,2,5,Credit Card,Male,4,1,Fashion,4,Single,7,1,17,5,1,18,385
C008306,47,Mobile Phone,1,26,UPI,Female,5,5,Others,2,Married,1,0,6,8,13,10,183
C008307,18,Mobile Phone,2,5,Credit Card,Female,1,4,Fashion,1,Married,3,0,20,5,2,12,471
C008308,2,Mobile Phone,3,35,E wallet,Female,5,4,Mobile Phone,4,Single,3,0,30,10,14,10,63
C008309,10,Mobile Phone,2,26,UPI,Female,3,6,Laptop & Accessory,2,Married,5,0,11,3,9,7,266
C008310,55,Computer,3,38,Cash on Delivery,Female,5,4,Others,2,Married,6,0,1,8,6,17,413
C008311,45,Mobile Phone,1,16,Credit Card,Male,5,3,Others,2,Married,4,0,8,3,2,29,397
C008312,50,Mobile Phone,2,27,UPI,Female,1,5,Grocery,2,Married,1,0,1,2,8,3,55
C008313,47,Mobile Phone,1,32,Cash on Delivery,Female,5,1,Fashion,3,Married,6,0,11,2,15,27,305
C008314,12,Mobile Phone,3,16,Cash on Delivery,Male,1,6,Laptop & Accessory,2,Married,4,0,22,10,4,30,470
C008315,47,Mobile Phone,1,31,Credit Card,Female,3,6,Grocery,5,Married,2,0,16,0,1,4,379
C008316,13,Mobile Phone,2,27,Credit Card,Male,4,6,Laptop & Accessory,2,Married,2,1,5,7,4,3,287
C008317,50,Mobile Phone,2,5,UPI,Female,1,1,Laptop & Accessory,1,Single,5,0,29,3,10,17,440
C008318,47,Mobile Phone,2,47,Credit Card,Male,4,2,Mobile Phone,3,Married,1,0,21,4,1,3,124
C008319,57,Tablet,3,6,Cash on Delivery,Male,2,3,Mobile Phone,1,Single,7,0,4,1,8,26,317
C008320,55,Mobile Phone,1,48,E wallet,Female,5,6,Grocery,1,Married,1,0,22,5,12,5,58
C008321,11,Mobile Phone,1,35,UPI,Female,4,5,Grocery,1,Single,4,0,15,9,1,19,480
C008322,19,Mobile Phone,3,6,E wallet,Male,5,2,Grocery,4,Single,5,0,10,10,6,1,438
C008323,35,Mobile Phone,2,29,E wallet,Male,1,5,Laptop & Accessory,2,Single,6,0,25,0,10,29,459
C008324,39,Computer,2,42,Cash on Delivery,Female,5,4,Others,2,Single,7,0,15,8,2,26,268
C008325,53,Mobile Phone,1,23,E wallet,Male,3,5,Mobile Phone,1,Divorced,3,0,14,10,11,18,304
C008326,26,Mobile Phone,3,32,Debit Card,Male,4,6,Others,2,Divorced,1,1,7,6,14,29,155
C008327,46,Mobile Phone,3,10,UPI,Male,5,2,Fashion,4,Married,1,0,30,9,4,30,96
C008328,14,Mobile Phone,2,43,Cash on Delivery,Female,4,3,Mobile Phone,2,Single,1,0,13,0,15,7,89
C008329,54,Computer,3,23,Credit Card,Male,4,6,Fashion,2,Single,5,1,1,5,15,1,301
C008330,45,Mobile Phone,2,21,Cash on Delivery,Female,3,3,Fashion,1,Single,6,0,2,0,6,14,494
C008331,44,Mobile Phone,1,10,Credit Card,Male,1,4,Grocery,3,Married,7,0,23,9,10,20,377
C008332,24,Computer,1,19,Cash on Delivery,Male,5,1,Laptop & Accessory,3,Single,2,0,26,7,10,28,306
C008333,41,Computer,2,26,Debit Card,Female,2,2,Others,2,Married,7,0,27,7,1,6,475
C008334,1,Mobile Phone,2,45,UPI,Female,4,1,Fashion,1,Married,3,0,4,8,8,3,81
C008335,51,Mobile Phone,3,38,E wallet,Female,1,4,Grocery,3,Single,7,0,21,5,13,8,363
C008336,43,Mobile Phone,2,9,Cash on Delivery,Male,2,5,Laptop & Accessory,3,Married,2,0,3,9,13,14,337
C008337,55,Mobile Phone,3,27,UPI,Male,4,5,Mobile Phone,5,Single,7,0,16,6,12,2,95
C008338,22,Tablet,2,9,UPI,Female,2,4,Fashion,3,Single,6,1,11,7,3,15,118
C008339,23,Mobile Phone,2,48,UPI,Male,5,3,Grocery,4,Married,7,0,7,9,6,7,432
C008340,56,Mobile Phone,1,14,UPI,Female,5,2,Grocery,5,Married,6,0,10,9,7,22,454
C008341,54,Computer,2,8,UPI,Male,4,4,Grocery,1,Divorced,7,0,28,5,13,17,396
C008342,19,Mobile Phone,3,16,E wallet,Female,4,4,Mobile Phone,5,Single,6,0,29,2,13,30,447
C008343,18,Mobile Phone,1,14,E wallet,Female,5,2,Laptop & Accessory,3,Single,4,0,3,5,4,15,218
C008344,12,Computer,3,34,Cash on Delivery,Male,1,6,Others,5,Married,1,1,8,10,15,25,298
C008345,55,Computer,3,28,Credit Card,Female,2,3,Others,1,Single,4,0,26,4,4,15,362
C008346,28,Computer,2,9,Cash on Delivery,Female,4,3,Fashion,2,Single,6,0,17,1,2,10,276
C008347,28,Mobile Phone,1,17,UPI,Female,4,2,Laptop & Accessory,4,Married,4,0,7,7,2,17,97
C008348,60,Computer,1,40,Credit Card,Female,3,1,Fashion,2,Married,1,0,26,6,1,22,423
C008349,59,Mobile Phone,1,13,Cash on Delivery,Female,2,6,Others,1,Married,6,0,30,9,7,20,394
C008350,33,Mobile Phone,1,22,Credit Card,Male,5,5,Mobile Phone,2,Married,5,0,24,6,15,12,99
C008351,19,Tablet,2,39,E wallet,Female,4,2,Laptop & Accessory,4,Married,4,0,5,9,1,21,329
C008352,28,Mobile Phone,1,35,UPI,Male,4,3,Laptop & Accessory,1,Married,5,1,7,1,5,18,140
C008353,59,Computer,2,28,Credit Card,Female,5,6,Fashion,2,Single,2,1,11,6,5,4,248
C008354,52,Mobile Phone,1,47,Debit Card,Male,2,1,Fashion,4,Divorced,7,0,30,7,15,10,267
C008355,49,Mobile Phone,1,8,UPI,Female,1,4,Mobile Phone,5,Divorced,3,0,27,0,12,13,492
C008356,37,Computer,2,45,E wallet,Male,5,4,Laptop & Accessory,2,Married,7,0,15,7,12,19,498
C008357,26,Mobile Phone,3,30,E wallet,Female,1,4,Others,5,Married,3,0,3,7,9,0,461
C008358,35,Mobile Phone,2,48,Cash on Delivery,Female,4,5,Others,3,Married,3,0,25,6,9,9,70
C008359,34,Mobile Phone,2,46,Debit Card,Male,1,6,Grocery,5,Single,3,1,16,10,1,17,470
C008360,35,Computer,3,14,Credit Card,Male,1,3,Others,5,Single,6,0,12,10,6,13,321
C008361,40,Mobile Phone,2,45,Cash on Delivery,Male,5,1,Grocery,3,Single,5,0,17,0,14,7,375
C008362,16,Mobile Phone,3,46,E wallet,Female,4,3,Grocery,1,Single,2,0,10,9,3,9,454
C008363,38,Mobile Phone,1,13,Credit Card,Male,2,6,Fashion,3,Married,5,0,16,2,15,5,487
C008364,13,Computer,3,5,E wallet,Female,3,5,Others,5,Single,4,0,8,1,1,25,174
C008365,23,Computer,1,20,E wallet,Male,1,5,Grocery,1,Single,1,0,4,3,8,24,307
C008366,60,Computer,3,50,Debit Card,Female,4,6,Others,2,Single,6,0,21,4,10,9,321
C008367,54,Mobile Phone,1,17,UPI,Female,3,2,Others,4,Married,4,0,23,5,6,22,320
C008368,22,Mobile Phone,3,42,Credit Card,Male,2,6,Others,1,Married,5,0,13,9,5,26,430
C008369,16,Mobile Phone,3,18,Debit Card,Female,3,3,Mobile Phone,5,Single,4,0,24,6,6,1,321
C008370,28,Mobile Phone,1,44,E wallet,Female,2,4,Grocery,2,Single,4,1,2,3,3,16,273
C008371,48,Mobile Phone,3,27,E wallet,Male,3,2,Others,1,Married,4,0,15,8,9,24,278
C008372,35,Tablet,1,22,Debit Card,Male,2,3,Fashion,4,Single,2,0,17,8,10,28,117
C008373,60,Computer,1,32,Credit Card,Male,1,2,Mobile Phone,5,Married,2,1,2,10,6,1,235
C008374,45,Mobile Phone,2,24,E wallet,Male,3,2,Grocery,3,Married,7,0,29,4,9,10,134
C008375,46,Mobile Phone,3,5,Credit Card,Male,2,6,Laptop & Accessory,4,Single,1,0,13,9,6,12,332
C008376,8,Computer,2,16,Debit Card,Female,4,1,Grocery,4,Married,3,1,21,6,3,24,329
C008377,44,Mobile Phone,2,31,E wallet,Female,5,2,Mobile Phone,4,Single,6,0,26,6,15,19,247
C008378,55,Mobile Phone,2,47,Cash on Delivery,Female,3,6,Fashion,4,Married,6,0,30,7,12,14,211
C008379,55,Mobile Phone,3,17,Cash on Delivery,Female,3,5,Mobile Phone,2,Married,5,0,15,1,2,3,471
C008380,22,Mobile Phone,3,8,E wallet,Male,3,4,Others,1,Single,7,1,16,7,4,8,476
C008381,21,Computer,1,29,UPI,Male,3,1,Mobile Phone,4,Married,7,1,1,4,1,24,259
C008382,26,Mobile Phone,1,10,E wallet,Female,5,2,Laptop & Accessory,4,Married,5,1,7,10,5,1,326
C008383,40,Mobile Phone,1,49,E wallet,Female,3,1,Laptop & Accessory,5,Divorced,2,0,23,0,12,1,207
C008384,21,Mobile Phone,2,26,E wallet,Female,1,6,Others,3,Married,2,1,21,6,13,17,90
C008385,25,Computer,1,49,Debit Card,Female,1,4,Others,5,Married,1,0,23,9,7,8,299
C008386,41,Mobile Phone,1,42,E wallet,Female,4,4,Laptop & Accessory,1,Married,5,0,13,10,4,2,311
C008387,1,Mobile Phone,3,40,E wallet,Male,5,1,Fashion,2,Single,5,1,13,10,11,30,495
C008388,6,Computer,1,7,Debit Card,Female,4,3,Mobile Phone,3,Married,7,1,29,2,10,0,470
C008389,23,Tablet,2,19,E wallet,Female,1,4,Laptop & Accessory,5,Married,1,0,14,7,4,1,64
C008390,51,Tablet,1,15,Cash on Delivery,Female,3,5,Others,5,Married,6,1,23,0,3,22,67
C008391,23,Computer,1,38,Cash on Delivery,Female,3,5,Others,2,Single,1,0,4,10,13,16,59
C008392,43,Mobile Phone,1,31,E wallet,Male,2,2,Fashion,2,Married,7,0,26,9,2,26,116
C008393,43,Mobile Phone,2,27,Debit Card,Male,5,3,Grocery,3,Divorced,7,0,14,1,3,21,396
C008394,23,Mobile Phone,3,21,E wallet,Female,2,3,Others,4,Married,4,0,15,0,9,5,393
C008395,32,Mobile Phone,1,27,E wallet,Female,5,6,Fashion,2,Married,1,1,3,4,11,22,303
C008396,30,Tablet,1,38,Credit Card,Male,5,2,Laptop & Accessory,5,Single,4,0,22,7,4,0,111
C008397,13,Computer,3,25,UPI,Male,3,4,Grocery,5,Single,6,0,13,9,9,23,444
C008398,43,Computer,3,37,Debit Card,Male,3,1,Laptop & Accessory,4,Single,5,0,9,10,4,23,399
C008399,18,Mobile Phone,3,9,UPI,Female,4,3,Fashion,4,Married,4,0,30,5,13,14,241
C008400,23,Computer,3,21,Credit Card,Female,1,3,Laptop & Accessory,2,Single,3,1,16,3,12,17,434
C008401,15,Computer,3,5,UPI,Female,1,6,Mobile Phone,4,Married,2,0,10,7,10,13,377
C008402,33,Mobile Phone,2,11,E wallet,Female,3,4,Fashion,5,Single,7,0,6,9,6,24,380
C008403,21,Computer,3,7,Cash on Delivery,Female,1,6,Grocery,2,Married,4,0,26,5,13,2,340
C008404,57,Mobile Phone,2,30,Debit Card,Female,5,1,Others,3,Single,7,0,7,9,1,27,320
C008405,39,Mobile Phone,1,20,Debit Card,Female,1,5,Laptop & Accessory,1,Divorced,3,1,18,5,7,5,417
C008406,23,Mobile Phone,1,20,E wallet,Female,4,3,Fashion,2,Married,1,0,26,4,3,2,314
C008407,27,Mobile Phone,1,48,UPI,Female,1,6,Laptop & Accessory,3,Single,7,1,26,7,6,3,477
C008408,45,Mobile Phone,1,45,Debit Card,Female,1,4,Fashion,5,Married,1,0,14,3,11,12,217
C008409,44,Mobile Phone,1,18,Credit Card,Female,4,6,Fashion,2,Married,1,0,23,2,10,6,253
C008410,18,Tablet,1,48,Credit Card,Male,4,3,Grocery,2,Single,1,0,21,4,8,2,63
C008411,24,Mobile Phone,3,30,UPI,Male,3,5,Laptop & Accessory,2,Married,7,0,2,8,8,2,361
C008412,51,Computer,3,31,Credit Card,Female,4,2,Laptop & Accessory,4,Single,3,0,12,6,8,16,55
C008413,47,Mobile Phone,2,21,Cash on Delivery,Female,3,6,Fashion,4,Single,7,0,13,5,8,5,254
C008414,40,Mobile Phone,3,48,E wallet,Female,5,4,Mobile Phone,5,Married,2,0,5,5,14,14,324
C008415,51,Mobile Phone,1,8,Debit Card,Male,2,1,Others,3,Divorced,6,0,5,4,14,0,193
C008416,42,Mobile Phone,3,21,E wallet,Female,1,2,Others,2,Divorced,6,0,19,8,3,1,493
C008417,7,Mobile Phone,2,37,UPI,Female,4,6,Mobile Phone,1,Divorced,4,0,20,7,8,0,334
C008418,50,Mobile Phone,1,34,E wallet,Female,1,1,Grocery,1,Single,2,1,20,1,2,10,354
C008419,48,Mobile Phone,1,25,Debit Card,Male,5,5,Mobile Phone,1,Married,4,0,29,9,6,29,243
C008420,20,Mobile Phone,1,21,Debit Card,Female,2,1,Mobile Phone,4,Married,2,0,21,8,12,8,146
C008421,27,Computer,1,15,UPI,Male,4,3,Grocery,5,Married,3,1,21,4,4,4,401
C008422,6,Mobile Phone,1,34,Debit Card,Female,3,5,Fashion,2,Single,7,0,18,10,11,7,178
C008423,27,Mobile Phone,1,22,Credit Card,Male,3,2,Laptop & Accessory,5,Married,3,0,26,0,11,24,427
C008424,9,Mobile Phone,1,24,E wallet,Male,4,3,Others,4,Single,1,0,26,7,14,27,179
C008425,53,Mobile Phone,1,38,Cash on Delivery,Female,4,6,Others,2,Married,5,0,14,6,2,0,95
C008426,45,Mobile Phone,3,45,Cash on Delivery,Female,5,3,Others,2,Married,3,0,1,0,5,5,302
C008427,57,Tablet,1,32,Cash on Delivery,Male,2,5,Mobile Phone,5,Married,7,0,0,3,3,23,409
C008428,31,Computer,1,13,UPI,Female,4,1,Fashion,1,Married,7,0,0,10,5,30,215
C008429,21,Mobile Phone,2,48,Cash on Delivery,Male,3,6,Fashion,1,Single,3,0,23,7,9,5,429
C008430,26,Mobile Phone,3,35,E wallet,Male,2,1,Mobile Phone,3,Married,1,0,19,7,3,22,204
C008431,40,Mobile Phone,1,49,Debit Card,Female,4,2,Grocery,3,Married,5,0,12,5,1,18,387
C008432,48,Computer,3,20,Credit Card,Male,2,5,Grocery,5,Married,3,0,20,10,3,23,89
C008433,45,Mobile Phone,1,35,Cash on Delivery,Male,5,2,Fashion,2,Married,3,0,27,4,9,29,309
C008434,13,Mobile Phone,1,33,Cash on Delivery,Male,4,4,Mobile Phone,4,Single,7,0,7,7,15,28,65
C008435,49,Computer,1,17,Cash on Delivery,Female,4,5,Others,4,Single,2,0,27,8,8,0,302
C008436,23,Computer,2,27,Credit Card,Female,2,4,Laptop & Accessory,3,Married,4,0,15,5,1,30,168
C008437,20,Computer,1,18,E wallet,Male,4,2,Fashion,3,Single,7,0,9,5,11,5,369
C008438,37,Computer,2,43,Cash on Delivery,Female,2,4,Others,4,Married,4,0,11,3,10,20,89
C008439,54,Computer,1,6,Debit Card,Female,2,4,Fashion,1,Single,7,0,22,9,1,7,337
C008440,53,Mobile Phone,2,16,UPI,Female,4,3,Laptop & Accessory,5,Married,7,0,19,9,7,3,135
C008441,28,Mobile Phone,1,32,Credit Card,Male,3,3,Grocery,3,Single,6,0,11,9,6,26,80
C008442,17,Computer,2,36,E wallet,Female,5,2,Fashion,3,Single,2,0,15,3,3,30,384
C008443,28,Mobile Phone,2,28,Debit Card,Female,2,2,Mobile Phone,4,Married,7,1,22,1,15,20,220
C008444,41,Tablet,2,41,Credit Card,Female,3,1,Grocery,1,Married,6,0,2,2,4,21,73
C008445,2,Mobile Phone,1,33,Credit Card,Male,2,6,Grocery,4,Single,6,0,21,9,4,21,250
C008446,25,Mobile Phone,3,46,UPI,Female,3,4,Others,3,Single,4,0,1,3,9,22,308
C008447,58,Mobile Phone,2,22,UPI,Female,4,6,Mobile Phone,4,Married,1,0,5,1,12,4,116
C008448,50,Mobile Phone,1,7,E wallet,Male,5,1,Fashion,5,Married,7,1,29,7,10,8,115
C008449,41,Mobile Phone,3,17,Cash on Delivery,Female,3,1,Fashion,3,Married,5,0,21,10,10,21,409
C008450,6,Computer,2,17,UPI,Female,1,5,Mobile Phone,3,Single,3,1,14,6,6,28,400
C008451,11,Mobile Phone,2,46,E wallet,Female,2,1,Grocery,3,Single,4,0,2,2,14,3,460
C008452,57,Computer,1,33,Credit Card,Male,3,1,Fashion,3,Single,3,0,25,4,12,26,154
C008453,38,Mobile Phone,2,6,Cash on Delivery,Female,5,4,Fashion,3,Single,2,1,8,4,4,27,130
C008454,6,Mobile Phone,1,32,Debit Card,Male,5,1,Fashion,2,Single,7,0,20,1,11,0,123
C008455,45,Mobile Phone,2,8,Credit Card,Female,5,4,Laptop & Accessory,2,Divorced,2,0,4,5,2,11,433
C008456,11,Mobile Phone,2,9,E wallet,Male,3,6,Mobile Phone,4,Single,4,0,0,9,11,2,151
C008457,14,Computer,2,43,Debit Card,Female,3,4,Laptop & Accessory,2,Single,2,0,19,4,10,24,394
C008458,2,Computer,1,45,Credit Card,Male,4,1,Laptop & Accessory,3,Married,4,1,0,3,10,18,188
C008459,40,Computer,3,9,UPI,Male,1,4,Others,3,Divorced,1,0,25,6,5,4,428
C008460,3,Tablet,1,12,E wallet,Female,3,2,Fashion,3,Divorced,4,0,0,0,2,28,214
C008461,55,Mobile Phone,2,38,Debit Card,Male,4,2,Laptop & Accessory,2,Married,2,0,12,9,1,30,398
C008462,53,Computer,3,29,UPI,Female,2,4,Mobile Phone,2,Single,1,0,6,7,1,16,188
C008463,35,Computer,2,31,Debit Card,Male,1,6,Others,1,Single,6,0,4,1,6,18,212
C008464,33,Computer,1,11,Cash on Delivery,Female,5,6,Others,3,Single,1,1,7,6,9,21,227
C008465,24,Mobile Phone,1,40,Cash on Delivery,Male,1,2,Grocery,1,Single,4,0,30,1,12,24,464
C008466,19,Tablet,1,36,E wallet,Female,2,5,Grocery,1,Married,3,0,19,3,14,7,397
C008467,18,Mobile Phone,2,25,Debit Card,Male,3,6,Others,1,Divorced,3,0,8,9,11,29,382
C008468,49,Computer,1,22,Cash on Delivery,Male,3,3,Mobile Phone,3,Single,2,1,11,9,5,10,338
C008469,52,Mobile Phone,2,6,Credit Card,Female,4,2,Laptop & Accessory,2,Single,7,0,26,4,9,7,63
C008470,24,Mobile Phone,2,50,Credit Card,Female,3,1,Grocery,3,Divorced,7,0,9,10,4,23,268
C008471,45,Mobile Phone,1,46,Cash on Delivery,Male,3,2,Laptop & Accessory,2,Married,7,0,13,9,6,20,272
C008472,35,Mobile Phone,1,9,Cash on Delivery,Male,1,5,Mobile Phone,3,Married,6,0,19,6,3,6,341
C008473,1,Mobile Phone,1,48,E wallet,Male,2,5,Laptop & Accessory,5,Divorced,4,1,28,6,7,8,253
C008474,36,Computer,1,46,E wallet,Male,5,5,Others,5,Single,3,0,13,1,4,13,400
C008475,25,Mobile Phone,2,42,Credit Card,Female,5,6,Grocery,3,Married,7,0,1,5,6,19,433
C008476,45,Mobile Phone,2,32,UPI,Female,4,6,Mobile Phone,3,Married,4,0,13,8,15,12,243
C008477,49,Mobile Phone,3,35,Debit Card,Male,2,2,Others,3,Married,3,1,18,1,6,3,180
C008478,60,Mobile Phone,1,48,UPI,Female,1,3,Mobile Phone,5,Single,1,1,24,3,15,17,220
C008479,43,Mobile Phone,3,28,E wallet,Female,5,1,Grocery,3,Married,4,0,2,10,4,8,144
C008480,34,Mobile Phone,1,37,UPI,Male,4,3,Laptop & Accessory,4,Married,7,0,0,7,15,13,105
C008481,25,Mobile Phone,1,43,E wallet,Male,3,6,Mobile Phone,4,Single,3,0,24,10,11,15,461
C008482,16,Mobile Phone,2,16,UPI,Male,3,6,Grocery,4,Single,5,0,27,6,11,14,467
C008483,34,Mobile Phone,3,43,Credit Card,Female,1,2,Others,3,Single,2,0,17,6,2,15,209
C008484,29,Mobile Phone,1,13,E wallet,Female,5,3,Grocery,1,Married,2,0,13,6,2,14,109
C008485,19,Mobile Phone,2,19,Credit Card,Male,3,4,Laptop & Accessory,1,Single,4,0,30,1,14,2,449
C008486,23,Tablet,3,27,UPI,Male,4,1,Grocery,2,Married,5,0,17,10,6,4,287
C008487,19,Mobile Phone,3,48,Cash on Delivery,Male,4,4,Others,4,Single,1,0,23,3,9,4,240
C008488,25,Mobile Phone,1,49,Cash on Delivery,Female,5,4,Others,5,Married,2,0,18,0,14,12,153
C008489,16,Mobile Phone,3,26,Debit Card,Male,1,3,Mobile Phone,4,Single,7,0,28,0,6,24,290
C008490,54,Mobile Phone,3,40,Cash on Delivery,Female,4,4,Others,4,Single,4,0,18,7,9,3,388
C008491,51,Mobile Phone,2,14,Debit Card,Female,2,1,Fashion,2,Married,6,0,18,8,2,26,150
C008492,9,Mobile Phone,3,32,UPI,Female,4,4,Others,4,Single,2,1,30,6,8,26,497
C008493,1,Mobile Phone,3,39,Debit Card,Male,1,2,Laptop & Accessory,1,Single,4,0,30,2,14,26,333
C008494,42,Mobile Phone,2,33,Debit Card,Female,4,1,Others,5,Single,6,0,11,0,7,25,465
C008495,19,Mobile Phone,1,9,Debit Card,Female,3,2,Mobile Phone,1,Married,5,0,15,6,3,18,500
C008496,33,Mobile Phone,2,8,Credit Card,Female,1,2,Others,4,Single,3,0,21,2,12,13,338
C008497,34,Tablet,1,19,Debit Card,Male,3,6,Grocery,3,Married,7,0,28,4,2,13,233
C008498,16,Mobile Phone,1,34,E wallet,Male,3,5,Grocery,5,Single,7,0,19,2,8,0,261
C008499,44,Mobile Phone,2,30,UPI,Female,5,5,Grocery,5,Married,3,0,1,10,1,25,276
C008500,40,Tablet,1,27,Credit Card,Female,1,2,Fashion,2,Single,6,0,3,5,9,11,230
C008501,55,Computer,2,43,E wallet,Female,3,6,Mobile Phone,2,Married,7,0,13,0,10,12,212
C008502,18,Mobile Phone,3,33,UPI,Female,5,4,Grocery,5,Married,7,0,18,4,8,3,394
C008503,34,Computer,2,26,Credit Card,Female,5,2,Grocery,5,Single,3,0,6,0,2,17,203
C008504,25,Mobile Phone,3,39,UPI,Male,3,2,Grocery,1,Divorced,3,0,9,5,13,22,287
C008505,45,Mobile Phone,1,22,Cash on Delivery,Female,3,5,Mobile Phone,4,Married,1,0,15,1,7,7,343
C008506,6,Mobile Phone,3,39,UPI,Male,2,3,Grocery,5,Married,4,0,19,6,13,17,76
C008507,21,Mobile Phone,3,50,Cash on Delivery,Male,1,3,Fashion,3,Married,1,0,0,7,7,28,131
C008508,58,Mobile Phone,1,37,Cash on Delivery,Female,5,6,Grocery,4,Single,3,0,6,3,10,11,495
C008509,6,Mobile Phone,1,11,UPI,Female,1,6,Laptop & Accessory,5,Single,7,0,10,9,12,25,75
C008510,32,Mobile Phone,1,38,Cash on Delivery,Female,5,3,Fashion,2,Single,3,1,10,7,13,19,367
C008511,41,Mobile Phone,3,14,Credit Card,Male,4,2,Laptop & Accessory,2,Married,5,0,19,5,3,16,184
C008512,48,Mobile Phone,3,28,Cash on Delivery,Female,4,2,Grocery,2,Married,2,0,28,10,14,11,484
C008513,43,Mobile Phone,1,29,Debit Card,Male,5,4,Grocery,3,Divorced,3,1,13,10,11,0,66
C008514,39,Mobile Phone,2,48,Credit Card,Female,2,6,Mobile Phone,1,Married,1,0,24,6,12,14,59
C008515,31,Mobile Phone,1,31,Credit Card,Female,4,5,Laptop & Accessory,4,Married,6,0,3,5,13,6,315
C008516,42,Tablet,2,10,Credit Card,Male,1,6,Laptop & Accessory,1,Single,1,1,14,8,14,13,375
C008517,10,Mobile Phone,3,12,Debit Card,Female,3,2,Others,1,Single,7,0,10,7,14,1,341
C008518,30,Mobile Phone,1,25,Debit Card,Male,1,1,Others,1,Single,6,1,29,7,6,7,342
C008519,57,Computer,3,45,Debit Card,Female,1,6,Others,2,Married,7,0,6,0,15,27,156
C008520,52,Mobile Phone,3,23,Debit Card,Male,1,1,Others,4,Single,1,1,10,8,15,27,171
C008521,18,Computer,3,38,Debit Card,Male,5,5,Laptop & Accessory,2,Single,5,0,10,5,10,9,458
C008522,60,Mobile Phone,1,43,E wallet,Female,5,1,Mobile Phone,1,Married,1,0,13,9,3,8,275
C008523,24,Mobile Phone,1,47,E wallet,Female,1,1,Others,5,Single,6,0,5,8,4,6,74
C008524,52,Mobile Phone,1,27,Debit Card,Female,3,5,Laptop & Accessory,3,Married,4,0,21,7,11,16,50
C008525,9,Mobile Phone,2,17,Credit Card,Male,2,6,Mobile Phone,3,Married,6,1,11,9,10,2,104
C008526,31,Mobile Phone,2,46,Cash on Delivery,Female,2,2,Mobile Phone,1,Single,4,0,17,10,8,3,289
C008527,15,Computer,1,43,Cash on Delivery,Female,4,2,Others,2,Divorced,5,0,30,4,4,7,359
C008528,4,Computer,3,32,E wallet,Female,4,4,Laptop & Accessory,4,Married,4,0,13,5,8,9,484
C008529,40,Mobile Phone,1,10,Debit Card,Male,3,2,Fashion,2,Single,6,0,14,0,5,22,480
C008530,9,Computer,1,16,UPI,Male,1,1,Laptop & Accessory,4,Single,5,1,20,9,13,1,84
C008531,45,Mobile Phone,2,7,Cash on Delivery,Male,5,1,Mobile Phone,5,Divorced,5,0,3,1,15,22,470
C008532,9,Mobile Phone,1,24,Cash on Delivery,Female,4,4,Grocery,4,Divorced,5,0,11,10,5,9,316
C008533,26,Mobile Phone,1,45,Credit Card,Male,1,5,Others,4,Single,6,1,26,6,14,19,399
C008534,4,Computer,1,46,Cash on Delivery,Male,2,1,Mobile Phone,5,Married,6,0,28,9,10,22,434
C008535,17,Mobile Phone,3,49,E wallet,Female,3,2,Fashion,3,Married,4,0,10,2,15,21,488
C008536,16,Mobile Phone,3,12,Debit Card,Female,5,2,Fashion,4,Single,7,0,30,3,11,20,363
C008537,15,Computer,2,30,Debit Card,Female,5,2,Fashion,5,Married,6,0,0,8,6,17,398
C008538,35,Mobile Phone,2,42,Cash on Delivery,Female,4,1,Fashion,4,Single,3,1,24,7,11,25,234
C008539,57,Mobile Phone,2,32,UPI,Male,1,3,Laptop & Accessory,2,Single,7,0,18,7,12,30,462
C008540,52,Mobile Phone,1,39,E wallet,Male,5,1,Mobile Phone,5,Single,4,1,24,4,2,12,186
C008541,5,Mobile Phone,2,48,Cash on Delivery,Male,2,1,Fashion,1,Married,5,0,16,2,4,9,292
C008542,55,Mobile Phone,2,45,E wallet,Male,2,3,Mobile Phone,4,Married,2,0,6,4,10,19,388
C008543,5,Tablet,2,45,UPI,Female,3,3,Mobile Phone,4,Married,4,0,15,10,15,22,199
C008544,20,Mobile Phone,2,47,E wallet,Male,3,2,Grocery,2,Single,2,0,10,4,8,13,65
C008545,15,Mobile Phone,2,42,E wallet,Female,2,2,Laptop & Accessory,2,Married,4,1,24,6,9,13,429
C008546,18,Mobile Phone,1,6,E wallet,Female,2,2,Grocery,1,Single,7,1,17,7,1,4,391
C008547,47,Mobile Phone,3,11,Debit Card,Male,1,1,Others,5,Divorced,5,1,2,2,9,18,429
C008548,2,Mobile Phone,1,45,UPI,Female,5,6,Others,1,Married,4,0,25,0,2,28,357
C008549,29,Computer,3,29,Debit Card,Female,1,5,Others,1,Single,1,1,11,7,13,29,405
C008550,13,Mobile Phone,1,36,Credit Card,Female,3,6,Grocery,3,Married,1,0,17,1,2,30,412
C008551,4,Mobile Phone,1,16,Cash on Delivery,Female,3,4,Mobile Phone,1,Married,5,1,6,6,1,30,94
C008552,42,Mobile Phone,2,15,Debit Card,Female,3,5,Others,4,Single,3,0,13,9,8,8,243
C008553,45,Mobile Phone,1,14,E wallet,Male,5,3,Others,1,Single,2,0,7,6,15,18,197
C008554,10,Computer,3,39,Credit Card,Female,4,1,Grocery,2,Divorced,6,1,21,9,12,9,325
C008555,31,Computer,2,48,UPI,Male,3,6,Mobile Phone,2,Single,4,0,11,10,14,25,140
C008556,41,Mobile Phone,2,8,UPI,Female,3,1,Others,4,Single,5,0,13,2,12,21,321
C008557,8,Computer,1,46,Debit Card,Female,1,4,Laptop & Accessory,3,Married,2,0,12,6,3,23,408
C008558,3,Mobile Phone,1,6,E wallet,Male,1,5,Others,1,Single,7,0,0,5,10,3,343
C008559,48,Mobile Phone,1,48,E wallet,Male,4,3,Grocery,5,Single,4,0,20,10,15,17,262
C008560,46,Mobile Phone,2,32,UPI,Female,4,4,Grocery,2,Single,4,0,0,3,9,22,213
C008561,9,Mobile Phone,2,47,E wallet,Male,4,1,Laptop & Accessory,4,Married,3,0,27,3,11,14,144
C008562,30,Tablet,2,50,Cash on Delivery,Male,4,4,Mobile Phone,5,Single,2,1,2,4,2,0,218
C008563,53,Mobile Phone,3,18,Debit Card,Male,1,2,Laptop & Accessory,1,Married,4,0,16,6,5,23,411
C008564,11,Mobile Phone,2,48,Debit Card,Female,3,5,Others,1,Single,3,1,15,4,13,10,380
C008565,35,Computer,3,33,E wallet,Male,1,3,Grocery,1,Married,1,0,17,0,15,27,82
C008566,37,Mobile Phone,1,6,UPI,Male,2,2,Mobile Phone,5,Married,7,0,29,6,12,29,478
C008567,42,Computer,1,38,Cash on Delivery,Male,2,5,Others,1,Single,3,0,11,2,7,24,366
C008568,13,Mobile Phone,1,37,Cash on Delivery,Female,3,2,Laptop & Accessory,3,Single,2,0,9,10,10,10,431
C008569,36,Mobile Phone,1,24,Cash on Delivery,Male,4,4,Others,5,Married,7,1,0,3,7,27,292
C008570,56,Computer,2,34,Credit Card,Male,3,3,Laptop & Accessory,2,Married,3,0,6,1,4,12,440
C008571,13,Mobile Phone,2,46,E wallet,Female,2,6,Fashion,3,Single,7,1,14,6,10,25,363
C008572,12,Computer,2,30,Cash on Delivery,Male,3,4,Fashion,4,Married,1,0,6,3,2,25,53
C008573,37,Mobile Phone,2,24,E wallet,Female,4,4,Grocery,1,Married,1,0,13,1,6,7,234
C008574,10,Computer,3,5,UPI,Female,1,5,Mobile Phone,4,Single,2,0,29,9,6,8,369
C008575,60,Mobile Phone,3,5,UPI,Female,4,3,Grocery,2,Divorced,5,1,19,7,13,17,446
C008576,56,Mobile Phone,1,29,UPI,Male,1,3,Others,4,Married,3,0,17,6,9,3,358
C008577,9,Computer,1,37,Credit Card,Male,2,4,Fashion,2,Single,2,0,3,1,13,2,326
C008578,52,Mobile Phone,1,27,UPI,Female,5,3,Grocery,4,Single,4,0,3,0,14,26,281
C008579,7,Computer,1,15,E wallet,Male,3,1,Laptop & Accessory,2,Single,3,1,24,1,5,10,103
C008580,2,Computer,2,48,Debit Card,Male,5,3,Mobile Phone,5,Single,1,0,24,8,9,13,228
C008581,54,Computer,2,19,Debit Card,Female,4,4,Fashion,5,Married,3,0,4,6,15,18,420
C008582,56,Computer,1,18,E wallet,Male,1,1,Mobile Phone,4,Single,2,0,6,9,10,10,232
C008583,60,Mobile Phone,2,5,Debit Card,Male,4,1,Mobile Phone,3,Single,5,0,22,1,11,13,88
C008584,23,Mobile Phone,2,37,Cash on Delivery,Male,4,5,Fashion,3,Divorced,5,1,2,9,11,7,330
C008585,39,Mobile Phone,1,10,Debit Card,Male,2,4,Laptop & Accessory,5,Single,6,1,24,8,6,9,365
C008586,40,Mobile Phone,1,27,Credit Card,Female,4,3,Laptop & Accessory,1,Married,4,1,14,4,14,2,339
C008587,39,Mobile Phone,3,30,UPI,Male,3,6,Laptop & Accessory,1,Married,2,0,2,4,8,22,223
C008588,21,Mobile Phone,2,7,Debit Card,Female,2,1,Mobile Phone,3,Single,6,0,10,4,13,16,252
C008589,23,Mobile Phone,1,50,Debit Card,Female,5,4,Laptop & Accessory,4,Married,3,0,11,7,13,9,200
C008590,29,Mobile Phone,1,10,Credit Card,Female,4,5,Others,3,Single,1,0,22,10,4,2,302
C008591,14,Mobile Phone,1,44,Credit Card,Male,5,2,Others,5,Married,3,0,6,7,9,19,78
C008592,26,Computer,1,29,Debit Card,Female,3,2,Laptop & Accessory,4,Married,7,0,15,0,11,12,277
C008593,51,Mobile Phone,3,21,Cash on Delivery,Male,3,3,Laptop & Accessory,5,Single,3,0,8,5,8,18,458
C008594,5,Mobile Phone,1,32,Debit Card,Female,3,2,Fashion,3,Single,1,0,10,7,12,29,293
C008595,55,Computer,1,36,Cash on Delivery,Male,5,1,Fashion,3,Single,4,1,6,6,13,2,330
C008596,31,Mobile Phone,1,33,UPI,Female,5,6,Grocery,5,Married,6,0,20,8,2,17,161
C008597,25,Tablet,3,27,E wallet,Female,1,1,Mobile Phone,4,Married,5,0,9,3,4,1,446
C008598,31,Mobile Phone,1,45,UPI,Female,2,4,Mobile Phone,4,Single,7,0,26,5,15,12,440
C008599,50,Mobile Phone,1,20,Debit Card,Female,4,3,Fashion,2,Single,6,0,17,6,7,7,325
C008600,20,Mobile Phone,2,36,Debit Card,Female,2,6,Others,5,Single,5,1,28,4,2,15,439
C008601,44,Computer,2,30,Cash on Delivery,Female,3,4,Grocery,3,Single,6,0,30,6,12,0,184
C008602,55,Mobile Phone,1,37,Credit Card,Female,4,6,Fashion,5,Single,7,0,25,9,12,6,116
C008603,17,Computer,1,23,Cash on Delivery,Female,1,4,Grocery,5,Single,6,0,29,10,7,8,146
C008604,45,Mobile Phone,3,45,Credit Card,Female,2,3,Mobile Phone,1,Single,3,0,12,2,6,15,130
C008605,2,Mobile Phone,3,21,Credit Card,Male,3,6,Mobile Phone,2,Married,6,0,0,3,11,16,148
C008606,25,Mobile Phone,1,42,Credit Card,Male,4,6,Mobile Phone,4,Single,7,0,5,7,14,10,152
C008607,13,Mobile Phone,1,18,Credit Card,Male,4,4,Others,1,Married,2,0,14,9,6,5,238
C008608,58,Mobile Phone,1,22,Debit Card,Female,3,6,Fashion,2,Single,5,0,14,1,8,6,91
C008609,39,Computer,3,25,E wallet,Male,5,2,Grocery,1,Single,7,0,24,5,13,17,182
C008610,28,Mobile Phone,2,50,E wallet,Female,2,5,Fashion,2,Single,6,1,18,8,9,2,356
C008611,42,Mobile Phone,3,43,UPI,Male,4,4,Mobile Phone,2,Single,4,0,27,7,3,9,84
C008612,55,Mobile Phone,2,46,UPI,Male,5,6,Mobile Phone,5,Married,4,1,16,9,1,14,362
C008613,6,Computer,3,43,UPI,Female,1,1,Fashion,2,Married,1,0,0,6,3,4,301
C008614,3,Tablet,3,32,Cash on Delivery,Male,4,1,Laptop & Accessory,3,Single,2,0,24,10,10,24,491
C008615,58,Computer,3,24,UPI,Female,4,2,Laptop & Accessory,3,Single,5,0,14,6,9,0,364
C008616,35,Tablet,2,10,UPI,Male,1,4,Fashion,3,Married,2,0,24,7,10,25,249
C008617,18,Computer,1,30,UPI,Male,1,4,Mobile Phone,3,Single,5,0,13,10,2,13,98
C008618,11,Tablet,2,10,Debit Card,Male,4,3,Grocery,1,Divorced,1,0,28,1,7,11,407
C008619,54,Computer,2,43,UPI,Female,3,4,Laptop & Accessory,4,Divorced,2,0,5,7,10,9,343
C008620,20,Mobile Phone,2,30,E wallet,Male,1,4,Fashion,4,Married,2,0,2,4,4,17,70
C008621,5,Mobile Phone,1,21,Debit Card,Female,5,1,Others,2,Single,5,0,13,7,11,15,469
C008622,19,Mobile Phone,2,44,Credit Card,Male,1,3,Fashion,4,Single,3,0,12,7,3,3,148
C008623,22,Mobile Phone,2,6,Cash on Delivery,Male,4,4,Mobile Phone,1,Married,5,0,8,7,4,30,69
C008624,59,Mobile Phone,2,25,Debit Card,Female,4,6,Fashion,3,Single,2,0,20,1,10,25,222
C008625,60,Mobile Phone,1,11,Debit Card,Female,2,2,Laptop & Accessory,3,Single,1,1,11,8,12,24,279
C008626,19,Computer,2,48,E wallet,Male,5,4,Laptop & Accessory,3,Single,1,0,14,4,11,29,172
C008627,47,Mobile Phone,1,24,UPI,Male,2,3,Fashion,4,Married,3,1,23,0,5,13,293
C008628,16,Computer,3,7,Credit Card,Female,1,2,Grocery,4,Married,3,0,19,6,14,18,479
C008629,24,Computer,2,40,E wallet,Female,2,2,Fashion,5,Married,2,1,30,2,8,1,63
C008630,41,Tablet,1,47,E wallet,Male,4,2,Grocery,5,Married,3,0,0,6,1,27,452
C008631,4,Computer,1,48,Debit Card,Female,3,1,Laptop & Accessory,4,Married,1,0,10,9,8,21,375
C008632,15,Computer,2,23,Credit Card,Male,1,1,Others,3,Married,2,0,13,0,6,23,427
C008633,25,Mobile Phone,1,34,E wallet,Female,4,2,Grocery,4,Divorced,6,0,1,4,13,8,176
C008634,44,Mobile Phone,3,15,Cash on Delivery,Female,1,6,Fashion,1,Single,6,0,7,9,2,15,228
C008635,55,Mobile Phone,2,17,Cash on Delivery,Male,2,1,Mobile Phone,5,Divorced,3,1,10,9,7,16,415
C008636,35,Computer,1,37,E wallet,Male,2,2,Mobile Phone,3,Single,1,0,19,6,5,24,308
C008637,55,Computer,2,42,Debit Card,Male,1,2,Fashion,5,Single,3,1,11,5,4,4,308
C008638,14,Computer,1,6,Cash on Delivery,Male,1,5,Laptop & Accessory,2,Married,1,0,26,9,6,26,484
C008639,49,Mobile Phone,3,50,Debit Card,Female,2,1,Laptop & Accessory,2,Single,6,0,16,8,4,7,231
C008640,19,Mobile Phone,1,27,UPI,Female,1,5,Laptop & Accessory,2,Single,2,0,20,9,1,11,83
C008641,38,Mobile Phone,3,24,UPI,Female,2,6,Fashion,4,Divorced,1,0,11,3,10,7,235
C008642,36,Mobile Phone,2,34,Debit Card,Female,1,6,Mobile Phone,5,Single,6,0,19,5,3,28,284
C008643,7,Mobile Phone,3,19,E wallet,Female,3,2,Others,1,Divorced,4,0,9,7,9,6,52
C008644,30,Mobile Phone,1,6,UPI,Male,1,2,Mobile Phone,5,Married,5,0,20,5,7,19,270
C008645,19,Computer,1,34,UPI,Male,1,5,Laptop & Accessory,3,Divorced,7,1,2,0,15,2,70
C008646,49,Mobile Phone,2,29,Cash on Delivery,Female,4,3,Fashion,4,Married,1,0,3,2,2,1,134
C008647,25,Mobile Phone,2,8,E wallet,Female,3,2,Fashion,5,Married,4,0,23,9,8,6,52
C008648,16,Tablet,1,5,Debit Card,Male,2,6,Others,4,Married,3,0,21,2,6,13,214
C008649,47,Mobile Phone,1,12,UPI,Female,2,6,Mobile Phone,4,Divorced,6,0,4,10,11,27,66
C008650,54,Mobile Phone,1,18,E wallet,Male,5,1,Laptop & Accessory,1,Married,6,0,26,1,14,20,455
C008651,40,Mobile Phone,2,15,UPI,Female,3,4,Others,3,Single,5,1,15,10,15,22,315
C008652,51,Mobile Phone,1,28,Cash on Delivery,Female,3,6,Laptop & Accessory,1,Divorced,1,0,30,6,9,19,349
C008653,8,Mobile Phone,1,28,E wallet,Female,1,4,Mobile Phone,1,Single,1,0,28,4,12,10,100
C008654,18,Mobile Phone,1,36,Credit Card,Male,4,4,Others,4,Single,2,0,9,10,13,21,185
C008655,28,Mobile Phone,2,29,Cash on Delivery,Male,2,5,Laptop & Accessory,4,Married,1,0,3,0,14,19,219
C008656,16,Mobile Phone,1,50,Debit Card,Female,2,2,Grocery,1,Single,5,0,11,2,8,1,163
C008657,52,Mobile Phone,3,32,E wallet,Female,4,6,Fashion,2,Single,3,0,14,2,13,26,253
C008658,19,Computer,1,20,UPI,Male,4,6,Mobile Phone,2,Married,2,0,25,9,7,16,63
C008659,42,Mobile Phone,3,46,E wallet,Male,3,3,Fashion,1,Single,5,1,1,4,14,12,194
C008660,17,Computer,2,43,Debit Card,Female,4,1,Laptop & Accessory,4,Married,7,0,0,6,9,9,298
C008661,45,Mobile Phone,1,20,E wallet,Male,4,4,Others,4,Married,1,0,26,8,2,28,66
C008662,13,Mobile Phone,1,40,UPI,Female,1,4,Laptop & Accessory,3,Married,6,0,19,3,10,1,399
C008663,7,Computer,2,16,Cash on Delivery,Female,3,1,Grocery,4,Divorced,5,1,12,5,11,21,221
C008664,27,Mobile Phone,2,16,Cash on Delivery,Female,5,4,Grocery,5,Married,5,0,17,4,7,29,318
C008665,10,Mobile Phone,2,38,UPI,Male,5,5,Mobile Phone,5,Married,6,0,8,1,14,8,55
C008666,34,Mobile Phone,1,42,Credit Card,Male,2,2,Fashion,4,Married,3,0,14,5,7,24,260
C008667,36,Mobile Phone,3,24,Credit Card,Female,4,2,Laptop & Accessory,1,Married,6,0,30,7,7,8,75
C008668,25,Computer,3,19,Cash on Delivery,Female,1,3,Grocery,5,Single,7,0,17,4,8,9,426
C008669,6,Computer,2,26,Debit Card,Female,4,5,Others,4,Married,6,1,1,6,6,12,254
C008670,24,Mobile Phone,2,20,E wallet,Female,2,3,Laptop & Accessory,4,Married,1,0,21,2,7,27,294
C008671,18,Mobile Phone,2,28,UPI,Male,4,4,Mobile Phone,5,Married,4,0,21,10,8,20,207
C008672,23,Mobile Phone,1,7,Debit Card,Female,5,6,Others,4,Divorced,6,0,19,2,9,30,173
C008673,6,Tablet,1,5,E wallet,Male,3,2,Fashion,1,Single,2,0,18,7,9,7,279
C008674,29,Computer,2,48,Cash on Delivery,Female,4,3,Mobile Phone,2,Single,6,0,29,2,2,23,355
C008675,25,Computer,3,42,UPI,Female,5,3,Fashion,5,Divorced,6,0,3,4,5,11,328
C008676,55,Mobile Phone,1,21,Debit Card,Male,5,5,Fashion,5,Divorced,3,0,20,7,9,1,246
C008677,17,Computer,2,45,E wallet,Male,2,6,Grocery,4,Married,7,0,23,3,1,6,417
C008678,46,Mobile Phone,3,25,Cash on Delivery,Male,3,4,Fashion,1,Married,2,0,17,5,4,17,60
C008679,24,Mobile Phone,1,49,Cash on Delivery,Male,2,1,Others,5,Married,7,0,13,4,3,23,303
C008680,11,Computer,1,17,E wallet,Male,1,5,Others,4,Single,6,0,12,5,7,2,322
C008681,26,Mobile Phone,3,6,Credit Card,Male,3,5,Others,4,Married,1,0,28,8,11,23,410
C008682,51,Tablet,1,6,Credit Card,Female,1,4,Laptop & Accessory,4,Married,6,0,25,8,12,29,325
C008683,34,Mobile Phone,1,47,E wallet,Male,3,1,Grocery,3,Single,6,0,21,1,6,3,79
C008684,28,Computer,1,29,E wallet,Female,5,5,Grocery,3,Married,2,0,6,2,8,20,132
C008685,3,Mobile Phone,1,32,E wallet,Male,1,3,Others,1,Married,5,0,13,2,10,14,336
C008686,11,Mobile Phone,3,30,Cash on Delivery,Male,3,3,Laptop & Accessory,2,Married,5,0,18,4,2,5,248
C008687,38,Mobile Phone,2,39,UPI,Male,3,3,Fashion,3,Single,5,0,12,0,11,15,286
C008688,14,Mobile Phone,2,32,Cash on Delivery,Female,1,6,Fashion,1,Single,7,0,20,10,1,15,117
C008689,51,Mobile Phone,2,37,Cash on Delivery,Female,3,6,Fashion,4,Single,4,0,12,5,8,13,121
C008690,26,Mobile Phone,3,22,Credit Card,Male,2,3,Grocery,4,Married,5,0,13,5,9,11,61
C008691,48,Mobile Phone,1,18,E wallet,Male,2,1,Fashion,2,Married,5,0,17,9,15,0,449
C008692,21,Mobile Phone,1,45,Cash on Delivery,Female,1,6,Laptop & Accessory,5,Divorced,1,0,18,1,10,21,365
C008693,54,Mobile Phone,3,13,Cash on Delivery,Male,5,4,Laptop & Accessory,3,Single,5,0,1,4,10,13,186
C008694,56,Mobile Phone,3,48,E wallet,Female,4,4,Fashion,3,Married,7,1,9,7,6,25,483
C008695,39,Computer,1,34,UPI,Male,1,1,Grocery,4,Married,4,0,10,8,8,13,314
C008696,30,Computer,1,7,Credit Card,Female,1,4,Mobile Phone,1,Single,7,0,12,2,8,16,301
C008697,59,Mobile Phone,2,38,Debit Card,Female,1,3,Others,2,Married,4,0,16,10,12,0,391
C008698,8,Mobile Phone,1,37,Cash on Delivery,Male,1,1,Fashion,2,Single,3,0,7,1,5,5,397
C008699,51,Computer,2,31,UPI,Male,2,3,Fashion,5,Married,4,0,18,1,11,29,229
C008700,20,Mobile Phone,1,13,Debit Card,Female,1,4,Others,5,Married,5,1,6,1,4,24,382
C008701,48,Mobile Phone,1,17,E wallet,Male,5,5,Mobile Phone,1,Single,7,0,2,9,3,27,223
C008702,32,Mobile Phone,2,34,Debit Card,Male,4,1,Fashion,1,Single,2,0,22,8,13,9,370
C008703,22,Mobile Phone,3,20,E wallet,Male,4,2,Fashion,2,Married,3,0,7,4,5,20,340
C008704,59,Mobile Phone,2,46,UPI,Male,5,2,Mobile Phone,4,Single,4,0,27,5,4,28,411
C008705,7,Mobile Phone,1,30,Debit Card,Female,1,6,Others,1,Single,3,0,29,10,9,14,73
C008706,9,Mobile Phone,3,9,Credit Card,Female,4,3,Laptop & Accessory,1,Married,7,0,14,10,15,25,396
C008707,45,Mobile Phone,2,50,UPI,Female,2,4,Fashion,5,Married,1,0,5,9,10,24,76
C008708,1,Mobile Phone,1,31,Debit Card,Female,4,3,Fashion,5,Married,5,0,8,3,14,3,86
C008709,29,Mobile Phone,1,19,Cash on Delivery,Female,5,6,Grocery,5,Single,7,0,16,2,14,22,460
C008710,8,Mobile Phone,1,32,Debit Card,Male,4,6,Mobile Phone,4,Single,5,0,0,10,14,28,369
C008711,56,Mobile Phone,2,7,Debit Card,Female,5,2,Fashion,2,Married,6,0,17,9,2,1,211
C008712,54,Computer,2,45,Credit Card,Female,1,1,Grocery,4,Married,6,0,13,3,5,11,275
C008713,4,Mobile Phone,1,5,UPI,Male,4,3,Laptop & Accessory,5,Married,3,0,14,6,1,21,70
C008714,35,Mobile Phone,1,5,Cash on Delivery,Female,5,4,Mobile Phone,3,Single,4,0,19,10,1,6,497
C008715,59,Mobile Phone,1,10,UPI,Male,2,2,Laptop & Accessory,3,Divorced,2,0,12,6,13,25,468
C008716,3,Mobile Phone,2,15,UPI,Female,2,1,Grocery,2,Single,4,0,21,1,8,30,66
C008717,54,Mobile Phone,1,50,Cash on Delivery,Male,3,3,Others,5,Single,3,0,24,0,2,23,136
C008718,45,Mobile Phone,1,20,Cash on Delivery,Female,4,1,Mobile Phone,5,Married,6,0,20,4,11,22,385
C008719,40,Computer,3,37,Credit Card,Female,1,5,Others,4,Divorced,4,0,8,0,5,6,464
C008720,7,Mobile Phone,2,28,E wallet,Female,3,2,Grocery,2,Single,3,0,4,8,1,1,477
C008721,27,Computer,1,36,Credit Card,Male,4,3,Mobile Phone,4,Married,5,0,17,2,4,4,61
C008722,1,Mobile Phone,2,14,Cash on Delivery,Male,2,1,Fashion,5,Single,5,0,8,7,5,27,271
C008723,27,Tablet,1,29,Debit Card,Female,1,3,Grocery,1,Single,5,0,8,10,10,12,73
C008724,16,Computer,2,14,Debit Card,Female,2,4,Grocery,3,Single,3,0,6,0,5,13,420
C008725,38,Tablet,2,17,UPI,Male,4,4,Laptop & Accessory,5,Married,7,0,30,4,12,10,411
C008726,7,Mobile Phone,2,5,UPI,Male,1,3,Others,1,Single,6,0,3,0,2,15,317
C008727,44,Mobile Phone,2,39,E wallet,Female,1,2,Mobile Phone,3,Single,5,1,4,5,6,15,413
C008728,23,Computer,1,18,E wallet,Male,3,6,Mobile Phone,1,Single,1,0,30,2,3,7,71
C008729,41,Computer,2,25,E wallet,Male,1,3,Fashion,2,Married,7,0,0,1,1,29,258
C008730,59,Tablet,1,42,E wallet,Male,4,3,Mobile Phone,1,Single,7,1,21,10,1,17,138
C008731,11,Mobile Phone,1,5,Debit Card,Male,5,3,Fashion,1,Single,2,1,24,7,9,18,105
C008732,42,Computer,3,24,Cash on Delivery,Male,5,3,Mobile Phone,2,Single,3,0,14,2,15,6,448
C008733,53,Mobile Phone,2,9,E wallet,Male,1,2,Laptop & Accessory,1,Single,6,0,25,2,7,17,410
C008734,33,Mobile Phone,3,44,Credit Card,Male,5,5,Grocery,3,Married,6,0,28,3,14,30,388
C008735,50,Mobile Phone,1,48,E wallet,Male,4,5,Mobile Phone,1,Single,5,1,21,9,8,23,385
C008736,36,Mobile Phone,2,36,Debit Card,Female,3,1,Grocery,1,Married,1,0,8,3,15,5,207
C008737,37,Computer,1,5,UPI,Male,2,2,Others,2,Single,7,1,26,4,8,8,378
C008738,41,Mobile Phone,2,49,Credit Card,Male,2,2,Grocery,3,Married,4,0,1,3,15,16,263
C008739,59,Mobile Phone,1,45,E wallet,Male,4,2,Others,2,Married,2,1,20,0,13,10,466
C008740,17,Mobile Phone,1,44,Debit Card,Male,3,4,Mobile Phone,1,Single,6,0,11,0,9,2,97
C008741,35,Mobile Phone,1,49,UPI,Female,4,2,Laptop & Accessory,2,Single,6,1,2,7,15,8,157
C008742,48,Mobile Phone,2,6,E wallet,Female,1,4,Laptop & Accessory,2,Single,2,0,22,5,3,14,426
C008743,5,Mobile Phone,1,35,Debit Card,Female,3,5,Grocery,1,Married,5,0,1,4,5,4,472
C008744,48,Mobile Phone,3,50,Debit Card,Male,5,5,Laptop & Accessory,1,Single,3,1,0,0,11,26,151
C008745,32,Computer,1,30,Cash on Delivery,Female,1,4,Others,5,Single,6,1,9,8,10,20,474
C008746,3,Tablet,1,13,Debit Card,Female,5,3,Laptop & Accessory,1,Married,7,1,22,4,3,8,351
C008747,52,Mobile Phone,1,34,E wallet,Female,1,5,Laptop & Accessory,1,Single,3,0,7,2,1,14,65
C008748,47,Mobile Phone,3,50,Debit Card,Male,1,3,Laptop & Accessory,5,Married,1,0,5,7,12,21,490
C008749,35,Mobile Phone,1,12,Credit Card,Male,1,1,Fashion,3,Single,3,0,18,4,11,0,356
C008750,52,Computer,1,9,Debit Card,Female,1,4,Fashion,5,Divorced,5,0,25,1,5,0,279
C008751,14,Mobile Phone,3,43,Debit Card,Female,3,6,Grocery,2,Single,2,1,18,7,15,27,184
C008752,48,Mobile Phone,1,8,Credit Card,Male,3,1,Mobile Phone,5,Single,7,0,2,9,8,22,384
C008753,31,Mobile Phone,2,44,E wallet,Male,1,4,Mobile Phone,5,Married,2,0,26,4,11,26,224
C008754,31,Tablet,1,40,UPI,Female,4,1,Others,3,Single,2,0,20,9,7,13,426
C008755,17,Mobile Phone,2,25,Cash on Delivery,Male,1,1,Others,4,Married,5,1,25,6,14,0,470
C008756,60,Mobile Phone,1,37,UPI,Female,1,2,Grocery,3,Married,4,0,30,0,3,0,266
C008757,24,Tablet,2,30,E wallet,Male,4,6,Fashion,5,Single,5,1,29,6,14,23,224
C008758,52,Mobile Phone,3,44,E wallet,Female,4,5,Laptop & Accessory,2,Married,2,0,12,4,14,19,250
C008759,23,Computer,3,43,Credit Card,Female,1,4,Fashion,2,Married,2,0,19,3,6,5,461
C008760,18,Mobile Phone,2,15,UPI,Female,2,5,Fashion,4,Single,3,0,27,8,8,0,253
C008761,50,Tablet,3,25,Debit Card,Female,2,2,Grocery,1,Married,2,0,9,4,3,8,477
C008762,54,Mobile Phone,1,26,Credit Card,Female,4,5,Fashion,5,Married,7,1,9,4,3,22,475
C008763,14,Computer,1,41,Credit Card,Female,1,6,Mobile Phone,1,Single,6,0,24,0,8,7,431
C008764,50,Mobile Phone,2,11,Cash on Delivery,Male,5,4,Fashion,2,Married,7,0,13,7,4,28,96
C008765,15,Computer,2,46,Credit Card,Male,5,2,Mobile Phone,1,Married,1,1,0,5,8,17,257
C008766,15,Mobile Phone,1,17,UPI,Female,1,3,Others,3,Married,5,0,29,8,12,1,389
C008767,6,Mobile Phone,2,24,E wallet,Male,1,2,Others,3,Single,7,0,12,0,14,15,93
C008768,27,Computer,1,19,Cash on Delivery,Male,1,6,Grocery,4,Single,3,0,24,9,5,7,181
C008769,15,Mobile Phone,2,42,Debit Card,Male,5,4,Laptop & Accessory,1,Divorced,3,0,11,10,9,24,413
C008770,50,Mobile Phone,3,38,UPI,Female,5,1,Fashion,4,Married,6,0,23,4,12,9,173
C008771,36,Mobile Phone,2,40,Debit Card,Female,4,5,Laptop & Accessory,3,Married,4,0,5,4,2,2,259
C008772,55,Computer,1,50,Credit Card,Male,3,6,Mobile Phone,3,Divorced,4,0,8,10,7,15,194
C008773,8,Mobile Phone,2,29,UPI,Male,4,1,Laptop & Accessory,4,Single,2,0,5,7,3,25,403
C008774,15,Computer,2,33,Cash on Delivery,Female,4,3,Fashion,3,Single,1,0,22,5,11,23,59
C008775,3,Mobile Phone,1,32,Cash on Delivery,Female,2,1,Laptop & Accessory,1,Married,7,0,19,1,13,7,463
C008776,47,Mobile Phone,2,18,Debit Card,Male,4,5,Laptop & Accessory,5,Single,1,0,5,5,8,10,142
C008777,13,Mobile Phone,3,8,E wallet,Male,4,1,Laptop & Accessory,5,Married,3,0,30,2,4,4,228
C008778,41,Mobile Phone,1,42,Cash on Delivery,Male,4,2,Grocery,3,Married,7,0,12,9,2,23,250
C008779,34,Mobile Phone,1,11,Debit Card,Male,4,4,Laptop & Accessory,5,Single,5,0,2,4,8,3,165
C008780,24,Mobile Phone,1,17,E wallet,Male,3,6,Fashion,5,Married,4,0,27,5,11,4,119
C008781,40,Mobile Phone,2,21,UPI,Male,2,6,Fashion,5,Divorced,7,1,4,2,1,25,197
C008782,32,Tablet,3,33,Cash on Delivery,Male,5,1,Laptop & Accessory,3,Divorced,3,0,9,0,10,19,328
C008783,32,Mobile Phone,2,21,Cash on Delivery,Male,1,4,Grocery,5,Married,4,0,19,6,3,5,364
C008784,30,Mobile Phone,1,40,Debit Card,Male,5,4,Mobile Phone,4,Married,4,0,15,10,7,29,117
C008785,52,Mobile Phone,2,23,Cash on Delivery,Female,2,6,Laptop & Accessory,4,Married,7,0,19,0,3,20,188
C008786,49,Mobile Phone,2,30,Debit Card,Female,4,4,Grocery,5,Married,1,0,17,4,13,10,274
C008787,13,Mobile Phone,2,49,Cash on Delivery,Female,5,2,Others,2,Single,3,0,21,6,9,5,389
C008788,1,Mobile Phone,1,13,Debit Card,Male,4,4,Fashion,2,Married,1,0,18,3,7,14,265
C008789,34,Computer,2,6,Cash on Delivery,Male,3,6,Others,4,Single,6,0,22,2,13,25,161
C008790,15,Mobile Phone,2,24,UPI,Female,3,1,Fashion,4,Single,1,0,24,7,8,6,243
C008791,44,Mobile Phone,1,27,UPI,Male,2,6,Mobile Phone,5,Married,3,0,11,9,5,2,380
C008792,14,Mobile Phone,2,22,Debit Card,Male,5,4,Grocery,3,Single,5,0,14,7,4,7,69
C008793,57,Mobile Phone,3,30,UPI,Female,3,2,Mobile Phone,4,Married,4,0,0,10,10,17,338
C008794,29,Mobile Phone,1,29,Debit Card,Female,2,6,Others,5,Divorced,1,0,21,4,15,4,307
C008795,34,Mobile Phone,3,21,Debit Card,Female,2,4,Grocery,4,Single,5,0,6,10,14,8,216
C008796,18,Mobile Phone,1,43,Credit Card,Male,2,1,Others,4,Married,2,0,24,2,8,12,62
C008797,54,Mobile Phone,2,14,UPI,Female,5,2,Laptop & Accessory,5,Single,3,0,27,6,12,13,318
C008798,7,Computer,1,29,Credit Card,Female,5,3,Others,5,Married,2,0,3,2,1,25,310
C008799,29,Mobile Phone,1,50,Credit Card,Male,2,3,Mobile Phone,1,Single,6,1,14,5,5,26,211
C008800,55,Mobile Phone,2,32,Cash on Delivery,Female,1,1,Mobile Phone,3,Single,6,0,15,8,12,9,215
C008801,31,Mobile Phone,2,30,Debit Card,Male,5,5,Laptop & Accessory,1,Married,2,0,6,10,9,22,289
C008802,25,Mobile Phone,3,16,E wallet,Male,5,4,Grocery,1,Married,3,0,27,4,7,10,357
C008803,38,Mobile Phone,2,48,Credit Card,Male,1,6,Others,1,Married,4,0,7,9,10,3,365
C008804,14,Mobile Phone,2,23,Cash on Delivery,Male,5,5,Others,1,Divorced,5,1,21,1,9,12,141
C008805,8,Computer,3,27,UPI,Male,5,2,Others,1,Single,2,0,20,6,12,30,250
C008806,27,Mobile Phone,2,18,E wallet,Female,3,4,Grocery,4,Single,7,0,15,6,7,17,436
C008807,54,Mobile Phone,1,21,Debit Card,Female,1,6,Mobile Phone,1,Married,2,0,17,6,3,8,200
C008808,2,Mobile Phone,1,19,Cash on Delivery,Male,3,6,Laptop & Accessory,5,Single,5,0,16,4,3,1,474
C008809,17,Mobile Phone,1,25,E wallet,Male,1,6,Grocery,3,Married,2,0,11,7,6,13,98
C008810,37,Mobile Phone,2,42,Debit Card,Female,1,5,Laptop & Accessory,2,Married,3,1,29,3,7,24,360
C008811,14,Mobile Phone,1,34,Debit Card,Female,1,1,Fashion,2,Married,5,0,2,4,8,24,141
C008812,25,Mobile Phone,1,23,E wallet,Male,5,2,Laptop & Accessory,4,Married,1,0,15,10,15,1,419
C008813,56,Mobile Phone,1,36,Cash on Delivery,Female,2,4,Fashion,1,Married,1,1,7,9,15,17,128
C008814,30,Mobile Phone,2,33,E wallet,Male,4,3,Laptop & Accessory,5,Single,4,0,4,1,15,17,403
C008815,29,Computer,1,26,Credit Card,Male,2,6,Fashion,2,Married,7,0,11,9,2,9,134
C008816,20,Mobile Phone,1,24,Debit Card,Female,5,6,Others,1,Single,6,1,25,10,2,22,235
C008817,21,Mobile Phone,2,42,UPI,Male,5,4,Grocery,2,Single,2,1,4,8,9,1,473
C008818,53,Computer,3,42,E wallet,Male,4,6,Others,2,Married,3,0,8,9,2,20,378
C008819,22,Computer,1,40,E wallet,Female,5,2,Mobile Phone,1,Married,7,1,8,4,8,0,195
C008820,35,Computer,2,5,Debit Card,Female,1,3,Grocery,3,Single,5,0,8,4,5,29,256
C008821,37,Mobile Phone,1,23,Debit Card,Female,3,1,Others,3,Married,6,1,27,0,13,23,361
C008822,16,Computer,3,47,E wallet,Male,3,4,Laptop & Accessory,4,Married,6,0,28,3,15,28,409
C008823,50,Mobile Phone,1,30,UPI,Female,1,5,Grocery,5,Divorced,2,0,7,5,13,24,283
C008824,58,Mobile Phone,3,11,Debit Card,Male,2,5,Laptop & Accessory,1,Single,6,1,25,9,13,30,212
C008825,49,Mobile Phone,3,38,Debit Card,Male,3,1,Others,2,Married,3,0,7,5,10,15,413
C008826,43,Computer,3,40,Credit Card,Male,1,2,Grocery,3,Married,3,0,1,7,10,22,443
C008827,17,Mobile Phone,1,10,Cash on Delivery,Male,2,1,Others,5,Married,1,0,17,1,1,3,427
C008828,16,Mobile Phone,2,41,Credit Card,Female,3,2,Mobile Phone,5,Married,1,0,20,3,3,12,290
C008829,58,Mobile Phone,1,26,UPI,Male,1,3,Others,1,Single,3,0,21,1,7,12,312
C008830,55,Mobile Phone,3,13,Cash on Delivery,Female,3,2,Mobile Phone,1,Married,2,0,30,0,3,2,392
C008831,2,Computer,3,47,E wallet,Female,3,3,Others,1,Single,5,0,14,10,1,16,473
C008832,4,Mobile Phone,3,33,UPI,Female,3,4,Grocery,3,Married,4,0,20,1,2,25,105
C008833,21,Mobile Phone,2,21,UPI,Female,4,4,Laptop & Accessory,4,Single,7,0,29,7,8,29,382
C008834,39,Computer,2,17,Credit Card,Female,2,1,Grocery,4,Single,2,0,15,9,10,5,434
C008835,34,Mobile Phone,2,21,Cash on Delivery,Female,3,1,Others,4,Married,7,0,15,7,1,26,171
C008836,30,Mobile Phone,1,14,UPI,Female,1,4,Others,5,Married,3,0,23,7,10,24,450
C008837,6,Computer,2,29,Cash on Delivery,Female,4,5,Others,5,Single,5,0,26,1,12,3,327
C008838,17,Computer,2,22,E wallet,Female,5,3,Fashion,3,Single,4,0,0,0,2,12,432
C008839,39,Computer,3,48,Cash on Delivery,Male,5,6,Mobile Phone,1,Married,7,0,5,1,15,17,167
C008840,25,Mobile Phone,2,19,Credit Card,Female,2,4,Laptop & Accessory,1,Single,3,1,29,10,2,20,328
C008841,5,Mobile Phone,3,31,Credit Card,Male,1,6,Mobile Phone,2,Single,5,1,9,7,1,13,349
C008842,5,Mobile Phone,3,23,UPI,Male,4,6,Others,2,Married,7,1,25,4,3,1,268
C008843,20,Mobile Phone,2,19,Cash on Delivery,Male,1,5,Others,2,Single,5,0,13,4,2,21,500
C008844,16,Mobile Phone,1,49,Credit Card,Female,4,6,Mobile Phone,5,Single,4,0,30,10,8,0,176
C008845,51,Mobile Phone,2,11,Debit Card,Female,4,2,Mobile Phone,4,Single,7,0,15,6,4,29,286
C008846,41,Computer,2,47,Credit Card,Male,5,4,Mobile Phone,3,Single,3,0,20,0,7,18,70
C008847,37,Mobile Phone,1,44,E wallet,Female,2,5,Fashion,4,Married,6,1,1,0,15,26,430
C008848,40,Mobile Phone,1,20,Debit Card,Male,2,4,Mobile Phone,1,Married,1,0,26,7,8,19,132
C008849,9,Mobile Phone,3,28,Cash on Delivery,Female,1,6,Others,2,Married,2,1,7,9,4,22,104
C008850,5,Mobile Phone,1,27,UPI,Female,4,2,Laptop & Accessory,4,Married,6,0,6,5,12,25,301
C008851,42,Tablet,2,15,Debit Card,Male,4,2,Grocery,1,Married,6,1,25,2,12,20,99
C008852,57,Mobile Phone,3,28,Credit Card,Female,3,3,Mobile Phone,2,Married,4,0,20,2,5,4,67
C008853,2,Mobile Phone,2,9,UPI,Female,2,2,Mobile Phone,4,Married,2,0,17,10,15,5,298
C008854,9,Mobile Phone,2,43,UPI,Male,4,2,Mobile Phone,4,Single,4,1,17,3,11,11,404
C008855,43,Mobile Phone,2,34,UPI,Male,1,3,Laptop & Accessory,4,Married,1,0,0,10,5,25,151
C008856,36,Mobile Phone,2,20,UPI,Female,5,4,Mobile Phone,2,Married,7,0,26,2,15,19,332
C008857,22,Computer,1,24,Cash on Delivery,Female,5,4,Mobile Phone,5,Divorced,2,0,7,5,9,3,166
C008858,22,Mobile Phone,3,33,Cash on Delivery,Male,2,3,Mobile Phone,2,Single,5,0,27,3,7,13,212
C008859,22,Mobile Phone,2,21,Cash on Delivery,Male,2,4,Laptop & Accessory,3,Single,7,0,5,5,7,20,210
C008860,34,Mobile Phone,2,23,Credit Card,Male,3,4,Grocery,2,Divorced,7,0,1,1,15,22,74
C008861,55,Computer,2,30,Cash on Delivery,Male,2,6,Others,4,Married,6,0,21,2,7,10,488
C008862,29,Computer,1,19,UPI,Female,4,5,Laptop & Accessory,1,Married,5,0,19,7,2,2,133
C008863,38,Mobile Phone,3,29,Debit Card,Male,4,3,Mobile Phone,1,Married,2,0,13,3,2,13,433
C008864,59,Mobile Phone,3,19,Debit Card,Male,4,3,Fashion,4,Single,3,0,2,4,5,7,254
C008865,46,Computer,1,24,Debit Card,Male,4,6,Laptop & Accessory,5,Married,7,0,27,8,7,24,392
C008866,33,Computer,3,34,Debit Card,Female,3,1,Mobile Phone,5,Single,5,0,30,7,3,16,109
C008867,18,Computer,2,25,Debit Card,Male,2,5,Mobile Phone,2,Divorced,7,0,8,3,15,14,325
C008868,7,Computer,2,39,E wallet,Female,2,4,Others,2,Married,4,1,2,3,14,6,198
C008869,1,Mobile Phone,2,48,Debit Card,Male,2,1,Laptop & Accessory,1,Single,3,0,7,3,14,2,343
C008870,33,Mobile Phone,1,10,Debit Card,Female,3,5,Laptop & Accessory,4,Married,4,0,25,9,3,6,361
C008871,1,Computer,2,41,Debit Card,Male,3,4,Others,4,Married,1,0,23,8,14,9,428
C008872,24,Computer,1,15,Credit Card,Female,4,5,Fashion,2,Married,6,0,14,2,3,5,244
C008873,4,Mobile Phone,2,27,E wallet,Female,3,2,Fashion,3,Married,5,0,4,8,5,20,391
C008874,4,Mobile Phone,2,48,Debit Card,Male,3,4,Grocery,2,Divorced,1,0,5,7,9,11,487
C008875,18,Tablet,3,43,Cash on Delivery,Male,1,5,Grocery,2,Married,6,1,14,3,10,24,211
C008876,27,Mobile Phone,2,13,Credit Card,Female,4,5,Others,5,Married,3,0,20,7,15,4,315
C008877,43,Computer,1,22,E wallet,Male,4,1,Laptop & Accessory,2,Married,4,0,11,2,5,27,355
C008878,59,Mobile Phone,3,50,Cash on Delivery,Male,1,5,Mobile Phone,2,Married,5,0,19,3,13,27,194
C008879,32,Mobile Phone,2,40,Cash on Delivery,Female,2,2,Fashion,3,Divorced,2,0,2,7,14,3,132
C008880,33,Mobile Phone,2,44,Credit Card,Male,1,2,Laptop & Accessory,1,Single,1,0,23,9,7,0,237
C008881,28,Mobile Phone,1,40,Cash on Delivery,Male,1,5,Grocery,1,Married,5,0,5,6,11,30,118
C008882,42,Mobile Phone,3,32,UPI,Male,1,4,Fashion,2,Single,2,0,16,3,5,5,246
C008883,41,Mobile Phone,3,23,Credit Card,Male,3,1,Mobile Phone,4,Married,6,0,23,0,13,30,211
C008884,55,Computer,3,34,Credit Card,Female,1,4,Grocery,2,Single,3,0,19,9,4,18,352
C008885,36,Tablet,3,42,UPI,Female,5,5,Mobile Phone,5,Married,6,1,30,5,3,16,466
C008886,60,Mobile Phone,1,19,Credit Card,Female,1,2,Grocery,3,Single,2,0,1,0,1,21,320
C008887,6,Mobile Phone,3,48,Cash on Delivery,Female,2,3,Mobile Phone,2,Single,6,0,4,7,10,1,288
C008888,16,Mobile Phone,2,16,Cash on Delivery,Male,2,1,Fashion,1,Divorced,7,0,1,3,1,1,107
C008889,34,Mobile Phone,1,6,Cash on Delivery,Female,2,4,Others,2,Single,7,0,1,9,3,14,435
C008890,23,Mobile Phone,2,13,UPI,Male,1,2,Mobile Phone,3,Married,7,0,25,6,9,19,361
C008891,50,Mobile Phone,2,39,Cash on Delivery,Male,4,4,Fashion,3,Married,3,0,5,10,5,10,213
C008892,42,Mobile Phone,1,5,UPI,Female,2,5,Laptop & Accessory,4,Single,7,1,4,10,1,28,391
C008893,24,Mobile Phone,1,50,UPI,Male,1,6,Laptop & Accessory,4,Single,1,0,9,6,4,21,439
C008894,56,Mobile Phone,1,35,UPI,Female,2,4,Grocery,4,Married,7,0,26,9,11,2,460
C008895,49,Computer,1,32,Credit Card,Male,3,1,Others,2,Married,2,0,7,3,7,13,283
C008896,13,Mobile Phone,1,49,E wallet,Male,3,3,Grocery,1,Single,4,1,9,0,15,27,407
C008897,56,Computer,1,41,UPI,Female,1,3,Mobile Phone,5,Single,6,0,26,4,13,5,78
C008898,18,Computer,1,11,Cash on Delivery,Male,2,5,Others,1,Married,6,0,2,8,8,29,129
C008899,54,Tablet,3,50,UPI,Male,2,1,Mobile Phone,3,Married,4,0,23,9,9,25,433
C008900,13,Computer,3,20,Debit Card,Female,5,3,Fashion,1,Married,4,0,23,6,8,15,298
C008901,49,Mobile Phone,1,18,Credit Card,Female,2,2,Others,2,Married,3,0,30,4,13,30,148
C008902,37,Mobile Phone,3,37,Cash on Delivery,Male,4,4,Laptop & Accessory,4,Married,6,0,3,5,15,2,112
C008903,43,Mobile Phone,2,10,Credit Card,Female,3,5,Fashion,1,Married,7,0,7,0,7,22,90
C008904,39,Computer,2,25,Credit Card,Male,2,2,Fashion,3,Single,2,0,13,8,4,9,219
C008905,42,Computer,2,14,Debit Card,Female,4,5,Mobile Phone,3,Divorced,5,0,3,9,13,11,119
C008906,17,Computer,2,36,UPI,Female,1,1,Grocery,5,Married,7,0,25,5,10,5,368
C008907,15,Mobile Phone,1,10,Cash on Delivery,Male,3,5,Mobile Phone,1,Single,2,0,11,1,14,18,403
C008908,18,Computer,1,6,E wallet,Female,1,3,Fashion,2,Single,2,0,19,5,6,11,412
C008909,23,Mobile Phone,2,43,Credit Card,Male,2,1,Others,3,Married,6,0,19,2,4,26,111
C008910,54,Mobile Phone,2,31,E wallet,Female,1,6,Laptop & Accessory,5,Single,6,1,26,4,12,0,339
C008911,51,Computer,3,18,E wallet,Male,3,5,Fashion,3,Single,1,0,5,2,11,25,420
C008912,30,Mobile Phone,1,27,UPI,Male,1,2,Grocery,5,Married,5,0,26,5,3,11,202
C008913,58,Tablet,2,43,E wallet,Female,1,1,Grocery,3,Married,4,0,13,0,11,4,141
C008914,34,Mobile Phone,2,25,Cash on Delivery,Female,1,6,Others,2,Single,3,1,11,1,2,23,471
C008915,58,Computer,3,45,UPI,Male,4,6,Grocery,2,Single,5,0,21,9,5,25,223
C008916,4,Mobile Phone,1,34,E wallet,Female,4,1,Others,3,Married,4,0,16,0,10,30,446
C008917,3,Computer,3,29,UPI,Male,2,5,Grocery,4,Divorced,3,0,19,2,9,14,190
C008918,7,Computer,3,28,Cash on Delivery,Male,1,5,Mobile Phone,2,Single,7,0,2,0,1,1,472
C008919,56,Computer,2,15,Credit Card,Male,4,6,Laptop & Accessory,2,Married,5,0,8,9,3,21,235
C008920,18,Mobile Phone,2,39,Debit Card,Female,3,1,Laptop & Accessory,5,Married,3,0,15,0,10,22,148
C008921,42,Computer,1,8,UPI,Female,3,4,Fashion,5,Married,3,0,9,3,10,27,116
C008922,7,Mobile Phone,3,41,Debit Card,Male,1,4,Fashion,1,Single,4,1,8,8,14,17,231
C008923,40,Mobile Phone,1,40,Credit Card,Female,2,3,Mobile Phone,1,Married,1,0,16,7,3,19,173
C008924,6,Mobile Phone,2,17,Cash on Delivery,Female,4,1,Mobile Phone,2,Single,4,0,1,9,7,8,358
C008925,22,Computer,1,13,Credit Card,Female,4,4,Laptop & Accessory,2,Single,5,0,24,6,9,17,484
C008926,58,Mobile Phone,2,32,Debit Card,Male,4,2,Fashion,3,Married,4,0,26,0,11,28,78
C008927,1,Computer,2,50,Cash on Delivery,Male,2,1,Fashion,4,Single,4,0,26,1,11,19,391
C008928,4,Computer,3,20,E wallet,Female,5,4,Laptop & Accessory,3,Single,4,0,1,4,5,16,376
C008929,46,Mobile Phone,2,10,E wallet,Male,4,5,Others,2,Single,6,0,21,3,13,24,111
C008930,49,Computer,3,31,UPI,Male,1,2,Mobile Phone,5,Single,6,0,1,0,11,10,182
C008931,52,Mobile Phone,2,14,E wallet,Male,4,3,Fashion,1,Married,6,0,15,5,3,3,356
C008932,50,Computer,1,27,Debit Card,Female,4,4,Laptop & Accessory,4,Single,5,1,20,0,2,11,366
C008933,43,Mobile Phone,1,25,E wallet,Male,5,5,Mobile Phone,5,Married,7,0,22,9,13,7,87
C008934,29,Mobile Phone,2,30,UPI,Male,1,2,Laptop & Accessory,2,Single,5,0,0,2,5,27,187
C008935,21,Mobile Phone,1,49,Cash on Delivery,Female,1,2,Others,4,Single,7,0,21,9,4,30,498
C008936,26,Mobile Phone,2,7,E wallet,Female,1,3,Grocery,4,Single,3,0,7,2,3,2,313
C008937,14,Mobile Phone,1,47,UPI,Male,4,6,Fashion,1,Divorced,3,0,6,0,6,0,391
C008938,9,Mobile Phone,2,39,E wallet,Female,4,6,Mobile Phone,4,Divorced,5,0,9,4,4,28,420
C008939,59,Mobile Phone,2,11,E wallet,Male,3,5,Laptop & Accessory,2,Single,6,0,23,7,11,7,171
C008940,47,Mobile Phone,2,31,Debit Card,Female,5,4,Laptop & Accessory,1,Single,3,0,11,7,15,10,177
C008941,12,Mobile Phone,1,46,UPI,Male,1,1,Mobile Phone,2,Single,4,0,4,0,6,19,391
C008942,42,Computer,1,37,UPI,Female,1,2,Fashion,4,Single,2,1,13,9,14,29,235
C008943,51,Mobile Phone,1,8,Credit Card,Male,3,4,Fashion,2,Single,6,0,16,3,13,27,384
C008944,56,Computer,1,30,Credit Card,Male,4,1,Laptop & Accessory,5,Married,6,0,2,1,15,19,335
C008945,51,Mobile Phone,2,12,UPI,Male,3,6,Fashion,4,Single,6,0,20,6,2,14,67
C008946,6,Mobile Phone,2,24,Debit Card,Male,3,4,Grocery,3,Married,2,1,11,5,6,23,119
C008947,20,Mobile Phone,1,21,E wallet,Female,4,4,Others,3,Single,3,1,26,0,11,15,423
C008948,24,Mobile Phone,2,9,Cash on Delivery,Male,2,2,Others,5,Married,7,0,15,1,15,4,189
C008949,27,Mobile Phone,2,13,E wallet,Male,5,2,Grocery,3,Married,3,0,26,5,3,29,166
C008950,38,Mobile Phone,1,12,Cash on Delivery,Female,2,4,Fashion,3,Married,1,1,14,7,3,3,408
C008951,8,Computer,2,11,Debit Card,Female,2,4,Laptop & Accessory,1,Married,4,0,4,4,4,26,415
C008952,1,Computer,1,41,Credit Card,Male,5,6,Fashion,2,Married,4,1,12,0,4,3,115
C008953,54,Mobile Phone,2,40,UPI,Female,2,3,Mobile Phone,4,Married,1,0,8,3,3,16,375
C008954,49,Computer,3,7,Debit Card,Male,4,1,Mobile Phone,3,Married,1,0,2,5,10,13,489
C008955,49,Mobile Phone,1,12,Cash on Delivery,Female,2,5,Fashion,4,Single,2,1,4,3,1,0,263
C008956,24,Mobile Phone,2,9,UPI,Female,2,5,Grocery,5,Divorced,4,1,1,3,1,8,221
C008957,47,Mobile Phone,2,9,Cash on Delivery,Male,2,3,Mobile Phone,3,Married,4,0,30,4,8,30,437
C008958,7,Computer,1,21,E wallet,Male,4,6,Others,1,Married,7,0,1,1,13,29,231
C008959,19,Computer,2,31,E wallet,Male,3,4,Laptop & Accessory,4,Single,6,0,20,7,12,11,192
C008960,22,Computer,2,44,E wallet,Male,1,4,Grocery,5,Married,5,0,12,1,2,7,86
C008961,57,Mobile Phone,2,43,UPI,Male,5,3,Mobile Phone,1,Divorced,4,1,24,7,5,29,419
C008962,55,Mobile Phone,2,16,Credit Card,Female,5,5,Laptop & Accessory,2,Single,2,0,13,8,7,2,210
C008963,60,Computer,3,32,Credit Card,Female,4,2,Others,5,Married,2,0,28,0,11,6,335
C008964,35,Mobile Phone,3,8,Cash on Delivery,Female,1,2,Mobile Phone,1,Single,6,1,17,10,3,22,236
C008965,30,Mobile Phone,2,32,Credit Card,Female,2,6,Mobile Phone,4,Married,1,1,28,3,13,0,282
C008966,29,Mobile Phone,3,29,Credit Card,Male,5,4,Laptop & Accessory,1,Single,2,1,23,4,11,0,67
C008967,22,Mobile Phone,1,40,Cash on Delivery,Female,2,1,Laptop & Accessory,5,Married,7,0,12,2,8,13,345
C008968,11,Mobile Phone,2,46,Cash on Delivery,Female,4,5,Fashion,2,Married,2,0,2,4,2,25,447
C008969,20,Mobile Phone,1,7,Cash on Delivery,Female,4,1,Mobile Phone,2,Single,6,0,2,3,7,13,412
C008970,29,Mobile Phone,1,35,UPI,Female,4,4,Others,5,Single,5,1,12,2,4,6,476
C008971,51,Mobile Phone,2,41,Cash on Delivery,Male,3,6,Laptop & Accessory,4,Single,2,0,13,10,4,6,261
C008972,41,Mobile Phone,2,16,UPI,Male,4,6,Grocery,2,Married,3,0,17,9,13,4,277
C008973,42,Mobile Phone,2,41,UPI,Female,2,5,Mobile Phone,3,Divorced,3,0,3,3,13,11,295
C008974,34,Mobile Phone,2,41,UPI,Female,3,2,Grocery,3,Single,1,1,11,4,4,27,289
C008975,1,Mobile Phone,2,8,Cash on Delivery,Female,2,6,Mobile Phone,2,Married,4,0,28,0,15,21,162
C008976,31,Mobile Phone,2,34,Credit Card,Female,4,2,Laptop & Accessory,4,Single,4,0,6,8,9,29,214
C008977,30,Mobile Phone,1,42,Credit Card,Male,3,6,Fashion,4,Single,5,1,4,3,4,3,77
C008978,48,Computer,1,46,Cash on Delivery,Female,1,1,Mobile Phone,4,Single,2,0,2,3,4,0,66
C008979,18,Computer,1,42,Credit Card,Male,4,5,Laptop & Accessory,4,Married,6,0,26,3,13,26,276
C008980,55,Mobile Phone,2,31,Cash on Delivery,Female,3,6,Laptop & Accessory,4,Married,2,0,7,1,6,0,323
C008981,58,Mobile Phone,1,26,UPI,Male,3,4,Laptop & Accessory,1,Married,6,0,23,1,11,2,459
C008982,17,Computer,1,5,E wallet,Female,3,3,Grocery,2,Single,2,0,23,0,4,19,430
C008983,38,Mobile Phone,2,47,Debit Card,Male,5,6,Laptop & Accessory,5,Single,2,0,3,8,14,17,345
C008984,14,Mobile Phone,2,42,Cash on Delivery,Male,3,6,Grocery,3,Single,2,1,2,10,5,2,399
C008985,23,Mobile Phone,2,24,UPI,Male,1,6,Others,2,Divorced,3,1,7,2,4,4,175
C008986,25,Mobile Phone,1,22,E wallet,Female,4,6,Fashion,3,Single,7,0,5,7,2,29,116
C008987,15,Mobile Phone,2,10,UPI,Female,4,3,Laptop & Accessory,2,Single,5,0,6,9,11,13,495
C008988,46,Tablet,3,16,Debit Card,Male,4,3,Others,2,Single,1,1,13,2,5,25,401
C008989,56,Computer,3,21,Credit Card,Male,3,6,Laptop & Accessory,3,Married,1,0,16,10,10,10,478
C008990,22,Mobile Phone,2,26,Credit Card,Female,4,4,Others,4,Single,6,0,28,10,2,8,320
C008991,3,Mobile Phone,1,22,UPI,Female,1,3,Laptop & Accessory,3,Single,3,0,26,3,5,20,170
C008992,56,Mobile Phone,2,14,Debit Card,Male,5,1,Fashion,3,Married,2,0,9,1,5,1,374
C008993,55,Mobile Phone,1,28,UPI,Female,1,2,Laptop & Accessory,3,Married,2,0,29,0,14,26,354
C008994,19,Mobile Phone,1,24,Credit Card,Male,5,3,Grocery,4,Single,7,0,11,9,10,22,89
C008995,57,Mobile Phone,1,16,UPI,Female,4,2,Laptop & Accessory,2,Married,4,1,29,8,5,3,107
C008996,44,Mobile Phone,3,8,E wallet,Female,2,6,Mobile Phone,5,Single,6,0,5,3,10,28,223
C008997,34,Mobile Phone,2,46,Debit Card,Male,5,6,Grocery,5,Married,1,0,2,1,9,9,265
C008998,35,Mobile Phone,2,9,Credit Card,Female,1,1,Others,2,Married,4,0,6,8,11,6,350
C008999,50,Tablet,2,30,UPI,Female,1,5,Laptop & Accessory,3,Single,6,0,2,4,1,18,298
C009000,1,Mobile Phone,1,40,Debit Card,Female,2,6,Laptop & Accessory,2,Married,7,0,1,1,14,6,220
C009001,52,Tablet,2,20,UPI,Male,5,5,Laptop & Accessory,1,Married,1,0,18,5,10,26,122
C009002,21,Mobile Phone,2,9,Credit Card,Male,5,4,Mobile Phone,2,Divorced,4,0,9,10,14,1,75
C009003,29,Mobile Phone,2,30,Debit Card,Female,1,2,Fashion,1,Married,2,0,22,8,5,4,392
C009004,6,Mobile Phone,3,23,Credit Card,Male,5,4,Fashion,5,Single,2,0,16,8,8,7,459
C009005,37,Mobile Phone,1,10,E wallet,Female,2,3,Grocery,5,Single,2,0,8,1,12,29,142
C009006,1,Mobile Phone,3,28,E wallet,Male,5,4,Grocery,5,Married,5,0,7,4,3,7,349
C009007,51,Computer,2,35,Cash on Delivery,Male,5,6,Mobile Phone,3,Single,4,0,8,2,5,8,172
C009008,1,Tablet,2,35,Debit Card,Female,2,1,Mobile Phone,1,Single,5,0,2,4,5,25,390
C009009,27,Mobile Phone,2,11,E wallet,Female,4,4,Mobile Phone,1,Married,5,0,8,8,10,8,240
C009010,21,Mobile Phone,3,14,Cash on Delivery,Female,5,6,Others,1,Married,4,0,11,8,2,18,309
C009011,53,Mobile Phone,1,43,Debit Card,Male,1,3,Mobile Phone,2,Single,2,0,2,0,8,2,406
C009012,16,Mobile Phone,2,26,Credit Card,Female,3,3,Mobile Phone,3,Married,7,1,4,7,15,5,183
C009013,44,Mobile Phone,2,18,UPI,Female,1,1,Mobile Phone,5,Married,3,0,20,2,3,28,68
C009014,59,Mobile Phone,1,32,UPI,Female,1,2,Mobile Phone,2,Married,7,0,24,7,14,24,225
C009015,54,Mobile Phone,1,46,Credit Card,Male,4,5,Fashion,3,Single,7,0,27,7,2,17,278
C009016,40,Mobile Phone,3,26,E wallet,Male,4,1,Laptop & Accessory,5,Single,6,0,0,8,11,10,54
C009017,26,Mobile Phone,1,36,UPI,Male,1,5,Laptop & Accessory,1,Married,1,1,1,9,7,11,360
C009018,16,Mobile Phone,1,15,Credit Card,Female,5,1,Fashion,1,Single,4,0,10,1,4,9,78
C009019,28,Mobile Phone,3,18,Cash on Delivery,Female,1,1,Mobile Phone,1,Married,2,0,21,10,12,28,196
C009020,1,Tablet,2,35,Cash on Delivery,Male,5,4,Others,4,Single,5,0,4,2,6,27,165
C009021,36,Mobile Phone,1,48,Credit Card,Female,2,4,Others,1,Single,2,0,27,1,8,18,184
C009022,10,Computer,2,8,Debit Card,Male,2,4,Grocery,5,Married,6,0,29,9,8,2,62
C009023,43,Computer,2,49,E wallet,Male,4,1,Laptop & Accessory,2,Single,4,0,30,6,12,6,397
C009024,17,Tablet,3,26,E wallet,Male,3,4,Grocery,2,Married,4,0,15,5,9,25,491
C009025,57,Computer,2,33,Credit Card,Male,3,6,Mobile Phone,4,Single,1,0,19,9,4,12,305
C009026,59,Mobile Phone,3,39,UPI,Male,4,1,Grocery,4,Single,1,0,2,9,3,2,347
C009027,23,Computer,1,17,E wallet,Female,2,4,Mobile Phone,5,Single,4,0,0,3,10,18,403
C009028,7,Mobile Phone,2,24,E wallet,Female,4,5,Grocery,3,Married,6,0,8,10,4,27,452
C009029,44,Mobile Phone,1,23,Cash on Delivery,Male,2,2,Fashion,4,Married,1,0,0,10,12,18,423
C009030,53,Tablet,1,19,Cash on Delivery,Female,5,4,Mobile Phone,4,Single,5,0,22,10,14,2,384
C009031,7,Computer,2,30,Cash on Delivery,Male,2,3,Others,5,Divorced,2,0,4,10,14,4,310
C009032,44,Tablet,1,24,E wallet,Female,2,6,Mobile Phone,2,Single,3,0,17,8,3,12,54
C009033,15,Computer,2,40,E wallet,Male,2,2,Others,5,Married,2,0,3,0,13,8,62
C009034,34,Computer,3,10,E wallet,Female,3,3,Others,1,Single,6,0,9,0,13,27,473
C009035,46,Computer,1,19,UPI,Male,2,2,Grocery,3,Married,2,0,26,8,1,27,235
C009036,45,Computer,1,8,UPI,Male,1,4,Laptop & Accessory,4,Married,4,0,14,4,12,28,428
C009037,4,Mobile Phone,2,10,UPI,Male,5,5,Laptop & Accessory,3,Married,6,0,1,4,3,20,101
C009038,14,Computer,3,6,Debit Card,Male,3,4,Laptop & Accessory,5,Married,3,1,22,0,3,18,471
C009039,14,Computer,2,40,E wallet,Male,1,6,Others,2,Married,1,0,3,1,10,11,240
C009040,16,Computer,2,19,E wallet,Female,3,1,Laptop & Accessory,3,Single,7,0,7,2,11,25,471
C009041,7,Mobile Phone,1,16,Credit Card,Male,3,3,Mobile Phone,4,Married,1,0,0,7,11,1,494
C009042,32,Mobile Phone,1,44,Credit Card,Female,1,2,Mobile Phone,1,Married,7,0,8,3,6,19,61
C009043,19,Mobile Phone,2,48,Debit Card,Male,4,5,Mobile Phone,3,Married,2,0,7,0,15,15,430
C009044,2,Computer,1,45,Credit Card,Male,4,3,Others,5,Single,4,1,14,7,4,21,347
C009045,10,Mobile Phone,3,11,UPI,Female,2,5,Others,5,Single,3,1,28,0,3,0,355
C009046,50,Mobile Phone,2,26,Debit Card,Male,1,3,Laptop & Accessory,3,Married,4,1,6,1,14,23,50
C009047,17,Mobile Phone,2,12,Debit Card,Male,2,4,Grocery,5,Single,3,0,28,7,8,23,274
C009048,37,Computer,3,46,Debit Card,Male,4,6,Others,3,Single,6,0,13,7,9,7,369
C009049,12,Computer,3,15,Cash on Delivery,Male,1,1,Fashion,3,Single,3,0,29,9,13,21,53
C009050,6,Computer,2,6,Credit Card,Male,1,3,Mobile Phone,2,Married,1,0,12,0,4,14,178
C009051,22,Mobile Phone,3,34,E wallet,Male,1,5,Mobile Phone,5,Married,2,0,23,1,5,14,276
C009052,32,Mobile Phone,3,8,Cash on Delivery,Female,2,4,Laptop & Accessory,2,Single,1,0,19,7,12,27,91
C009053,41,Mobile Phone,3,29,UPI,Male,3,2,Grocery,5,Married,4,0,22,10,5,3,73
C009054,20,Mobile Phone,3,25,Cash on Delivery,Female,3,2,Mobile Phone,2,Single,1,0,4,3,6,17,326
C009055,1,Computer,2,29,UPI,Male,3,6,Others,1,Single,2,0,6,9,9,21,214
C009056,54,Mobile Phone,2,13,E wallet,Male,1,4,Grocery,5,Married,5,1,4,8,8,1,67
C009057,47,Mobile Phone,1,12,E wallet,Female,4,6,Mobile Phone,2,Single,1,0,1,2,13,24,221
C009058,53,Mobile Phone,1,9,Credit Card,Female,2,2,Laptop & Accessory,1,Single,4,0,25,10,5,24,52
C009059,58,Mobile Phone,1,50,Cash on Delivery,Male,2,5,Laptop & Accessory,1,Single,2,0,9,7,11,27,206
C009060,6,Computer,1,32,E wallet,Female,4,6,Laptop & Accessory,1,Single,4,0,12,9,10,1,435
C009061,19,Mobile Phone,2,6,UPI,Male,3,1,Others,2,Single,6,0,20,6,7,20,482
C009062,18,Computer,1,25,E wallet,Male,5,6,Laptop & Accessory,1,Married,3,1,2,7,2,26,393
C009063,6,Mobile Phone,3,12,Credit Card,Male,4,4,Fashion,4,Married,2,0,20,8,6,0,139
C009064,45,Mobile Phone,3,38,UPI,Female,3,1,Others,5,Single,3,0,13,3,14,28,218
C009065,33,Mobile Phone,1,27,Debit Card,Female,1,1,Fashion,4,Single,2,0,28,9,1,23,105
C009066,23,Mobile Phone,1,19,Credit Card,Female,4,4,Laptop & Accessory,4,Married,5,0,20,4,14,24,479
C009067,23,Computer,3,31,Credit Card,Female,3,3,Grocery,5,Married,5,0,15,6,10,12,200
C009068,26,Mobile Phone,3,6,Debit Card,Male,2,5,Others,4,Divorced,2,0,30,5,1,12,353
C009069,13,Mobile Phone,3,32,E wallet,Female,5,4,Fashion,1,Single,3,0,21,2,1,3,344
C009070,7,Mobile Phone,3,15,Credit Card,Female,5,5,Others,3,Divorced,6,0,7,7,14,12,92
C009071,15,Mobile Phone,3,50,Debit Card,Female,5,1,Fashion,4,Single,3,1,23,10,2,13,283
C009072,44,Computer,2,25,Debit Card,Male,3,1,Others,5,Single,4,1,13,1,14,4,151
C009073,27,Mobile Phone,1,46,Credit Card,Male,3,3,Mobile Phone,2,Married,2,1,17,10,5,25,347
C009074,26,Mobile Phone,3,36,Cash on Delivery,Male,1,1,Fashion,2,Married,3,0,5,0,13,20,270
C009075,33,Computer,1,36,Credit Card,Female,5,4,Fashion,1,Single,2,1,23,5,13,9,209
C009076,15,Mobile Phone,3,11,Cash on Delivery,Male,2,5,Others,4,Single,5,0,28,9,13,14,197
C009077,36,Mobile Phone,2,26,E wallet,Male,5,3,Grocery,3,Single,3,0,25,0,2,13,495
C009078,45,Mobile Phone,3,18,Debit Card,Male,4,6,Mobile Phone,2,Single,3,0,1,0,6,16,185
C009079,55,Mobile Phone,1,17,UPI,Female,4,4,Fashion,3,Married,5,0,11,8,1,1,137
C009080,27,Computer,2,25,Credit Card,Female,2,5,Laptop & Accessory,1,Married,6,1,4,10,12,1,184
C009081,57,Mobile Phone,2,26,UPI,Male,3,5,Laptop & Accessory,5,Divorced,4,0,1,0,9,15,111
C009082,5,Tablet,3,38,E wallet,Male,5,2,Others,5,Married,2,0,9,8,8,24,496
C009083,2,Mobile Phone,1,14,Credit Card,Male,4,2,Grocery,1,Single,2,1,1,2,9,6,459
C009084,55,Tablet,3,5,UPI,Male,2,4,Mobile Phone,3,Divorced,2,0,12,1,12,1,67
C009085,58,Mobile Phone,3,5,E wallet,Male,1,3,Fashion,3,Married,7,0,2,2,11,21,279
C009086,33,Mobile Phone,2,28,Cash on Delivery,Female,4,5,Laptop & Accessory,3,Single,2,0,4,1,11,25,234
C009087,16,Mobile Phone,3,7,E wallet,Male,4,5,Fashion,1,Single,6,1,21,1,13,28,218
C009088,23,Mobile Phone,2,35,Credit Card,Male,5,4,Laptop & Accessory,2,Single,1,0,20,0,8,25,232
C009089,38,Computer,1,47,Credit Card,Male,3,3,Others,2,Divorced,5,0,26,3,6,28,99
C009090,55,Computer,1,45,Credit Card,Female,4,6,Others,4,Single,7,0,23,4,10,19,73
C009091,16,Mobile Phone,3,17,E wallet,Female,4,1,Fashion,5,Married,7,0,6,3,3,19,57
C009092,14,Mobile Phone,2,8,Credit Card,Male,5,6,Others,5,Married,4,0,15,0,7,9,442
C009093,29,Mobile Phone,1,27,E wallet,Female,3,3,Mobile Phone,4,Divorced,5,0,20,1,7,0,58
C009094,26,Tablet,2,10,Debit Card,Female,1,1,Others,3,Single,2,0,7,2,12,8,324
C009095,35,Computer,2,38,Debit Card,Female,1,5,Mobile Phone,1,Divorced,7,1,3,0,7,18,103
C009096,15,Mobile Phone,1,45,Debit Card,Male,1,2,Others,5,Single,1,1,3,9,7,21,164
C009097,3,Computer,2,22,UPI,Male,1,2,Fashion,3,Married,1,0,5,2,3,26,111
C009098,23,Computer,1,40,Debit Card,Male,3,4,Mobile Phone,2,Divorced,5,0,30,5,8,30,177
C009099,29,Mobile Phone,1,30,Debit Card,Male,1,6,Grocery,3,Married,3,0,4,8,10,16,193
C009100,34,Computer,2,37,E wallet,Male,5,3,Fashion,4,Married,7,0,11,1,15,30,147
C009101,33,Mobile Phone,2,37,E wallet,Female,5,3,Mobile Phone,1,Married,6,0,5,6,11,20,242
C009102,41,Mobile Phone,1,29,Credit Card,Female,5,1,Laptop & Accessory,5,Single,4,0,1,5,6,1,352
C009103,41,Mobile Phone,2,21,Credit Card,Female,1,4,Laptop & Accessory,4,Single,7,0,0,5,1,15,429
C009104,23,Mobile Phone,1,7,Credit Card,Male,5,3,Grocery,2,Single,1,0,29,0,1,22,174
C009105,7,Mobile Phone,1,26,E wallet,Female,5,4,Laptop & Accessory,2,Married,6,0,28,9,1,23,389
C009106,3,Mobile Phone,1,39,E wallet,Male,2,1,Fashion,1,Married,2,1,22,1,9,10,227
C009107,58,Computer,1,8,Debit Card,Male,1,6,Mobile Phone,5,Married,7,0,13,3,9,9,430
C009108,32,Mobile Phone,1,32,Cash on Delivery,Female,5,5,Fashion,2,Single,3,0,10,2,8,9,205
C009109,31,Mobile Phone,3,17,E wallet,Female,3,4,Others,4,Married,7,0,17,2,8,20,77
C009110,18,Computer,2,34,Cash on Delivery,Male,5,2,Others,2,Single,7,0,2,10,5,27,262
C009111,43,Mobile Phone,1,16,E wallet,Female,2,5,Laptop & Accessory,5,Single,4,0,18,10,5,24,279
C009112,7,Mobile Phone,1,7,E wallet,Female,3,3,Grocery,3,Single,2,0,24,9,5,21,252
C009113,41,Tablet,1,25,UPI,Female,3,6,Grocery,2,Married,5,0,15,3,12,2,393
C009114,1,Computer,3,44,Cash on Delivery,Male,4,1,Others,2,Married,6,0,3,5,6,14,317
C009115,14,Mobile Phone,1,5,UPI,Male,2,1,Grocery,2,Divorced,1,1,30,6,4,18,331
C009116,52,Mobile Phone,1,22,Debit Card,Female,2,2,Grocery,3,Married,5,0,21,10,5,3,279
C009117,32,Tablet,2,17,UPI,Female,5,4,Laptop & Accessory,5,Divorced,3,0,26,2,8,14,237
C009118,6,Mobile Phone,2,11,UPI,Male,2,2,Fashion,4,Married,1,1,7,8,3,22,186
C009119,39,Mobile Phone,1,17,Debit Card,Male,3,4,Fashion,5,Single,2,0,21,9,2,21,159
C009120,10,Mobile Phone,2,21,Cash on Delivery,Male,3,2,Mobile Phone,1,Married,3,0,12,0,8,3,373
C009121,7,Mobile Phone,1,49,Credit Card,Male,5,2,Fashion,4,Married,4,0,5,0,9,21,181
C009122,26,Computer,1,36,E wallet,Female,3,1,Fashion,3,Married,6,0,28,2,6,18,481
C009123,34,Computer,2,33,Cash on Delivery,Male,5,4,Laptop & Accessory,1,Single,2,0,15,0,6,8,256
C009124,30,Tablet,2,49,Debit Card,Male,4,2,Laptop & Accessory,2,Single,7,1,9,9,3,30,479
C009125,36,Computer,2,34,UPI,Female,2,6,Fashion,2,Married,4,0,13,4,5,10,213
C009126,21,Mobile Phone,1,15,Credit Card,Female,2,6,Mobile Phone,5,Divorced,1,0,1,2,10,7,251
C009127,60,Mobile Phone,2,18,UPI,Female,2,3,Fashion,3,Single,4,0,23,3,5,0,397
C009128,17,Tablet,1,14,E wallet,Male,4,6,Fashion,3,Married,6,1,26,4,13,21,280
C009129,33,Mobile Phone,2,12,Debit Card,Male,2,6,Others,2,Single,1,0,0,2,7,14,379
C009130,10,Mobile Phone,2,35,Credit Card,Female,4,6,Mobile Phone,2,Divorced,4,0,13,6,6,1,91
C009131,51,Computer,1,10,Cash on Delivery,Male,4,1,Fashion,3,Married,5,1,15,2,14,14,321
C009132,47,Mobile Phone,2,23,Cash on Delivery,Male,5,1,Laptop & Accessory,3,Single,6,0,22,8,6,28,63
C009133,42,Mobile Phone,2,23,Debit Card,Male,1,1,Fashion,5,Single,5,1,14,2,4,14,421
C009134,51,Computer,1,16,Debit Card,Female,1,1,Grocery,2,Divorced,3,1,27,10,6,10,224
C009135,12,Tablet,3,43,UPI,Female,5,2,Others,3,Married,6,0,24,8,3,17,437
C009136,56,Mobile Phone,3,22,Credit Card,Male,5,6,Others,1,Married,6,1,24,4,9,9,213
C009137,16,Computer,1,7,E wallet,Male,5,2,Others,1,Single,4,0,25,3,7,22,472
C009138,41,Mobile Phone,3,13,Debit Card,Male,2,6,Mobile Phone,1,Single,1,1,11,6,11,18,241
C009139,32,Mobile Phone,2,10,Credit Card,Male,3,1,Others,4,Married,2,0,18,1,12,16,365
C009140,15,Computer,2,5,Debit Card,Male,5,2,Fashion,1,Married,1,0,16,4,14,26,219
C009141,27,Tablet,3,46,Debit Card,Female,4,2,Mobile Phone,3,Married,5,0,14,8,5,28,91
C009142,28,Mobile Phone,2,44,Cash on Delivery,Female,1,4,Grocery,4,Married,6,0,7,2,4,9,313
C009143,17,Mobile Phone,1,33,Credit Card,Male,2,3,Laptop & Accessory,2,Single,2,1,18,7,7,24,264
C009144,46,Mobile Phone,3,39,Cash on Delivery,Female,3,4,Others,3,Married,4,0,23,2,6,26,279
C009145,59,Mobile Phone,1,39,Cash on Delivery,Male,1,5,Fashion,1,Married,6,0,9,2,13,21,173
C009146,50,Mobile Phone,1,34,Credit Card,Male,1,4,Mobile Phone,2,Single,6,0,26,2,15,16,163
C009147,58,Mobile Phone,1,39,Cash on Delivery,Male,1,3,Fashion,1,Divorced,5,1,22,5,4,29,474
C009148,2,Mobile Phone,3,43,UPI,Female,4,3,Others,5,Married,4,0,23,6,3,24,76
C009149,36,Mobile Phone,3,26,E wallet,Female,4,4,Laptop & Accessory,4,Single,5,0,30,6,9,14,94
C009150,50,Mobile Phone,1,47,E wallet,Female,4,6,Mobile Phone,2,Divorced,4,0,20,0,2,2,457
C009151,7,Computer,3,32,UPI,Female,3,4,Fashion,1,Divorced,5,0,19,7,5,8,327
C009152,13,Mobile Phone,1,22,Debit Card,Female,1,6,Mobile Phone,5,Divorced,3,1,8,5,8,1,268
C009153,15,Mobile Phone,3,36,Cash on Delivery,Female,5,5,Others,4,Married,1,0,17,6,13,0,457
C009154,25,Computer,2,9,E wallet,Male,3,6,Others,1,Single,1,0,2,10,13,22,188
C009155,23,Computer,1,38,Credit Card,Male,4,1,Grocery,3,Divorced,7,0,17,4,1,9,385
C009156,60,Mobile Phone,1,35,Debit Card,Male,4,3,Grocery,5,Married,4,0,12,6,4,28,289
C009157,22,Mobile Phone,1,50,E wallet,Male,4,1,Others,2,Married,4,0,1,0,3,1,486
C009158,26,Computer,1,37,Cash on Delivery,Female,2,6,Mobile Phone,1,Divorced,2,0,3,0,15,13,77
C009159,33,Mobile Phone,3,8,E wallet,Female,1,5,Fashion,2,Single,2,0,21,9,8,18,60
C009160,11,Computer,1,18,Cash on Delivery,Male,5,2,Fashion,3,Divorced,1,0,30,7,15,29,229
C009161,10,Mobile Phone,3,19,Debit Card,Female,1,2,Mobile Phone,2,Married,1,0,19,5,14,6,389
C009162,25,Mobile Phone,2,24,UPI,Female,3,6,Laptop & Accessory,5,Married,3,0,6,1,1,0,82
C009163,37,Mobile Phone,2,24,Cash on Delivery,Female,2,1,Mobile Phone,4,Married,4,0,11,5,5,7,312
C009164,48,Computer,1,39,Cash on Delivery,Female,3,4,Others,1,Married,4,0,14,3,15,6,315
C009165,43,Computer,3,8,Debit Card,Female,4,3,Others,4,Single,1,0,28,2,15,13,430
C009166,53,Mobile Phone,2,22,Debit Card,Female,4,1,Grocery,1,Divorced,4,0,15,9,6,2,222
C009167,38,Mobile Phone,3,28,Credit Card,Male,5,4,Fashion,2,Single,2,0,7,8,11,11,225
C009168,41,Mobile Phone,3,31,Debit Card,Female,1,5,Grocery,2,Divorced,4,0,22,10,8,13,283
C009169,45,Mobile Phone,1,37,E wallet,Female,3,4,Fashion,5,Married,2,0,19,3,2,20,180
C009170,24,Computer,1,29,Cash on Delivery,Male,4,5,Mobile Phone,2,Divorced,5,1,12,9,1,10,182
C009171,40,Mobile Phone,3,9,UPI,Male,5,1,Laptop & Accessory,3,Single,4,0,0,5,10,29,279
C009172,46,Computer,3,22,Debit Card,Male,5,2,Fashion,5,Married,5,0,4,9,7,27,50
C009173,56,Mobile Phone,2,49,Cash on Delivery,Male,3,6,Laptop & Accessory,1,Married,7,0,18,2,12,17,213
C009174,33,Computer,1,50,UPI,Male,1,3,Laptop & Accessory,2,Married,7,0,6,5,14,1,317
C009175,17,Computer,2,24,Credit Card,Male,2,1,Laptop & Accessory,1,Single,1,0,3,9,7,8,336
C009176,24,Mobile Phone,1,39,E wallet,Male,5,2,Mobile Phone,2,Divorced,4,0,25,7,9,25,218
C009177,37,Mobile Phone,1,10,Credit Card,Male,3,5,Laptop & Accessory,5,Divorced,7,0,4,1,9,1,275
C009178,57,Mobile Phone,2,31,Debit Card,Male,4,3,Laptop & Accessory,3,Married,6,0,8,5,15,14,414
C009179,2,Mobile Phone,1,32,E wallet,Female,2,4,Others,1,Single,6,0,18,5,4,8,344
C009180,32,Mobile Phone,2,15,Credit Card,Female,2,1,Others,4,Married,3,1,24,4,8,27,158
C009181,57,Mobile Phone,3,13,Cash on Delivery,Male,1,4,Fashion,2,Single,6,0,0,10,6,10,257
C009182,60,Tablet,3,32,Debit Card,Male,3,3,Others,5,Married,6,0,10,8,11,28,438
C009183,24,Mobile Phone,3,23,Credit Card,Male,1,1,Fashion,1,Married,6,0,3,4,10,29,370
C009184,9,Computer,3,43,E wallet,Female,5,1,Laptop & Accessory,5,Single,6,0,17,9,13,20,411
C009185,4,Computer,1,25,E wallet,Male,5,6,Others,1,Married,3,0,6,7,4,0,454
C009186,17,Computer,3,35,UPI,Female,3,4,Grocery,3,Married,6,0,18,2,8,19,251
C009187,17,Mobile Phone,3,46,E wallet,Female,4,4,Mobile Phone,2,Single,5,0,19,1,9,25,185
C009188,53,Mobile Phone,3,11,E wallet,Female,5,2,Others,1,Married,7,1,22,8,9,19,197
C009189,50,Mobile Phone,2,41,Debit Card,Female,5,6,Mobile Phone,4,Married,3,0,27,2,8,8,340
C009190,48,Mobile Phone,1,29,E wallet,Male,4,4,Others,2,Married,2,0,28,7,15,15,143
C009191,30,Mobile Phone,1,32,UPI,Male,2,5,Others,2,Married,1,1,5,1,4,18,355
C009192,40,Computer,1,40,E wallet,Male,3,2,Grocery,5,Married,6,1,11,9,6,25,94
C009193,58,Mobile Phone,3,21,UPI,Male,2,4,Laptop & Accessory,2,Single,6,0,26,5,9,28,94
C009194,11,Mobile Phone,2,30,Cash on Delivery,Male,1,1,Fashion,1,Single,7,0,15,9,15,7,480
C009195,21,Tablet,3,32,UPI,Female,4,4,Others,3,Single,2,0,13,1,4,26,205
C009196,21,Mobile Phone,2,41,Debit Card,Female,3,6,Others,1,Single,1,0,3,3,14,9,332
C009197,18,Mobile Phone,2,21,Credit Card,Male,4,3,Mobile Phone,2,Married,3,0,22,3,9,14,399
C009198,55,Computer,1,21,Credit Card,Female,4,2,Laptop & Accessory,4,Single,1,0,29,7,5,14,487
C009199,29,Mobile Phone,1,37,Cash on Delivery,Female,2,1,Others,4,Single,6,0,12,9,9,17,86
C009200,24,Mobile Phone,2,38,Debit Card,Male,2,4,Others,1,Married,2,0,28,4,1,18,340
C009201,10,Mobile Phone,2,27,Cash on Delivery,Female,1,3,Fashion,1,Married,5,0,25,8,15,23,196
C009202,45,Computer,1,34,Cash on Delivery,Female,3,2,Laptop & Accessory,1,Single,5,0,29,10,5,12,496
C009203,17,Mobile Phone,3,31,E wallet,Male,4,2,Laptop & Accessory,1,Single,4,0,21,2,1,13,486
C009204,18,Mobile Phone,1,13,E wallet,Female,1,2,Others,5,Single,6,0,23,3,15,29,411
C009205,42,Mobile Phone,3,24,Debit Card,Male,4,1,Laptop & Accessory,1,Married,2,0,10,0,1,11,346
C009206,48,Mobile Phone,1,27,Credit Card,Female,1,4,Laptop & Accessory,5,Single,2,0,29,9,5,6,296
C009207,20,Mobile Phone,2,23,UPI,Female,4,1,Fashion,2,Married,7,0,26,9,15,6,495
C009208,37,Mobile Phone,1,41,E wallet,Male,2,5,Grocery,1,Single,5,0,25,8,11,3,151
C009209,45,Mobile Phone,3,49,Debit Card,Female,5,4,Fashion,1,Single,3,0,15,7,10,15,181
C009210,18,Mobile Phone,2,8,Debit Card,Female,1,5,Grocery,4,Divorced,5,0,10,6,1,27,500
C009211,17,Mobile Phone,2,17,Credit Card,Male,1,4,Fashion,2,Single,4,0,24,4,9,3,251
C009212,9,Mobile Phone,3,42,Debit Card,Female,5,2,Others,2,Married,4,0,20,7,10,14,424
C009213,14,Mobile Phone,1,16,Debit Card,Female,2,1,Fashion,1,Single,2,0,29,10,13,2,124
C009214,49,Mobile Phone,1,13,Credit Card,Male,1,5,Laptop & Accessory,2,Married,2,0,5,1,14,11,94
C009215,29,Mobile Phone,3,19,E wallet,Male,2,2,Laptop & Accessory,3,Single,4,0,24,2,9,27,461
C009216,31,Computer,2,25,Credit Card,Female,4,2,Mobile Phone,4,Married,2,0,19,4,1,30,373
C009217,4,Computer,1,19,Cash on Delivery,Female,4,6,Others,2,Married,6,0,9,10,7,25,483
C009218,18,Mobile Phone,2,9,E wallet,Male,5,5,Laptop & Accessory,3,Married,1,0,6,8,10,30,216
C009219,59,Mobile Phone,1,9,Cash on Delivery,Female,3,4,Others,1,Married,4,0,13,2,6,11,436
C009220,20,Mobile Phone,1,29,Debit Card,Male,2,5,Fashion,4,Single,4,0,0,5,2,16,83
C009221,56,Mobile Phone,2,28,Cash on Delivery,Female,3,1,Laptop & Accessory,4,Married,2,0,11,0,6,3,416
C009222,56,Mobile Phone,3,41,Credit Card,Male,3,3,Others,4,Single,1,0,26,10,14,25,262
C009223,47,Mobile Phone,2,35,Credit Card,Male,2,4,Fashion,3,Single,7,0,10,6,1,10,74
C009224,43,Computer,2,50,UPI,Male,3,2,Grocery,5,Single,6,1,11,4,8,0,350
C009225,44,Mobile Phone,3,38,Debit Card,Male,1,6,Mobile Phone,4,Married,4,1,19,1,14,25,116
C009226,9,Mobile Phone,1,45,Credit Card,Female,4,5,Fashion,3,Married,7,0,11,2,5,7,386
C009227,13,Computer,2,18,E wallet,Female,5,6,Grocery,5,Single,1,0,27,10,7,22,258
C009228,15,Mobile Phone,3,31,Credit Card,Male,2,6,Others,3,Divorced,4,1,11,9,10,13,136
C009229,27,Mobile Phone,1,8,E wallet,Male,5,3,Grocery,3,Single,1,1,15,9,10,10,194
C009230,15,Tablet,1,27,Debit Card,Male,4,6,Laptop & Accessory,3,Married,5,0,14,1,2,21,134
C009231,28,Computer,3,42,UPI,Female,5,5,Others,4,Divorced,4,0,29,1,7,8,164
C009232,37,Computer,3,50,UPI,Male,2,3,Mobile Phone,1,Single,7,0,25,7,9,9,298
C009233,55,Mobile Phone,1,9,Cash on Delivery,Female,5,4,Mobile Phone,4,Single,1,1,27,3,6,8,323
C009234,19,Mobile Phone,1,31,Credit Card,Female,3,5,Others,4,Married,5,0,23,0,4,3,359
C009235,26,Computer,1,47,Debit Card,Male,3,5,Laptop & Accessory,4,Married,7,0,10,5,15,21,200
C009236,52,Mobile Phone,1,18,Cash on Delivery,Female,4,3,Others,4,Single,2,1,2,7,2,16,322
C009237,26,Computer,2,11,Debit Card,Female,3,1,Others,5,Single,7,0,1,4,10,30,126
C009238,25,Mobile Phone,2,50,Debit Card,Male,5,6,Others,5,Single,3,0,11,1,9,30,433
C009239,26,Mobile Phone,3,49,Cash on Delivery,Female,1,2,Fashion,3,Married,1,0,28,9,1,7,355
C009240,26,Tablet,1,22,Debit Card,Male,5,3,Mobile Phone,2,Married,7,0,18,4,6,5,108
C009241,46,Mobile Phone,3,36,Cash on Delivery,Female,1,6,Mobile Phone,2,Single,5,0,22,5,13,11,64
C009242,28,Mobile Phone,1,6,Credit Card,Male,5,5,Laptop & Accessory,1,Single,6,0,11,0,11,19,348
C009243,49,Mobile Phone,1,45,Cash on Delivery,Female,1,3,Mobile Phone,3,Married,4,1,20,2,14,8,230
C009244,18,Mobile Phone,2,47,Credit Card,Female,1,3,Laptop & Accessory,1,Single,5,0,23,9,5,7,490
C009245,32,Mobile Phone,1,24,UPI,Female,2,5,Laptop & Accessory,5,Married,3,0,12,1,11,19,452
C009246,53,Mobile Phone,1,33,Cash on Delivery,Male,2,5,Mobile Phone,4,Married,3,0,0,0,4,19,381
C009247,3,Mobile Phone,3,47,UPI,Female,5,1,Others,1,Single,3,0,6,5,8,28,202
C009248,2,Computer,1,30,Cash on Delivery,Female,3,1,Others,1,Single,2,0,4,3,9,3,415
C009249,33,Mobile Phone,2,42,Debit Card,Female,2,1,Fashion,5,Divorced,6,0,20,5,12,0,488
C009250,42,Tablet,1,5,UPI,Male,1,6,Laptop & Accessory,3,Single,1,0,10,3,13,10,366
C009251,19,Mobile Phone,1,9,E wallet,Male,5,5,Grocery,4,Single,7,1,12,3,14,2,232
C009252,17,Mobile Phone,2,18,E wallet,Male,3,4,Grocery,4,Single,6,1,4,3,9,8,425
C009253,44,Mobile Phone,3,29,E wallet,Female,5,1,Mobile Phone,3,Single,4,0,7,6,4,10,382
C009254,33,Computer,2,13,UPI,Female,1,2,Mobile Phone,5,Single,1,0,18,7,12,27,371
C009255,12,Tablet,2,34,Credit Card,Male,2,6,Grocery,5,Married,1,0,16,4,12,2,226
C009256,49,Computer,3,23,Cash on Delivery,Male,2,6,Fashion,1,Married,7,0,16,0,15,15,159
C009257,56,Mobile Phone,3,44,Debit Card,Female,4,4,Laptop & Accessory,2,Married,7,1,15,5,4,5,67
C009258,3,Mobile Phone,1,12,Debit Card,Female,4,1,Laptop & Accessory,2,Single,2,0,7,10,6,20,403
C009259,43,Computer,2,20,UPI,Female,5,2,Mobile Phone,5,Single,7,0,29,0,1,8,357
C009260,49,Computer,2,12,E wallet,Male,5,5,Mobile Phone,3,Divorced,4,1,11,2,10,17,211
C009261,55,Tablet,2,27,Debit Card,Female,3,2,Others,3,Single,6,0,27,5,2,19,177
C009262,26,Mobile Phone,2,13,Debit Card,Male,2,1,Fashion,2,Divorced,2,0,28,3,11,18,454
C009263,35,Tablet,1,36,Credit Card,Male,2,3,Laptop & Accessory,3,Married,4,0,20,10,8,25,220
C009264,8,Mobile Phone,2,41,Debit Card,Male,4,3,Others,3,Married,6,0,3,1,5,28,324
C009265,52,Mobile Phone,2,38,Debit Card,Male,1,2,Grocery,4,Single,5,0,19,7,13,13,187
C009266,36,Mobile Phone,2,50,Cash on Delivery,Female,1,5,Others,3,Married,6,0,4,5,10,23,83
C009267,53,Mobile Phone,3,22,Debit Card,Male,4,4,Grocery,4,Married,6,0,6,2,9,2,255
C009268,54,Computer,3,49,Cash on Delivery,Female,5,3,Grocery,4,Single,4,0,29,7,5,12,101
C009269,7,Computer,2,48,E wallet,Male,2,6,Laptop & Accessory,2,Single,2,0,5,1,15,27,497
C009270,46,Computer,2,19,Credit Card,Male,2,4,Others,4,Married,5,1,6,7,11,6,313
C009271,46,Mobile Phone,2,19,Debit Card,Male,2,5,Laptop & Accessory,5,Married,4,0,10,8,11,11,278
C009272,36,Mobile Phone,2,33,Credit Card,Male,1,3,Fashion,1,Married,3,0,26,5,8,0,466
C009273,16,Computer,3,27,Credit Card,Female,5,5,Fashion,4,Married,2,0,10,10,13,8,147
C009274,24,Mobile Phone,2,27,Credit Card,Female,1,1,Fashion,5,Married,5,0,19,7,6,0,193
C009275,54,Computer,1,5,UPI,Female,5,4,Fashion,5,Single,3,0,0,9,1,30,497
C009276,1,Mobile Phone,2,26,Cash on Delivery,Female,4,1,Grocery,3,Single,5,0,14,7,8,10,254
C009277,49,Mobile Phone,2,11,Credit Card,Male,5,5,Fashion,5,Married,6,0,3,7,7,3,408
C009278,25,Mobile Phone,2,49,E wallet,Female,1,5,Laptop & Accessory,3,Married,4,1,18,0,15,29,76
C009279,10,Computer,2,36,Debit Card,Female,2,2,Others,5,Married,4,0,9,9,1,18,472
C009280,54,Mobile Phone,1,32,Credit Card,Male,1,2,Others,2,Divorced,5,0,5,9,9,23,466
C009281,16,Mobile Phone,1,36,Credit Card,Male,4,3,Laptop & Accessory,2,Single,5,0,7,10,2,5,274
C009282,16,Computer,1,37,Debit Card,Male,2,1,Mobile Phone,2,Married,4,1,2,1,5,26,53
C009283,58,Mobile Phone,2,47,E wallet,Female,1,1,Mobile Phone,2,Divorced,7,1,23,1,1,22,150
C009284,8,Computer,1,17,Credit Card,Female,2,5,Mobile Phone,2,Married,7,0,1,7,8,1,124
C009285,29,Mobile Phone,3,32,Credit Card,Male,4,2,Mobile Phone,5,Single,1,1,22,3,12,21,444
C009286,39,Mobile Phone,1,13,E wallet,Female,5,4,Grocery,4,Married,6,1,18,2,14,2,455
C009287,28,Computer,3,47,Credit Card,Male,5,5,Grocery,4,Married,5,0,26,8,12,6,127
C009288,6,Mobile Phone,1,7,E wallet,Male,3,1,Others,4,Single,1,0,9,4,3,12,216
C009289,16,Mobile Phone,1,21,Credit Card,Female,2,1,Others,2,Married,7,0,18,1,12,27,435
C009290,20,Mobile Phone,2,38,Debit Card,Male,4,5,Grocery,2,Married,4,0,7,10,3,7,403
C009291,16,Mobile Phone,1,36,E wallet,Female,1,5,Grocery,5,Single,3,0,25,9,10,23,60
C009292,7,Mobile Phone,3,13,Debit Card,Male,1,6,Others,4,Divorced,3,0,17,1,2,26,361
C009293,41,Mobile Phone,1,45,Debit Card,Male,3,5,Laptop & Accessory,3,Divorced,7,0,11,4,6,26,286
C009294,14,Computer,2,5,Credit Card,Male,1,1,Grocery,2,Single,7,0,15,0,6,16,356
C009295,43,Computer,3,46,E wallet,Male,4,6,Laptop & Accessory,1,Married,2,0,8,7,12,8,268
C009296,26,Mobile Phone,1,24,UPI,Female,4,4,Fashion,1,Single,2,0,7,4,5,20,259
C009297,26,Mobile Phone,1,9,Debit Card,Male,5,1,Laptop & Accessory,1,Single,4,0,3,5,1,26,372
C009298,14,Mobile Phone,1,44,Debit Card,Male,2,5,Laptop & Accessory,5,Divorced,5,0,8,6,1,5,489
C009299,7,Mobile Phone,2,49,Debit Card,Female,2,2,Grocery,3,Single,3,0,0,6,5,1,163
C009300,33,Mobile Phone,1,25,Credit Card,Male,1,4,Fashion,2,Single,7,1,29,6,11,8,433
C009301,26,Mobile Phone,2,9,Credit Card,Female,2,6,Mobile Phone,5,Married,5,0,10,10,3,16,351
C009302,57,Mobile Phone,3,8,Debit Card,Female,3,6,Laptop & Accessory,4,Single,7,1,9,8,8,11,171
C009303,45,Mobile Phone,3,12,Credit Card,Female,2,3,Fashion,4,Married,1,0,8,8,11,5,123
C009304,20,Mobile Phone,1,29,Credit Card,Male,1,6,Fashion,2,Divorced,4,0,29,5,9,10,120
C009305,3,Computer,1,11,Credit Card,Female,2,1,Grocery,2,Single,6,0,23,4,7,0,461
C009306,52,Computer,1,41,Cash on Delivery,Male,4,4,Fashion,1,Single,2,0,23,7,8,2,215
C009307,4,Mobile Phone,2,46,E wallet,Female,4,4,Mobile Phone,3,Single,4,0,0,4,4,9,73
C009308,26,Computer,1,36,Credit Card,Female,5,5,Grocery,1,Divorced,2,0,7,2,13,20,297
C009309,11,Mobile Phone,3,21,Cash on Delivery,Female,5,4,Laptop & Accessory,3,Married,4,0,16,3,7,19,265
C009310,2,Computer,2,32,Cash on Delivery,Male,5,6,Grocery,5,Married,4,0,25,8,2,9,142
C009311,14,Mobile Phone,1,10,Credit Card,Female,5,1,Laptop & Accessory,5,Single,2,1,12,2,2,18,457
C009312,44,Computer,2,46,Cash on Delivery,Female,2,2,Grocery,3,Divorced,1,0,0,4,1,10,88
C009313,30,Mobile Phone,1,46,UPI,Male,1,4,Fashion,5,Married,4,0,1,8,7,26,180
C009314,49,Mobile Phone,1,40,Cash on Delivery,Female,2,6,Mobile Phone,3,Married,3,0,1,3,9,16,405
C009315,12,Mobile Phone,1,6,E wallet,Female,1,1,Grocery,5,Married,4,1,13,3,14,28,151
C009316,26,Mobile Phone,1,35,Cash on Delivery,Female,1,6,Others,4,Married,5,0,20,0,1,19,288
C009317,44,Mobile Phone,2,5,Credit Card,Male,1,6,Fashion,2,Single,3,0,22,9,15,7,331
C009318,33,Mobile Phone,2,7,Debit Card,Female,1,6,Grocery,5,Divorced,5,1,21,1,13,14,448
C009319,13,Computer,1,17,UPI,Male,4,5,Fashion,5,Single,2,0,3,0,14,12,381
C009320,14,Mobile Phone,3,35,Cash on Delivery,Male,1,4,Others,4,Single,2,0,0,2,5,7,118
C009321,24,Mobile Phone,2,33,UPI,Male,2,3,Fashion,1,Single,2,0,28,1,13,22,298
C009322,34,Mobile Phone,1,48,E wallet,Female,1,3,Fashion,4,Single,6,0,4,3,5,18,67
C009323,44,Tablet,1,37,Cash on Delivery,Female,4,2,Grocery,5,Single,5,0,3,2,15,0,373
C009324,26,Computer,2,14,Cash on Delivery,Male,2,5,Fashion,4,Single,2,0,24,2,5,20,180
C009325,21,Computer,3,42,UPI,Male,3,1,Grocery,4,Single,3,0,21,7,3,23,450
C009326,28,Mobile Phone,2,13,Cash on Delivery,Male,2,4,Mobile Phone,4,Divorced,7,0,4,2,2,8,394
C009327,48,Mobile Phone,3,5,Cash on Delivery,Female,4,1,Others,3,Divorced,2,0,28,10,4,6,421
C009328,36,Mobile Phone,2,48,Debit Card,Female,4,3,Laptop & Accessory,4,Single,7,0,19,4,11,23,122
C009329,40,Mobile Phone,2,41,UPI,Female,5,5,Others,4,Single,4,0,20,7,10,0,154
C009330,2,Mobile Phone,2,36,Credit Card,Male,3,1,Fashion,5,Single,5,0,2,4,2,17,231
C009331,42,Mobile Phone,2,37,Credit Card,Male,1,4,Grocery,3,Married,5,0,23,6,11,16,437
C009332,9,Mobile Phone,1,6,E wallet,Male,4,5,Laptop & Accessory,1,Single,5,0,24,9,7,3,135
C009333,23,Mobile Phone,3,50,Debit Card,Female,5,4,Laptop & Accessory,3,Married,5,1,0,4,14,2,233
C009334,15,Mobile Phone,1,6,UPI,Female,5,4,Fashion,3,Single,1,1,27,9,12,2,152
C009335,13,Computer,2,9,UPI,Female,1,5,Laptop & Accessory,3,Married,2,0,14,7,13,20,78
C009336,23,Mobile Phone,2,14,Debit Card,Male,2,5,Grocery,5,Married,4,1,20,4,15,0,172
C009337,17,Computer,2,42,Debit Card,Female,3,6,Fashion,2,Single,4,0,15,1,13,26,483
C009338,48,Mobile Phone,1,41,E wallet,Female,1,4,Others,5,Single,6,1,10,8,3,28,430
C009339,60,Mobile Phone,2,6,Credit Card,Male,1,3,Fashion,5,Married,7,0,5,10,2,6,112
C009340,2,Mobile Phone,2,45,UPI,Female,2,4,Fashion,1,Single,5,0,18,5,3,2,189
C009341,20,Computer,2,46,Debit Card,Female,2,5,Laptop & Accessory,1,Single,4,0,18,3,15,16,223
C009342,20,Mobile Phone,3,44,UPI,Female,4,6,Mobile Phone,1,Single,2,1,5,4,1,1,271
C009343,59,Computer,2,29,Credit Card,Female,2,2,Laptop & Accessory,2,Married,3,0,28,10,14,18,259
C009344,46,Mobile Phone,1,42,UPI,Male,2,1,Mobile Phone,3,Married,4,0,23,9,10,25,193
C009345,3,Mobile Phone,3,41,UPI,Male,3,4,Fashion,2,Single,6,0,17,7,7,15,335
C009346,55,Computer,3,22,Debit Card,Male,3,6,Fashion,3,Single,1,0,11,2,11,11,222
C009347,12,Mobile Phone,1,31,Debit Card,Male,3,1,Others,2,Single,5,1,9,2,5,30,476
C009348,40,Computer,1,24,Debit Card,Female,1,4,Laptop & Accessory,5,Married,3,0,22,6,7,30,454
C009349,2,Mobile Phone,1,38,Credit Card,Male,3,6,Others,5,Married,6,1,11,0,3,27,135
C009350,36,Mobile Phone,2,48,Cash on Delivery,Male,3,4,Grocery,3,Single,7,0,16,8,11,3,161
C009351,14,Computer,3,12,Credit Card,Male,5,6,Fashion,3,Married,3,0,0,8,2,15,202
C009352,16,Tablet,3,8,Debit Card,Male,3,2,Others,3,Single,5,0,14,1,1,12,143
C009353,19,Mobile Phone,3,34,E wallet,Female,1,5,Grocery,4,Married,5,1,28,3,14,19,426
C009354,34,Computer,1,40,UPI,Male,5,6,Mobile Phone,1,Married,4,1,11,8,6,8,350
C009355,44,Mobile Phone,2,13,UPI,Female,1,3,Laptop & Accessory,4,Married,7,0,17,3,11,20,106
C009356,46,Computer,1,45,UPI,Female,1,6,Grocery,4,Married,5,0,24,7,1,0,334
C009357,6,Mobile Phone,1,16,UPI,Female,5,5,Laptop & Accessory,5,Single,1,0,4,2,15,0,184
C009358,13,Mobile Phone,2,18,E wallet,Male,5,1,Fashion,5,Single,2,0,0,3,6,0,334
C009359,36,Mobile Phone,1,39,Debit Card,Female,5,1,Mobile Phone,3,Single,3,1,5,0,15,23,416
C009360,22,Mobile Phone,2,10,Cash on Delivery,Male,5,4,Fashion,5,Single,5,0,1,3,3,4,364
C009361,18,Mobile Phone,2,27,UPI,Male,1,5,Grocery,3,Married,4,0,11,5,3,1,164
C009362,12,Mobile Phone,3,8,Cash on Delivery,Female,5,2,Mobile Phone,4,Single,5,0,29,9,6,16,314
C009363,52,Mobile Phone,1,5,Credit Card,Female,2,3,Grocery,1,Married,1,1,10,10,9,29,258
C009364,59,Tablet,3,13,Credit Card,Female,3,5,Laptop & Accessory,5,Single,5,1,8,10,10,24,355
C009365,54,Mobile Phone,3,13,UPI,Female,3,4,Fashion,4,Single,1,0,11,6,13,24,70
C009366,30,Mobile Phone,3,48,Debit Card,Female,2,1,Laptop & Accessory,3,Married,5,0,13,5,15,17,326
C009367,53,Mobile Phone,3,50,E wallet,Female,1,5,Mobile Phone,5,Single,7,0,6,3,5,11,428
C009368,51,Computer,2,19,UPI,Male,1,1,Others,1,Divorced,2,0,16,7,9,27,351
C009369,40,Mobile Phone,2,28,Credit Card,Male,3,6,Laptop & Accessory,5,Married,4,1,19,6,5,14,194
C009370,7,Mobile Phone,2,12,Credit Card,Female,4,4,Mobile Phone,3,Divorced,6,1,30,0,3,2,452
C009371,32,Mobile Phone,2,32,Cash on Delivery,Male,2,1,Mobile Phone,4,Divorced,7,1,25,0,6,13,394
C009372,48,Mobile Phone,2,46,E wallet,Male,2,4,Grocery,4,Married,1,0,26,10,7,28,402
C009373,19,Mobile Phone,3,50,UPI,Male,3,6,Laptop & Accessory,1,Married,5,0,0,8,13,20,78
C009374,6,Mobile Phone,2,21,Debit Card,Male,5,3,Fashion,1,Married,3,0,6,8,8,1,230
C009375,20,Mobile Phone,1,39,Cash on Delivery,Male,4,2,Laptop & Accessory,4,Single,1,0,4,8,8,1,481
C009376,27,Mobile Phone,2,35,E wallet,Female,1,1,Grocery,2,Married,2,1,4,7,6,9,399
C009377,53,Mobile Phone,1,8,Cash on Delivery,Female,1,5,Mobile Phone,4,Single,2,1,8,8,5,23,56
C009378,43,Mobile Phone,1,18,Debit Card,Male,1,3,Fashion,3,Married,3,0,22,0,11,15,303
C009379,37,Mobile Phone,1,29,Credit Card,Male,1,2,Others,5,Married,5,0,27,1,10,10,339
C009380,48,Computer,1,50,UPI,Female,2,5,Fashion,2,Married,5,0,29,8,4,27,462
C009381,7,Computer,3,44,UPI,Female,2,6,Laptop & Accessory,4,Married,5,0,3,3,11,28,218
C009382,59,Mobile Phone,2,11,Debit Card,Male,5,5,Fashion,5,Single,5,1,0,9,11,18,298
C009383,5,Mobile Phone,1,35,UPI,Female,2,4,Laptop & Accessory,1,Married,6,1,19,10,13,29,186
C009384,11,Mobile Phone,2,39,UPI,Female,5,2,Fashion,4,Divorced,6,1,7,4,4,0,98
C009385,15,Mobile Phone,1,42,Cash on Delivery,Male,5,5,Laptop & Accessory,2,Married,5,1,0,0,12,27,146
C009386,3,Mobile Phone,2,24,Debit Card,Male,1,5,Mobile Phone,3,Single,7,0,9,10,10,26,278
C009387,58,Mobile Phone,2,20,Cash on Delivery,Female,1,5,Mobile Phone,5,Married,3,0,6,1,8,11,227
C009388,5,Computer,3,26,UPI,Male,2,3,Laptop & Accessory,5,Single,6,0,5,1,14,0,54
C009389,23,Computer,1,40,E wallet,Male,2,2,Laptop & Accessory,4,Single,7,0,26,4,13,6,214
C009390,53,Mobile Phone,2,23,E wallet,Male,5,4,Others,3,Single,6,1,27,4,7,28,271
C009391,37,Mobile Phone,3,6,Cash on Delivery,Male,3,6,Laptop & Accessory,3,Married,2,0,2,8,13,16,384
C009392,9,Computer,3,8,Credit Card,Female,1,3,Grocery,1,Married,3,0,9,4,4,18,148
C009393,15,Computer,1,38,Credit Card,Male,4,3,Laptop & Accessory,4,Married,4,0,6,9,6,24,145
C009394,3,Tablet,2,11,Debit Card,Female,3,3,Mobile Phone,5,Divorced,4,0,28,7,7,22,210
C009395,29,Mobile Phone,1,18,E wallet,Male,1,4,Fashion,1,Single,1,1,7,7,6,13,320
C009396,6,Mobile Phone,2,47,E wallet,Male,1,4,Mobile Phone,5,Divorced,5,0,1,2,12,13,327
C009397,17,Mobile Phone,1,36,Cash on Delivery,Male,2,6,Grocery,1,Married,2,0,7,2,10,25,114
C009398,26,Mobile Phone,3,21,UPI,Male,4,3,Fashion,4,Married,1,0,9,2,14,18,357
C009399,21,Mobile Phone,1,41,Debit Card,Male,4,3,Mobile Phone,1,Married,6,1,27,4,13,29,98
C009400,8,Mobile Phone,2,18,Cash on Delivery,Male,1,6,Laptop & Accessory,1,Married,4,0,21,0,8,25,83
C009401,21,Computer,2,21,Credit Card,Male,5,1,Laptop & Accessory,3,Single,1,0,13,9,10,15,470
C009402,57,Computer,3,36,UPI,Male,4,4,Fashion,3,Divorced,6,0,4,7,3,6,251
C009403,11,Mobile Phone,2,6,Debit Card,Female,3,5,Others,5,Single,4,0,26,4,10,23,245
C009404,38,Computer,1,43,UPI,Female,5,2,Grocery,3,Single,4,1,12,3,11,10,322
C009405,8,Mobile Phone,1,8,Credit Card,Female,2,2,Mobile Phone,4,Single,3,1,9,10,9,0,101
C009406,42,Computer,1,44,Cash on Delivery,Female,1,2,Mobile Phone,4,Married,1,0,20,9,2,20,244
C009407,24,Mobile Phone,3,34,Cash on Delivery,Female,1,6,Grocery,1,Married,4,0,22,2,13,25,172
C009408,35,Mobile Phone,2,34,E wallet,Male,3,3,Mobile Phone,5,Single,2,1,19,0,14,29,157
C009409,55,Mobile Phone,2,37,Cash on Delivery,Male,3,6,Fashion,4,Single,4,0,11,8,5,24,365
C009410,14,Mobile Phone,1,46,E wallet,Male,2,4,Others,1,Single,7,0,9,8,12,25,106
C009411,55,Mobile Phone,3,5,Cash on Delivery,Male,2,1,Fashion,5,Married,7,0,0,1,7,10,355
C009412,14,Mobile Phone,2,37,Debit Card,Female,4,1,Others,4,Single,7,0,20,4,15,2,488
C009413,10,Tablet,3,40,Credit Card,Female,5,6,Laptop & Accessory,2,Single,3,0,26,1,9,28,434
C009414,12,Mobile Phone,2,35,UPI,Female,1,2,Others,1,Single,1,0,6,7,4,19,261
C009415,38,Mobile Phone,1,41,Credit Card,Female,4,5,Others,4,Divorced,4,0,9,10,4,24,257
C009416,44,Mobile Phone,1,18,Credit Card,Male,2,5,Others,2,Single,5,0,16,0,13,29,102
C009417,55,Mobile Phone,1,10,E wallet,Male,3,5,Mobile Phone,1,Divorced,5,1,29,8,2,5,261
C009418,46,Mobile Phone,2,11,E wallet,Male,4,5,Others,4,Married,4,0,4,4,11,6,164
C009419,34,Computer,2,44,Debit Card,Female,3,1,Grocery,1,Single,1,0,15,6,6,22,246
C009420,41,Mobile Phone,1,28,UPI,Female,5,1,Laptop & Accessory,3,Single,6,1,0,2,1,3,479
C009421,10,Mobile Phone,1,8,Cash on Delivery,Male,3,4,Laptop & Accessory,2,Single,3,0,9,5,6,10,362
C009422,58,Computer,1,29,Cash on Delivery,Male,1,1,Mobile Phone,5,Single,2,0,12,8,4,17,359
C009423,17,Mobile Phone,3,7,Credit Card,Male,5,4,Fashion,5,Married,6,0,22,8,14,13,408
C009424,17,Mobile Phone,1,32,Debit Card,Female,3,4,Grocery,1,Married,1,0,16,9,11,11,284
C009425,3,Computer,1,27,UPI,Female,4,6,Fashion,1,Divorced,7,0,24,0,6,29,60
C009426,31,Mobile Phone,1,40,Cash on Delivery,Male,1,3,Others,3,Married,3,0,27,1,12,14,329
C009427,51,Mobile Phone,2,17,Credit Card,Female,1,1,Fashion,2,Married,7,0,9,9,7,21,379
C009428,1,Computer,2,26,Debit Card,Male,2,5,Grocery,1,Married,4,0,18,4,7,5,150
C009429,12,Mobile Phone,3,29,UPI,Male,2,2,Mobile Phone,5,Single,2,0,9,4,9,12,257
C009430,39,Mobile Phone,1,47,Credit Card,Male,4,4,Mobile Phone,2,Married,1,0,17,7,1,25,428
C009431,4,Tablet,2,28,Credit Card,Female,2,2,Others,2,Single,4,0,7,10,15,24,428
C009432,42,Mobile Phone,1,47,Debit Card,Female,3,5,Grocery,3,Single,2,1,15,4,12,2,255
C009433,13,Mobile Phone,3,41,Debit Card,Female,2,4,Mobile Phone,1,Married,4,1,19,10,3,2,292
C009434,34,Computer,1,37,Debit Card,Female,1,4,Others,2,Married,5,0,2,5,15,22,58
C009435,42,Computer,1,18,Debit Card,Female,4,6,Fashion,3,Married,6,0,11,0,4,13,272
C009436,21,Mobile Phone,2,28,UPI,Male,3,1,Grocery,5,Married,5,0,5,5,11,17,393
C009437,22,Mobile Phone,1,26,Debit Card,Male,1,3,Mobile Phone,3,Single,3,0,25,3,7,9,150
C009438,57,Computer,1,41,Debit Card,Female,1,2,Grocery,3,Single,2,0,16,9,14,25,59
C009439,4,Computer,2,27,Debit Card,Female,5,6,Mobile Phone,3,Married,5,0,16,9,4,30,72
C009440,18,Mobile Phone,2,10,UPI,Male,2,6,Mobile Phone,1,Single,7,0,15,0,13,0,367
C009441,5,Mobile Phone,2,23,Cash on Delivery,Female,3,5,Grocery,3,Married,4,1,15,3,11,28,116
C009442,19,Mobile Phone,2,16,Credit Card,Female,4,3,Mobile Phone,5,Single,3,0,22,9,8,22,415
C009443,2,Computer,2,30,E wallet,Female,4,6,Fashion,2,Single,5,0,22,10,14,22,435
C009444,12,Computer,2,33,Credit Card,Female,4,6,Others,4,Single,7,1,25,0,2,0,75
C009445,17,Tablet,2,18,UPI,Male,5,3,Laptop & Accessory,1,Single,3,0,7,7,8,19,163
C009446,10,Computer,2,21,Debit Card,Female,3,6,Grocery,4,Married,6,0,22,8,7,7,280
C009447,34,Mobile Phone,1,34,UPI,Male,1,1,Grocery,3,Married,2,0,15,5,2,7,358
C009448,6,Mobile Phone,1,11,Cash on Delivery,Female,5,6,Others,1,Single,5,0,20,4,7,27,304
C009449,8,Computer,2,25,E wallet,Female,2,4,Fashion,5,Married,5,1,25,8,9,30,232
C009450,51,Computer,2,5,Cash on Delivery,Male,1,5,Laptop & Accessory,4,Single,1,0,22,4,10,29,345
C009451,11,Mobile Phone,3,42,Debit Card,Male,4,3,Fashion,2,Married,7,0,17,4,11,14,134
C009452,57,Mobile Phone,1,8,UPI,Female,2,3,Grocery,5,Married,1,0,22,0,3,11,231
C009453,12,Computer,1,50,UPI,Male,3,2,Laptop & Accessory,5,Divorced,2,0,21,6,2,22,152
C009454,9,Mobile Phone,1,12,Debit Card,Male,3,5,Mobile Phone,4,Single,7,0,28,0,7,2,93
C009455,2,Mobile Phone,1,22,Debit Card,Male,5,6,Grocery,2,Single,2,0,23,2,15,19,120
C009456,8,Mobile Phone,2,49,E wallet,Female,3,5,Fashion,1,Single,6,0,12,2,9,4,192
C009457,58,Mobile Phone,2,12,Cash on Delivery,Female,4,3,Others,5,Married,6,0,6,1,9,20,381
C009458,11,Mobile Phone,2,35,Debit Card,Female,5,4,Mobile Phone,1,Single,7,0,11,5,14,0,138
C009459,60,Computer,2,35,Debit Card,Female,5,5,Laptop & Accessory,5,Single,1,0,22,9,6,29,451
C009460,53,Mobile Phone,3,32,Cash on Delivery,Male,4,5,Grocery,3,Married,5,0,21,2,10,2,376
C009461,36,Mobile Phone,3,41,Debit Card,Female,3,2,Others,5,Single,6,1,16,6,5,21,244
C009462,10,Mobile Phone,2,7,E wallet,Female,2,2,Others,1,Divorced,3,1,12,3,5,12,67
C009463,21,Computer,3,49,E wallet,Female,5,6,Fashion,2,Married,7,0,5,10,8,2,334
C009464,20,Tablet,2,19,Cash on Delivery,Male,2,2,Others,4,Married,2,1,15,2,4,18,299
C009465,48,Computer,3,8,Credit Card,Male,2,6,Fashion,2,Single,1,0,13,2,2,4,216
C009466,8,Computer,3,39,E wallet,Female,2,6,Laptop & Accessory,5,Single,3,1,6,3,5,12,103
C009467,36,Mobile Phone,3,38,UPI,Male,2,4,Grocery,1,Married,1,0,17,3,7,4,106
C009468,29,Mobile Phone,2,40,UPI,Male,4,4,Laptop & Accessory,3,Married,4,1,18,6,8,7,62
C009469,42,Mobile Phone,3,10,Credit Card,Female,1,5,Fashion,2,Single,5,0,26,6,8,4,254
C009470,12,Mobile Phone,2,8,E wallet,Male,3,4,Laptop & Accessory,3,Married,3,0,6,9,11,13,303
C009471,14,Computer,1,34,Debit Card,Male,1,2,Grocery,4,Married,1,1,6,7,8,5,292
C009472,48,Mobile Phone,1,43,Credit Card,Female,1,4,Grocery,3,Single,3,0,27,3,13,17,456
C009473,54,Tablet,3,22,Debit Card,Female,5,5,Others,4,Single,6,1,26,0,10,3,183
C009474,50,Mobile Phone,1,26,UPI,Male,1,3,Fashion,3,Married,4,0,16,2,3,25,330
C009475,21,Mobile Phone,2,14,Credit Card,Female,1,1,Laptop & Accessory,5,Single,7,0,1,10,12,14,127
C009476,22,Mobile Phone,1,33,E wallet,Male,4,4,Others,3,Single,4,0,13,0,4,13,269
C009477,21,Mobile Phone,1,27,UPI,Male,2,3,Others,2,Single,5,1,10,10,11,15,447
C009478,44,Mobile Phone,3,8,E wallet,Female,1,5,Laptop & Accessory,2,Single,1,0,8,9,2,0,293
C009479,50,Mobile Phone,3,23,Debit Card,Male,1,3,Fashion,2,Single,1,0,6,7,11,9,287
C009480,30,Mobile Phone,2,30,E wallet,Male,5,3,Fashion,4,Single,6,0,2,8,2,16,320
C009481,39,Mobile Phone,1,11,Credit Card,Male,3,3,Grocery,4,Married,6,0,22,1,7,6,113
C009482,20,Mobile Phone,2,17,Debit Card,Female,5,6,Fashion,5,Single,1,0,23,1,11,17,454
C009483,24,Mobile Phone,2,7,Credit Card,Male,3,2,Others,4,Single,2,0,7,7,1,15,165
C009484,23,Mobile Phone,1,44,Debit Card,Male,3,4,Grocery,5,Married,7,0,17,5,12,8,64
C009485,7,Mobile Phone,1,15,Credit Card,Male,3,3,Mobile Phone,3,Married,7,1,3,1,6,13,395
C009486,9,Mobile Phone,2,20,UPI,Female,4,5,Grocery,1,Single,5,0,24,9,5,30,130
C009487,1,Mobile Phone,1,24,Credit Card,Female,4,1,Others,2,Divorced,4,0,12,4,3,27,323
C009488,26,Mobile Phone,2,27,UPI,Female,2,6,Laptop & Accessory,2,Single,7,0,15,5,6,11,486
C009489,38,Mobile Phone,1,27,Cash on Delivery,Male,3,1,Laptop & Accessory,5,Divorced,5,0,28,5,4,15,405
C009490,38,Mobile Phone,2,36,E wallet,Female,4,1,Laptop & Accessory,4,Single,2,0,26,9,12,23,236
C009491,54,Mobile Phone,1,45,Debit Card,Female,4,6,Others,3,Single,1,0,20,6,11,27,409
C009492,44,Mobile Phone,3,46,E wallet,Male,1,2,Grocery,5,Divorced,4,1,24,3,5,20,78
C009493,22,Computer,2,42,UPI,Female,3,4,Laptop & Accessory,2,Married,1,1,4,2,13,26,388
C009494,44,Mobile Phone,1,7,UPI,Male,5,1,Fashion,5,Married,2,0,0,2,3,16,163
C009495,10,Mobile Phone,2,12,UPI,Male,1,2,Mobile Phone,1,Married,2,1,29,10,11,22,487
C009496,55,Computer,3,42,Credit Card,Male,4,5,Laptop & Accessory,1,Single,7,0,13,3,8,15,495
C009497,58,Mobile Phone,3,44,E wallet,Male,4,5,Laptop & Accessory,1,Married,1,0,4,0,1,24,123
C009498,6,Computer,2,18,UPI,Male,4,2,Mobile Phone,3,Single,1,0,13,9,7,29,102
C009499,17,Mobile Phone,1,12,Cash on Delivery,Female,4,4,Fashion,1,Married,3,0,19,0,12,20,385
C009500,51,Mobile Phone,2,15,UPI,Male,5,5,Mobile Phone,3,Single,4,0,10,6,10,3,234
C009501,50,Computer,3,46,E wallet,Male,2,6,Laptop & Accessory,5,Single,4,1,0,1,10,22,469
C009502,38,Mobile Phone,2,46,UPI,Male,2,4,Laptop & Accessory,3,Married,5,0,3,5,6,5,55
C009503,24,Mobile Phone,3,47,UPI,Male,3,2,Grocery,2,Married,6,0,18,5,7,23,397
C009504,51,Mobile Phone,1,37,Debit Card,Male,4,5,Others,4,Single,5,1,6,2,13,5,234
C009505,10,Mobile Phone,1,19,UPI,Male,3,5,Grocery,1,Single,6,0,11,4,14,8,355
C009506,56,Mobile Phone,3,41,E wallet,Male,5,3,Grocery,4,Single,2,1,12,5,10,6,373
C009507,8,Mobile Phone,2,18,Debit Card,Female,3,6,Grocery,5,Married,6,0,24,9,7,3,262
C009508,21,Computer,1,30,Debit Card,Female,2,5,Grocery,3,Divorced,4,1,17,10,11,3,178
C009509,56,Computer,1,12,UPI,Female,2,6,Grocery,3,Married,2,0,3,10,14,17,277
C009510,6,Mobile Phone,3,8,UPI,Male,2,1,Fashion,4,Single,1,0,9,5,2,11,65
C009511,21,Tablet,1,40,Cash on Delivery,Female,3,3,Others,5,Single,4,0,23,3,5,30,401
C009512,57,Mobile Phone,1,22,E wallet,Female,4,2,Others,4,Married,7,1,8,1,5,24,310
C009513,39,Mobile Phone,1,31,E wallet,Male,1,1,Others,2,Married,2,0,20,1,4,13,193
C009514,24,Computer,3,23,Credit Card,Female,2,1,Fashion,1,Married,7,1,23,3,9,3,278
C009515,33,Computer,3,7,Credit Card,Male,3,6,Fashion,1,Married,3,0,14,4,1,19,311
C009516,59,Computer,2,13,E wallet,Male,1,4,Fashion,3,Single,6,1,14,1,14,10,78
C009517,18,Mobile Phone,2,43,UPI,Male,2,3,Laptop & Accessory,5,Single,6,1,13,7,6,11,409
C009518,56,Mobile Phone,1,6,Debit Card,Male,2,6,Others,5,Divorced,3,0,12,9,3,21,372
C009519,28,Computer,1,13,Cash on Delivery,Female,5,4,Mobile Phone,3,Married,4,0,21,4,13,4,475
C009520,57,Mobile Phone,3,10,UPI,Male,2,3,Grocery,5,Married,4,0,1,6,10,11,197
C009521,52,Mobile Phone,1,42,Debit Card,Female,1,3,Laptop & Accessory,5,Single,7,0,22,5,8,30,486
C009522,32,Mobile Phone,2,32,E wallet,Female,1,1,Laptop & Accessory,1,Married,5,0,26,5,7,3,182
C009523,12,Computer,2,38,UPI,Male,4,5,Grocery,2,Married,6,0,9,2,12,29,218
C009524,48,Mobile Phone,1,33,Cash on Delivery,Female,1,4,Laptop & Accessory,2,Married,4,0,1,9,2,18,127
C009525,42,Mobile Phone,2,7,Credit Card,Male,3,4,Fashion,3,Married,5,0,9,2,12,28,380
C009526,27,Mobile Phone,2,20,Debit Card,Male,3,6,Laptop & Accessory,2,Married,6,0,6,1,13,28,231
C009527,10,Mobile Phone,2,48,UPI,Male,2,1,Others,2,Divorced,3,0,9,0,8,25,165
C009528,46,Computer,1,39,Cash on Delivery,Female,4,5,Others,1,Married,3,0,6,6,14,21,299
C009529,57,Mobile Phone,1,15,UPI,Male,2,6,Mobile Phone,2,Single,3,0,0,9,1,3,180
C009530,52,Mobile Phone,2,47,E wallet,Female,4,6,Others,2,Single,7,0,8,10,2,25,202
C009531,42,Mobile Phone,3,27,Debit Card,Female,5,6,Grocery,2,Divorced,1,0,9,9,1,21,404
C009532,32,Mobile Phone,1,34,E wallet,Male,4,3,Grocery,4,Married,4,0,25,3,13,0,322
C009533,42,Mobile Phone,3,9,E wallet,Male,5,3,Others,2,Single,3,1,14,5,13,0,212
C009534,26,Mobile Phone,2,12,Credit Card,Female,5,6,Fashion,4,Single,5,1,12,4,10,6,281
C009535,25,Mobile Phone,3,47,E wallet,Female,2,5,Others,1,Single,7,0,27,9,5,2,74
C009536,11,Mobile Phone,1,47,Cash on Delivery,Male,3,3,Fashion,2,Single,5,1,24,6,11,25,115
C009537,23,Computer,1,14,Debit Card,Male,4,4,Grocery,5,Divorced,2,0,21,2,2,0,77
C009538,34,Computer,1,32,Credit Card,Male,2,4,Others,4,Single,2,0,22,9,15,26,357
C009539,57,Mobile Phone,1,40,UPI,Male,5,4,Mobile Phone,2,Single,1,0,2,2,7,8,262
C009540,52,Mobile Phone,3,14,E wallet,Male,5,1,Grocery,5,Married,5,1,13,10,9,7,245
C009541,40,Computer,1,18,UPI,Female,1,3,Mobile Phone,3,Married,6,0,10,10,3,9,324
C009542,23,Mobile Phone,2,42,Credit Card,Female,1,1,Grocery,4,Divorced,2,0,23,0,4,17,317
C009543,29,Mobile Phone,1,41,UPI,Female,4,3,Laptop & Accessory,1,Married,4,0,18,3,7,13,204
C009544,31,Computer,2,9,Cash on Delivery,Male,3,4,Laptop & Accessory,3,Single,4,0,27,7,1,2,321
C009545,7,Mobile Phone,1,10,Credit Card,Male,1,4,Laptop & Accessory,5,Divorced,4,1,21,10,11,25,126
C009546,40,Mobile Phone,1,34,Debit Card,Male,5,5,Mobile Phone,4,Married,7,1,29,7,4,7,467
C009547,33,Mobile Phone,1,23,Debit Card,Male,2,3,Fashion,4,Single,4,0,7,6,11,14,285
C009548,21,Mobile Phone,3,18,Debit Card,Female,3,2,Grocery,2,Single,2,0,13,10,14,30,382
C009549,2,Computer,1,15,Debit Card,Female,4,1,Laptop & Accessory,3,Divorced,7,0,12,6,1,27,254
C009550,18,Mobile Phone,1,50,Credit Card,Female,2,4,Mobile Phone,2,Single,1,0,15,4,8,7,169
C009551,47,Mobile Phone,1,9,Credit Card,Female,4,5,Grocery,1,Single,2,0,27,1,7,1,142
C009552,33,Computer,3,49,Credit Card,Male,2,5,Laptop & Accessory,3,Single,4,0,1,0,11,29,452
C009553,37,Computer,2,35,E wallet,Female,2,4,Laptop & Accessory,4,Married,3,0,23,2,10,11,59
C009554,34,Mobile Phone,2,48,Credit Card,Male,3,3,Laptop & Accessory,5,Single,6,1,4,5,3,4,195
C009555,20,Mobile Phone,2,36,Credit Card,Female,4,5,Mobile Phone,1,Single,6,0,20,8,6,26,489
C009556,35,Mobile Phone,1,28,Credit Card,Female,1,3,Fashion,2,Single,4,0,7,4,8,26,57
C009557,51,Computer,2,14,Debit Card,Male,2,5,Laptop & Accessory,2,Single,1,0,1,9,5,21,486
C009558,50,Mobile Phone,1,17,Cash on Delivery,Male,2,1,Laptop & Accessory,1,Married,5,0,10,6,13,5,353
C009559,54,Mobile Phone,2,17,Debit Card,Male,1,3,Fashion,3,Single,5,0,18,8,2,8,147
C009560,18,Mobile Phone,2,40,Cash on Delivery,Male,3,5,Fashion,1,Single,4,0,8,7,4,21,299
C009561,46,Mobile Phone,2,26,Cash on Delivery,Female,3,4,Others,3,Single,1,0,26,2,13,28,383
C009562,24,Mobile Phone,1,13,Cash on Delivery,Male,3,2,Laptop & Accessory,1,Married,2,0,27,6,5,16,341
C009563,8,Mobile Phone,1,23,Debit Card,Female,5,4,Grocery,1,Married,7,0,12,1,2,24,140
C009564,30,Mobile Phone,3,11,E wallet,Female,5,3,Others,4,Divorced,1,1,29,5,12,18,429
C009565,44,Mobile Phone,2,19,UPI,Female,3,6,Grocery,3,Single,6,0,8,10,1,23,156
C009566,53,Mobile Phone,1,21,E wallet,Female,3,4,Fashion,1,Divorced,4,0,8,10,13,19,166
C009567,10,Mobile Phone,1,50,Debit Card,Male,1,4,Others,2,Single,2,0,18,0,5,30,106
C009568,23,Computer,3,18,Cash on Delivery,Male,5,6,Mobile Phone,2,Married,5,1,16,3,7,21,391
C009569,52,Computer,3,45,UPI,Female,4,2,Others,3,Married,4,0,15,2,7,13,96
C009570,49,Mobile Phone,3,6,E wallet,Female,3,6,Others,1,Divorced,5,0,22,8,13,24,117
C009571,11,Mobile Phone,1,18,Credit Card,Male,3,4,Fashion,3,Single,4,0,0,6,14,25,459
C009572,2,Mobile Phone,2,8,E wallet,Male,3,5,Laptop & Accessory,1,Single,2,1,9,10,14,28,63
C009573,58,Mobile Phone,1,7,Debit Card,Female,2,1,Fashion,4,Single,1,0,5,1,9,2,185
C009574,26,Mobile Phone,2,7,UPI,Female,5,2,Fashion,5,Married,6,0,2,4,4,18,480
C009575,36,Mobile Phone,1,15,Credit Card,Female,4,3,Fashion,2,Married,6,0,18,6,14,3,82
C009576,33,Computer,1,9,UPI,Male,2,5,Grocery,3,Married,5,1,28,7,7,12,135
C009577,47,Mobile Phone,1,33,UPI,Male,2,3,Mobile Phone,2,Single,2,0,14,3,14,4,314
C009578,13,Mobile Phone,2,32,E wallet,Female,4,2,Grocery,1,Married,5,1,27,4,9,4,329
C009579,40,Mobile Phone,2,27,Cash on Delivery,Female,4,2,Others,2,Single,7,1,22,5,11,18,81
C009580,25,Computer,2,34,E wallet,Female,4,4,Fashion,1,Married,3,0,16,9,1,30,252
C009581,4,Mobile Phone,3,27,Credit Card,Female,4,6,Laptop & Accessory,3,Divorced,2,0,7,7,9,25,215
C009582,42,Computer,2,45,Debit Card,Female,4,2,Fashion,5,Married,2,0,24,1,14,10,353
C009583,19,Mobile Phone,2,26,E wallet,Female,3,3,Grocery,4,Married,1,0,21,7,15,15,291
C009584,18,Computer,3,47,Cash on Delivery,Male,4,2,Mobile Phone,4,Single,1,0,23,10,4,26,311
C009585,37,Computer,2,16,Cash on Delivery,Male,4,1,Grocery,2,Single,4,1,5,2,2,15,67
C009586,30,Computer,1,31,E wallet,Male,5,4,Fashion,3,Single,1,0,19,7,6,18,240
C009587,19,Mobile Phone,3,44,Credit Card,Male,3,2,Mobile Phone,3,Divorced,6,0,29,9,9,25,239
C009588,58,Mobile Phone,1,50,Cash on Delivery,Male,2,1,Laptop & Accessory,4,Single,4,0,11,9,13,7,249
C009589,23,Mobile Phone,2,19,Cash on Delivery,Female,3,3,Grocery,1,Married,6,0,0,4,3,2,87
C009590,59,Computer,1,27,Credit Card,Male,1,3,Grocery,4,Single,1,0,3,4,14,2,305
C009591,54,Mobile Phone,2,48,Credit Card,Female,4,1,Others,2,Married,1,1,6,6,11,28,330
C009592,16,Mobile Phone,2,45,Credit Card,Male,2,1,Mobile Phone,4,Married,6,1,29,5,13,20,188
C009593,1,Mobile Phone,1,48,Credit Card,Female,1,6,Grocery,1,Married,4,0,1,3,6,21,462
C009594,12,Mobile Phone,2,23,E wallet,Female,2,2,Others,2,Married,3,1,23,1,7,3,460
C009595,24,Mobile Phone,3,48,E wallet,Female,3,4,Laptop & Accessory,1,Married,2,0,27,9,14,15,438
C009596,34,Mobile Phone,1,15,UPI,Female,1,4,Grocery,5,Married,7,0,10,2,12,0,240
C009597,53,Mobile Phone,1,42,UPI,Male,4,5,Grocery,2,Married,6,0,8,0,1,1,442
C009598,57,Mobile Phone,1,44,UPI,Male,4,1,Fashion,1,Single,4,1,0,1,12,27,200
C009599,8,Computer,3,47,Cash on Delivery,Male,1,3,Grocery,4,Single,3,0,11,9,4,23,62
C009600,18,Computer,2,7,Credit Card,Female,3,5,Laptop & Accessory,5,Married,6,0,29,0,9,10,277
C009601,57,Computer,3,20,E wallet,Female,1,1,Others,1,Single,1,1,7,7,13,2,173
C009602,48,Mobile Phone,1,36,E wallet,Male,3,1,Mobile Phone,4,Married,7,0,12,0,6,13,300
C009603,5,Computer,1,42,Credit Card,Female,2,5,Laptop & Accessory,5,Single,4,0,29,0,9,8,428
C009604,26,Mobile Phone,1,13,UPI,Male,3,4,Mobile Phone,3,Single,3,0,25,9,6,4,89
C009605,30,Mobile Phone,1,45,Cash on Delivery,Female,1,1,Laptop & Accessory,3,Married,3,0,18,4,2,9,262
C009606,54,Mobile Phone,2,42,E wallet,Female,1,6,Others,5,Single,6,0,19,1,12,15,477
C009607,13,Mobile Phone,3,9,Debit Card,Female,2,5,Fashion,1,Married,6,0,5,10,12,27,186
C009608,19,Mobile Phone,1,5,Cash on Delivery,Female,1,2,Others,1,Single,2,1,30,5,7,28,239
C009609,29,Tablet,3,39,Cash on Delivery,Male,5,2,Mobile Phone,2,Single,7,0,20,8,12,19,492
C009610,3,Mobile Phone,1,39,UPI,Female,1,3,Mobile Phone,1,Divorced,1,0,3,1,14,21,179
C009611,26,Mobile Phone,3,16,Credit Card,Male,5,4,Grocery,1,Single,6,0,21,9,11,8,138
C009612,40,Mobile Phone,1,40,Debit Card,Female,1,5,Fashion,3,Single,7,1,22,10,5,15,114
C009613,59,Mobile Phone,3,25,UPI,Male,1,4,Others,3,Married,5,1,24,7,8,5,249
C009614,58,Mobile Phone,1,47,Credit Card,Male,2,4,Others,1,Divorced,6,0,30,2,13,11,273
C009615,58,Mobile Phone,3,12,Debit Card,Male,5,5,Mobile Phone,4,Single,3,0,10,2,4,27,209
C009616,12,Computer,1,31,E wallet,Female,2,1,Fashion,3,Married,4,0,30,7,3,4,326
C009617,2,Mobile Phone,1,13,Debit Card,Male,5,2,Others,1,Married,7,1,11,10,7,18,488
C009618,11,Mobile Phone,2,32,UPI,Male,5,3,Fashion,3,Single,6,0,8,2,4,29,71
C009619,44,Computer,1,34,Debit Card,Female,4,1,Fashion,1,Married,7,0,1,2,15,18,171
C009620,28,Computer,2,18,Debit Card,Male,5,4,Others,5,Married,1,1,24,9,4,11,371
C009621,18,Computer,3,27,Debit Card,Female,2,4,Fashion,3,Single,5,0,29,1,1,11,303
C009622,13,Mobile Phone,2,33,E wallet,Male,2,5,Laptop & Accessory,1,Married,5,0,11,1,7,22,107
C009623,37,Mobile Phone,2,30,Credit Card,Male,3,2,Mobile Phone,3,Single,5,0,15,9,12,21,348
C009624,22,Mobile Phone,1,26,Debit Card,Male,1,2,Fashion,4,Married,6,1,15,5,8,14,187
C009625,12,Computer,2,19,Cash on Delivery,Female,4,3,Fashion,5,Single,3,0,3,4,8,0,370
C009626,2,Computer,2,13,UPI,Male,1,1,Laptop & Accessory,1,Single,2,0,17,5,9,29,303
C009627,37,Mobile Phone,3,30,Cash on Delivery,Male,2,6,Grocery,5,Divorced,7,1,7,6,12,1,350
C009628,7,Mobile Phone,1,21,Credit Card,Female,4,3,Fashion,1,Married,7,1,30,3,1,19,220
C009629,26,Computer,2,13,UPI,Female,5,4,Others,5,Married,5,0,3,6,3,22,93
C009630,26,Mobile Phone,1,7,Credit Card,Female,2,6,Grocery,5,Single,5,0,12,6,1,27,232
C009631,24,Mobile Phone,1,20,UPI,Female,2,4,Grocery,2,Married,7,0,17,10,2,18,59
C009632,12,Mobile Phone,1,17,Cash on Delivery,Female,2,2,Laptop & Accessory,1,Divorced,6,0,29,2,15,30,412
C009633,16,Mobile Phone,1,30,Cash on Delivery,Female,2,4,Others,3,Married,4,0,2,1,3,9,150
C009634,23,Tablet,1,21,E wallet,Female,4,1,Grocery,3,Single,5,0,24,2,5,0,313
C009635,40,Mobile Phone,1,36,Credit Card,Male,1,1,Fashion,3,Divorced,1,0,26,4,7,15,437
C009636,60,Mobile Phone,3,28,Cash on Delivery,Male,1,3,Laptop & Accessory,5,Married,2,0,5,4,15,15,168
C009637,9,Mobile Phone,1,40,UPI,Male,5,6,Laptop & Accessory,4,Married,7,0,25,10,7,11,211
C009638,32,Mobile Phone,3,26,Debit Card,Female,2,1,Laptop & Accessory,3,Married,2,1,28,10,9,26,233
C009639,15,Mobile Phone,1,13,Debit Card,Male,2,4,Mobile Phone,5,Single,5,0,9,10,9,12,75
C009640,37,Mobile Phone,1,26,Debit Card,Female,1,5,Grocery,3,Married,3,0,4,1,9,23,462
C009641,13,Mobile Phone,2,45,E wallet,Male,5,6,Others,2,Single,3,0,14,6,6,29,108
C009642,5,Mobile Phone,2,50,Cash on Delivery,Male,3,2,Others,5,Married,7,1,11,1,5,12,176
C009643,11,Computer,2,24,Credit Card,Female,4,2,Mobile Phone,1,Divorced,5,0,6,9,14,9,231
C009644,10,Mobile Phone,2,7,Credit Card,Male,1,2,Fashion,5,Divorced,5,0,15,9,7,16,176
C009645,52,Mobile Phone,1,40,E wallet,Female,4,5,Grocery,2,Married,6,0,1,7,5,5,324
C009646,13,Tablet,2,37,UPI,Male,1,4,Laptop & Accessory,1,Married,3,0,10,7,12,29,57
C009647,41,Mobile Phone,2,22,Cash on Delivery,Female,5,1,Mobile Phone,3,Divorced,5,0,24,8,14,2,304
C009648,53,Computer,1,40,Cash on Delivery,Female,2,4,Mobile Phone,5,Married,4,0,9,0,3,30,61
C009649,46,Mobile Phone,3,14,UPI,Female,3,3,Grocery,2,Single,4,1,14,3,7,20,131
C009650,50,Computer,2,40,UPI,Female,4,4,Others,1,Single,5,0,24,2,8,4,446
C009651,15,Computer,1,25,Cash on Delivery,Male,3,4,Grocery,4,Divorced,3,0,25,1,15,27,292
C009652,42,Mobile Phone,3,29,Cash on Delivery,Female,2,2,Others,5,Single,4,1,25,1,2,8,243
C009653,56,Computer,3,44,Debit Card,Male,1,4,Grocery,5,Single,6,0,23,4,7,4,415
C009654,7,Computer,2,13,Credit Card,Male,5,5,Others,3,Married,6,0,17,6,4,16,196
C009655,40,Mobile Phone,1,31,Debit Card,Male,2,2,Mobile Phone,4,Married,3,0,5,6,4,4,447
C009656,28,Mobile Phone,3,19,Debit Card,Female,3,3,Others,3,Single,6,1,19,0,11,23,273
C009657,32,Mobile Phone,1,36,Credit Card,Female,3,5,Grocery,4,Single,7,1,18,7,1,4,457
C009658,35,Computer,1,48,E wallet,Female,3,5,Fashion,1,Married,5,0,27,5,13,28,378
C009659,15,Mobile Phone,1,43,E wallet,Female,1,3,Grocery,1,Single,5,0,2,9,4,17,159
C009660,48,Mobile Phone,2,20,E wallet,Male,3,1,Mobile Phone,5,Divorced,5,1,29,7,7,24,418
C009661,36,Mobile Phone,3,32,E wallet,Female,1,4,Others,5,Single,4,1,24,10,12,30,171
C009662,21,Mobile Phone,2,10,UPI,Female,3,4,Others,1,Single,2,0,3,3,3,1,123
C009663,6,Mobile Phone,3,10,Debit Card,Male,4,1,Others,4,Married,2,0,7,5,6,2,211
C009664,1,Mobile Phone,1,42,UPI,Male,4,6,Mobile Phone,3,Single,6,0,0,0,14,26,159
C009665,4,Computer,1,6,UPI,Female,2,3,Grocery,1,Single,2,0,9,10,6,27,125
C009666,11,Mobile Phone,2,45,Credit Card,Male,2,6,Others,1,Married,4,0,11,10,12,11,191
C009667,44,Mobile Phone,3,44,E wallet,Female,5,6,Fashion,2,Married,3,0,30,3,6,1,390
C009668,26,Mobile Phone,2,11,Cash on Delivery,Female,3,1,Fashion,5,Single,6,0,19,5,5,6,413
C009669,37,Mobile Phone,1,31,E wallet,Male,3,2,Laptop & Accessory,4,Married,2,0,23,9,15,19,136
C009670,23,Mobile Phone,1,32,Debit Card,Female,1,2,Fashion,3,Married,2,0,7,6,8,16,306
C009671,29,Mobile Phone,1,20,UPI,Male,2,2,Laptop & Accessory,2,Married,6,0,15,9,6,1,152
C009672,21,Mobile Phone,1,13,Debit Card,Male,4,1,Others,2,Single,6,0,25,4,4,9,450
C009673,48,Mobile Phone,1,19,UPI,Male,1,5,Mobile Phone,1,Married,7,0,20,2,4,17,416
C009674,45,Mobile Phone,3,38,UPI,Female,4,2,Mobile Phone,5,Married,1,0,6,8,8,12,402
C009675,45,Mobile Phone,2,24,UPI,Female,1,1,Mobile Phone,1,Single,6,0,24,9,7,15,372
C009676,49,Tablet,2,18,Cash on Delivery,Female,2,2,Others,2,Married,5,0,18,7,2,9,201
C009677,27,Mobile Phone,1,15,E wallet,Male,3,2,Others,2,Single,2,0,2,9,5,15,66
C009678,39,Computer,1,34,UPI,Female,3,4,Grocery,3,Single,2,0,10,0,13,27,215
C009679,40,Computer,2,7,Credit Card,Female,2,1,Fashion,1,Single,3,0,7,1,2,28,444
C009680,13,Mobile Phone,3,6,UPI,Male,4,4,Others,1,Married,5,0,19,1,10,10,459
C009681,23,Computer,2,18,E wallet,Male,5,3,Fashion,4,Single,7,0,2,8,9,15,318
C009682,59,Mobile Phone,3,33,E wallet,Male,5,2,Mobile Phone,3,Married,4,1,30,5,6,7,348
C009683,16,Mobile Phone,3,9,Cash on Delivery,Female,2,6,Fashion,5,Single,4,0,10,8,11,12,381
C009684,30,Mobile Phone,1,48,UPI,Male,1,6,Grocery,1,Married,1,0,25,7,6,20,490
C009685,4,Computer,1,50,Credit Card,Male,3,2,Mobile Phone,1,Single,3,0,24,5,13,22,449
C009686,40,Mobile Phone,2,10,Cash on Delivery,Male,4,4,Fashion,5,Single,3,0,11,5,13,5,384
C009687,16,Computer,2,12,Cash on Delivery,Female,5,6,Grocery,3,Married,5,0,9,5,8,11,486
C009688,31,Mobile Phone,1,43,UPI,Female,3,1,Fashion,1,Single,3,1,9,4,2,27,452
C009689,53,Computer,2,43,UPI,Male,2,5,Grocery,5,Married,7,1,13,0,12,10,68
C009690,42,Mobile Phone,2,48,Cash on Delivery,Male,3,6,Fashion,4,Divorced,6,0,11,5,1,25,214
C009691,25,Mobile Phone,3,33,Cash on Delivery,Female,5,5,Mobile Phone,1,Single,1,0,9,0,6,11,376
C009692,44,Mobile Phone,1,43,Cash on Delivery,Female,4,3,Mobile Phone,5,Single,7,0,7,7,13,1,446
C009693,12,Mobile Phone,1,48,Debit Card,Female,1,1,Laptop & Accessory,2,Married,5,0,12,10,14,19,310
C009694,26,Mobile Phone,2,31,Cash on Delivery,Male,1,1,Grocery,1,Divorced,3,0,21,6,10,6,130
C009695,37,Computer,2,20,E wallet,Female,3,4,Fashion,4,Married,3,0,19,3,6,14,145
C009696,48,Mobile Phone,2,31,Credit Card,Male,1,2,Fashion,5,Married,6,0,14,6,9,27,487
C009697,33,Computer,3,43,Credit Card,Female,5,2,Fashion,5,Married,2,0,16,6,5,6,124
C009698,28,Mobile Phone,3,44,UPI,Female,4,1,Others,1,Divorced,6,1,30,6,4,6,468
C009699,9,Computer,2,5,Cash on Delivery,Male,1,5,Grocery,2,Single,2,0,13,3,11,15,241
C009700,12,Mobile Phone,1,49,Credit Card,Female,1,3,Fashion,5,Married,7,1,29,8,11,12,312
C009701,5,Mobile Phone,2,37,Credit Card,Male,2,4,Laptop & Accessory,5,Married,1,0,7,4,6,28,455
C009702,54,Computer,2,43,E wallet,Female,1,1,Mobile Phone,2,Married,2,1,30,1,12,28,438
C009703,52,Mobile Phone,3,31,E wallet,Male,1,3,Others,4,Single,3,0,19,10,6,13,441
C009704,54,Mobile Phone,3,21,Debit Card,Female,5,1,Others,1,Married,2,0,1,6,11,21,127
C009705,28,Mobile Phone,2,19,Debit Card,Male,1,3,Mobile Phone,1,Single,3,1,5,4,5,15,206
C009706,56,Mobile Phone,2,26,Credit Card,Male,2,3,Others,1,Single,5,0,13,5,3,5,218
C009707,35,Mobile Phone,1,23,UPI,Male,2,6,Laptop & Accessory,3,Single,7,0,25,6,3,3,347
C009708,5,Computer,1,32,Credit Card,Male,2,2,Laptop & Accessory,1,Married,2,0,0,2,6,1,271
C009709,34,Mobile Phone,1,27,UPI,Male,1,6,Mobile Phone,2,Single,1,0,22,4,6,23,141
C009710,46,Mobile Phone,1,40,Credit Card,Male,3,4,Grocery,1,Divorced,4,0,24,5,7,3,295
C009711,34,Mobile Phone,2,43,E wallet,Female,3,4,Others,4,Single,7,0,5,1,8,13,391
C009712,13,Mobile Phone,1,24,Cash on Delivery,Female,5,6,Fashion,3,Married,7,0,4,8,10,27,457
C009713,39,Mobile Phone,2,13,Credit Card,Male,3,2,Fashion,2,Single,3,0,27,3,13,12,149
C009714,42,Computer,2,27,Debit Card,Male,5,5,Laptop & Accessory,2,Married,1,0,2,0,7,17,329
C009715,45,Computer,2,49,UPI,Female,5,6,Grocery,4,Single,3,0,25,7,13,3,51
C009716,48,Mobile Phone,2,11,UPI,Male,2,4,Grocery,1,Married,3,0,6,2,12,15,345
C009717,58,Computer,1,35,Credit Card,Female,4,2,Others,3,Single,5,0,26,1,3,1,250
C009718,14,Mobile Phone,3,15,UPI,Female,5,3,Others,3,Married,3,0,1,10,1,11,197
C009719,11,Computer,1,44,Debit Card,Male,1,3,Mobile Phone,3,Married,4,0,16,6,13,16,374
C009720,42,Mobile Phone,3,21,E wallet,Male,2,4,Laptop & Accessory,2,Single,4,0,26,9,6,13,228
C009721,38,Mobile Phone,1,40,Cash on Delivery,Male,1,3,Mobile Phone,4,Married,6,1,30,9,5,2,69
C009722,4,Mobile Phone,2,30,Cash on Delivery,Male,1,4,Mobile Phone,2,Single,4,0,15,0,9,19,157
C009723,53,Mobile Phone,1,40,UPI,Female,3,1,Grocery,1,Single,1,0,1,8,5,17,129
C009724,33,Mobile Phone,1,22,Credit Card,Female,1,2,Others,5,Married,7,0,19,1,8,7,151
C009725,7,Mobile Phone,2,35,UPI,Male,5,5,Fashion,3,Single,7,0,11,3,4,22,116
C009726,56,Mobile Phone,2,39,Debit Card,Male,1,4,Mobile Phone,3,Married,5,0,19,3,14,21,324
C009727,41,Mobile Phone,1,45,Credit Card,Female,1,5,Laptop & Accessory,3,Single,7,0,15,4,3,12,396
C009728,8,Mobile Phone,2,32,E wallet,Male,3,2,Mobile Phone,2,Single,7,0,17,10,12,14,233
C009729,37,Mobile Phone,1,30,Debit Card,Female,1,6,Fashion,3,Married,1,0,29,1,7,18,386
C009730,51,Mobile Phone,1,10,E wallet,Male,5,2,Fashion,3,Married,1,0,15,5,3,26,456
C009731,10,Mobile Phone,3,38,Credit Card,Female,5,1,Laptop & Accessory,5,Single,4,1,19,3,7,22,316
C009732,43,Mobile Phone,3,32,E wallet,Female,1,2,Fashion,4,Married,1,0,4,6,8,24,469
C009733,57,Computer,2,48,Debit Card,Female,5,3,Fashion,1,Married,3,0,23,4,12,8,357
C009734,15,Computer,1,13,Debit Card,Female,5,6,Fashion,2,Married,7,0,20,5,4,3,134
C009735,38,Mobile Phone,1,33,UPI,Male,3,5,Mobile Phone,1,Married,2,0,16,9,3,2,429
C009736,15,Mobile Phone,3,38,Credit Card,Male,2,2,Laptop & Accessory,4,Married,3,1,10,5,2,17,110
C009737,5,Mobile Phone,1,16,Cash on Delivery,Female,2,2,Mobile Phone,1,Married,7,0,13,10,5,28,236
C009738,29,Computer,3,20,Cash on Delivery,Female,4,5,Laptop & Accessory,2,Married,1,0,9,10,13,18,134
C009739,19,Mobile Phone,1,11,E wallet,Female,2,5,Fashion,5,Single,5,0,22,6,14,21,351
C009740,54,Mobile Phone,3,35,Cash on Delivery,Male,1,1,Fashion,1,Single,7,0,23,10,3,23,433
C009741,51,Mobile Phone,1,37,Cash on Delivery,Male,5,2,Others,4,Married,3,0,13,4,7,28,161
C009742,10,Mobile Phone,1,11,Debit Card,Male,2,3,Fashion,2,Divorced,1,0,11,3,9,21,336
C009743,12,Mobile Phone,2,7,Debit Card,Male,3,3,Laptop & Accessory,4,Single,5,0,3,9,2,11,239
C009744,54,Mobile Phone,3,24,Debit Card,Male,4,1,Grocery,1,Single,4,0,0,8,5,8,173
C009745,4,Mobile Phone,3,9,Cash on Delivery,Female,1,2,Laptop & Accessory,2,Single,2,0,25,10,5,0,178
C009746,31,Mobile Phone,2,7,E wallet,Male,2,5,Fashion,1,Single,1,1,25,5,7,12,279
C009747,18,Mobile Phone,3,42,Credit Card,Male,5,3,Fashion,3,Married,6,1,3,6,7,13,467
C009748,16,Mobile Phone,2,19,UPI,Male,3,6,Grocery,2,Single,3,0,25,7,5,1,358
C009749,40,Mobile Phone,3,39,E wallet,Male,2,6,Fashion,1,Divorced,2,0,3,0,5,25,384
C009750,36,Computer,3,27,Debit Card,Female,5,2,Others,2,Married,4,0,15,2,8,22,75
C009751,25,Mobile Phone,2,37,E wallet,Female,2,1,Grocery,5,Single,4,1,4,7,10,21,166
C009752,23,Mobile Phone,2,6,Credit Card,Female,1,1,Mobile Phone,3,Single,2,0,15,10,4,27,118
C009753,12,Mobile Phone,2,40,Debit Card,Male,4,6,Others,4,Divorced,1,0,7,10,15,7,350
C009754,34,Mobile Phone,2,25,Credit Card,Female,5,5,Laptop & Accessory,1,Married,1,0,19,7,11,27,356
C009755,36,Mobile Phone,3,18,UPI,Female,4,1,Others,4,Divorced,5,0,16,9,12,25,292
C009756,37,Mobile Phone,1,18,E wallet,Male,4,1,Others,1,Single,5,0,16,7,8,5,342
C009757,3,Mobile Phone,1,46,UPI,Female,3,1,Fashion,2,Single,1,0,19,2,7,6,97
C009758,9,Mobile Phone,2,15,Cash on Delivery,Male,5,3,Mobile Phone,4,Married,3,0,15,10,11,19,262
C009759,53,Mobile Phone,1,8,E wallet,Female,3,5,Grocery,3,Divorced,7,0,9,6,1,28,440
C009760,18,Mobile Phone,2,34,Cash on Delivery,Male,4,5,Others,1,Single,4,0,10,9,12,28,270
C009761,43,Mobile Phone,3,40,Credit Card,Female,1,5,Fashion,4,Married,7,0,29,5,2,29,315
C009762,35,Mobile Phone,2,24,Cash on Delivery,Female,1,1,Others,1,Single,5,0,28,9,6,29,317
C009763,57,Mobile Phone,3,20,Credit Card,Male,2,1,Mobile Phone,5,Single,2,1,22,10,7,10,399
C009764,55,Mobile Phone,1,38,UPI,Female,2,6,Grocery,5,Married,6,0,26,5,1,24,500
C009765,34,Mobile Phone,3,49,Debit Card,Male,5,3,Fashion,4,Married,6,0,20,3,9,9,443
C009766,41,Mobile Phone,2,12,UPI,Female,1,1,Others,5,Single,2,0,6,9,13,29,498
C009767,14,Mobile Phone,1,49,Cash on Delivery,Male,4,3,Mobile Phone,3,Married,1,0,28,1,5,12,166
C009768,4,Computer,2,24,Credit Card,Female,1,5,Laptop & Accessory,4,Married,2,0,25,1,7,18,454
C009769,29,Computer,3,25,Cash on Delivery,Female,5,3,Laptop & Accessory,2,Married,2,0,4,6,13,21,178
C009770,41,Mobile Phone,1,44,Debit Card,Female,2,2,Mobile Phone,4,Single,1,1,8,2,3,17,421
C009771,45,Mobile Phone,2,34,E wallet,Male,2,4,Grocery,2,Married,6,1,8,9,13,5,136
C009772,50,Mobile Phone,3,40,E wallet,Male,3,1,Others,5,Single,7,0,28,2,8,10,395
C009773,15,Mobile Phone,1,9,E wallet,Male,2,5,Others,4,Married,6,0,11,10,7,9,295
C009774,28,Computer,2,25,Cash on Delivery,Female,4,4,Mobile Phone,3,Married,7,0,18,10,4,11,133
C009775,42,Computer,2,42,E wallet,Male,5,6,Others,5,Married,3,0,23,5,1,8,127
C009776,16,Computer,1,27,Credit Card,Male,2,4,Grocery,5,Single,1,0,25,10,12,5,321
C009777,12,Mobile Phone,2,23,Debit Card,Female,2,5,Mobile Phone,5,Single,4,0,20,3,8,6,450
C009778,52,Mobile Phone,1,14,UPI,Male,4,6,Laptop & Accessory,2,Single,7,0,20,2,3,17,62
C009779,5,Computer,3,31,Credit Card,Male,2,4,Laptop & Accessory,2,Single,6,1,30,5,11,30,454
C009780,34,Mobile Phone,1,39,Debit Card,Male,4,3,Fashion,3,Single,5,0,6,0,13,4,74
C009781,42,Computer,1,17,UPI,Female,2,5,Laptop & Accessory,2,Single,3,0,12,10,1,27,362
C009782,1,Mobile Phone,2,13,E wallet,Male,4,5,Others,1,Married,7,0,0,0,3,5,335
C009783,39,Mobile Phone,1,21,UPI,Male,2,6,Grocery,1,Single,3,0,16,7,2,18,183
C009784,32,Mobile Phone,1,35,Cash on Delivery,Male,5,3,Grocery,4,Single,7,1,26,7,1,9,66
C009785,26,Mobile Phone,3,46,Cash on Delivery,Female,3,2,Fashion,5,Single,6,0,7,8,3,3,391
C009786,17,Mobile Phone,3,48,E wallet,Male,3,2,Others,1,Divorced,2,0,17,2,6,13,393
C009787,48,Mobile Phone,3,49,E wallet,Female,1,4,Mobile Phone,2,Single,5,0,20,4,3,9,349
C009788,59,Mobile Phone,2,28,Credit Card,Male,3,5,Fashion,3,Single,5,0,24,5,4,15,361
C009789,27,Mobile Phone,3,46,Credit Card,Female,4,3,Others,2,Married,3,0,0,2,6,7,257
C009790,24,Mobile Phone,3,23,Cash on Delivery,Male,4,6,Mobile Phone,5,Single,4,0,19,10,5,27,175
C009791,35,Mobile Phone,2,34,Debit Card,Male,3,5,Laptop & Accessory,5,Single,4,0,20,7,8,18,340
C009792,46,Computer,1,9,Credit Card,Female,4,6,Laptop & Accessory,1,Single,2,0,14,2,14,7,475
C009793,42,Mobile Phone,1,12,Debit Card,Female,5,6,Mobile Phone,1,Single,2,0,12,8,10,9,302
C009794,54,Mobile Phone,2,41,Cash on Delivery,Male,4,3,Fashion,2,Divorced,7,0,9,4,14,30,356
C009795,39,Tablet,3,40,Credit Card,Male,5,2,Mobile Phone,4,Single,4,0,29,9,12,20,402
C009796,26,Computer,2,29,Debit Card,Male,5,2,Others,2,Married,5,0,5,6,5,2,113
C009797,49,Mobile Phone,2,49,Debit Card,Male,5,4,Mobile Phone,1,Married,4,0,23,10,1,11,451
C009798,38,Computer,1,9,Credit Card,Male,2,6,Others,4,Divorced,3,0,21,10,2,4,200
C009799,23,Mobile Phone,1,37,E wallet,Male,1,6,Others,4,Divorced,1,1,27,10,3,25,328
C009800,22,Mobile Phone,2,26,UPI,Female,4,3,Laptop & Accessory,1,Single,6,0,28,6,2,28,350
C009801,4,Mobile Phone,3,46,E wallet,Female,2,6,Others,2,Divorced,7,0,24,10,14,26,379
C009802,49,Mobile Phone,1,29,UPI,Female,1,2,Grocery,3,Single,1,0,30,4,7,9,449
C009803,59,Computer,3,47,Debit Card,Female,2,1,Laptop & Accessory,1,Married,1,0,2,7,9,17,143
C009804,9,Computer,1,33,Credit Card,Male,4,2,Laptop & Accessory,2,Single,5,1,25,0,3,5,429
C009805,4,Tablet,2,49,Cash on Delivery,Female,5,5,Mobile Phone,3,Single,4,0,12,5,8,12,187
C009806,7,Computer,2,34,Credit Card,Female,2,6,Others,5,Single,3,0,15,10,10,25,121
C009807,23,Mobile Phone,3,34,E wallet,Female,1,6,Mobile Phone,5,Single,3,0,4,2,12,15,256
C009808,2,Mobile Phone,1,48,UPI,Female,1,6,Others,5,Married,2,0,8,10,10,26,323
C009809,49,Tablet,1,50,Credit Card,Male,1,3,Laptop & Accessory,3,Single,5,0,23,1,3,20,481
C009810,24,Computer,1,35,UPI,Female,2,6,Grocery,4,Single,7,0,22,1,12,8,304
C009811,40,Computer,3,38,E wallet,Female,1,1,Laptop & Accessory,5,Single,3,1,18,3,4,14,329
C009812,55,Computer,1,32,E wallet,Male,3,6,Fashion,5,Single,2,0,14,8,4,7,327
C009813,31,Mobile Phone,1,14,Credit Card,Male,1,2,Mobile Phone,4,Single,5,1,8,10,1,22,425
C009814,47,Computer,2,8,Cash on Delivery,Female,1,2,Grocery,3,Single,3,0,24,0,10,7,89
C009815,31,Computer,2,37,Cash on Delivery,Female,2,3,Mobile Phone,3,Divorced,4,0,14,2,1,21,262
C009816,47,Tablet,3,21,UPI,Female,4,1,Others,4,Single,7,0,13,0,5,20,264
C009817,40,Mobile Phone,3,15,Credit Card,Male,2,3,Mobile Phone,1,Married,3,0,18,0,12,23,274
C009818,48,Mobile Phone,2,11,Debit Card,Female,2,2,Laptop & Accessory,4,Married,7,0,24,9,6,0,59
C009819,51,Mobile Phone,3,21,E wallet,Male,3,4,Laptop & Accessory,2,Single,6,0,16,6,7,1,144
C009820,43,Mobile Phone,2,32,UPI,Male,4,3,Mobile Phone,2,Married,6,0,0,7,6,24,270
C009821,34,Mobile Phone,1,21,E wallet,Female,2,6,Others,1,Divorced,5,0,26,9,11,22,202
C009822,55,Mobile Phone,3,45,UPI,Female,3,2,Others,1,Married,2,0,0,2,4,7,369
C009823,24,Mobile Phone,2,14,Credit Card,Male,2,3,Grocery,2,Married,5,1,18,0,11,11,432
C009824,49,Mobile Phone,2,30,UPI,Male,3,2,Laptop & Accessory,4,Married,1,0,12,0,14,11,181
C009825,60,Mobile Phone,2,10,UPI,Male,5,3,Mobile Phone,3,Married,7,0,23,6,7,4,323
C009826,26,Mobile Phone,2,21,Debit Card,Male,1,2,Grocery,2,Married,3,0,21,8,13,15,142
C009827,16,Mobile Phone,1,20,UPI,Male,1,1,Fashion,4,Single,7,0,22,4,10,11,378
C009828,57,Mobile Phone,2,43,Cash on Delivery,Male,2,5,Grocery,2,Single,1,1,5,0,5,11,429
C009829,47,Mobile Phone,3,30,UPI,Female,3,5,Fashion,3,Single,7,0,28,10,15,6,255
C009830,13,Mobile Phone,2,8,UPI,Female,5,3,Fashion,2,Married,7,0,15,1,15,5,323
C009831,15,Mobile Phone,1,24,Credit Card,Female,1,6,Grocery,2,Married,6,0,16,3,7,8,452
C009832,27,Mobile Phone,3,45,UPI,Female,2,2,Laptop & Accessory,3,Single,6,0,11,8,11,25,58
C009833,4,Computer,1,15,Debit Card,Male,2,5,Grocery,5,Married,4,0,4,6,1,5,387
C009834,16,Mobile Phone,1,27,Credit Card,Male,3,5,Grocery,2,Single,2,1,15,2,15,15,211
C009835,30,Mobile Phone,1,37,E wallet,Female,4,3,Laptop & Accessory,2,Single,6,0,10,8,12,16,443
C009836,44,Computer,1,35,Cash on Delivery,Female,2,6,Laptop & Accessory,2,Single,4,0,6,2,14,14,86
C009837,30,Mobile Phone,2,11,Cash on Delivery,Female,5,3,Laptop & Accessory,1,Married,5,1,13,1,3,21,189
C009838,36,Tablet,2,26,E wallet,Female,5,3,Laptop & Accessory,1,Single,3,0,23,9,15,4,81
C009839,3,Computer,3,9,UPI,Female,4,4,Laptop & Accessory,3,Married,2,0,20,10,1,12,159
C009840,22,Mobile Phone,3,41,Debit Card,Male,5,1,Laptop & Accessory,4,Married,1,1,7,5,5,6,281
C009841,49,Mobile Phone,3,5,Debit Card,Male,3,1,Grocery,1,Single,1,0,29,7,8,1,78
C009842,22,Mobile Phone,2,10,Debit Card,Female,2,1,Mobile Phone,3,Single,7,0,20,7,11,6,119
C009843,50,Mobile Phone,2,49,Debit Card,Female,3,2,Mobile Phone,1,Single,5,0,0,8,5,18,306
C009844,57,Mobile Phone,3,8,UPI,Female,4,2,Mobile Phone,4,Married,1,0,26,4,12,7,196
C009845,50,Mobile Phone,2,34,E wallet,Female,4,1,Grocery,1,Single,5,1,27,5,12,13,443
C009846,55,Computer,3,34,E wallet,Female,3,3,Laptop & Accessory,5,Single,2,0,26,4,14,22,306
C009847,60,Mobile Phone,2,21,Cash on Delivery,Female,1,4,Fashion,4,Single,6,0,20,1,9,5,143
C009848,49,Mobile Phone,1,28,E wallet,Female,4,1,Laptop & Accessory,4,Single,6,0,28,7,14,2,413
C009849,12,Mobile Phone,2,35,Debit Card,Female,2,6,Others,1,Married,4,0,0,9,14,27,413
C009850,55,Mobile Phone,2,32,UPI,Male,4,3,Laptop & Accessory,1,Divorced,3,0,3,8,9,21,341
C009851,21,Mobile Phone,2,49,Credit Card,Female,3,5,Mobile Phone,2,Married,4,1,23,10,8,8,258
C009852,56,Mobile Phone,1,47,Credit Card,Female,3,4,Laptop & Accessory,2,Married,7,0,5,7,12,7,498
C009853,4,Mobile Phone,2,8,Debit Card,Female,5,2,Laptop & Accessory,4,Married,4,0,17,7,10,5,106
C009854,31,Tablet,3,43,Cash on Delivery,Male,1,5,Others,2,Single,3,0,13,9,4,17,61
C009855,44,Mobile Phone,3,23,Credit Card,Female,3,5,Fashion,2,Married,2,1,27,5,11,15,168
C009856,31,Mobile Phone,1,28,Debit Card,Male,5,6,Fashion,2,Single,5,0,18,8,6,27,447
C009857,58,Mobile Phone,1,11,UPI,Female,5,6,Mobile Phone,5,Married,1,1,16,10,5,28,83
C009858,23,Mobile Phone,2,50,Credit Card,Male,2,6,Fashion,2,Single,3,0,5,1,4,28,130
C009859,54,Mobile Phone,2,13,Debit Card,Male,5,5,Mobile Phone,2,Married,7,0,25,6,6,17,424
C009860,53,Computer,1,26,Credit Card,Female,1,3,Grocery,5,Married,6,0,15,5,11,23,358
C009861,20,Computer,1,6,UPI,Female,2,1,Others,1,Married,4,0,25,3,11,30,122
C009862,15,Mobile Phone,3,31,E wallet,Female,3,5,Laptop & Accessory,4,Married,3,0,14,10,8,15,438
C009863,23,Mobile Phone,3,20,E wallet,Male,3,1,Others,3,Single,2,1,30,9,11,30,58
C009864,28,Mobile Phone,2,9,UPI,Male,5,5,Fashion,1,Divorced,3,0,14,10,5,2,159
C009865,16,Mobile Phone,2,16,UPI,Female,4,3,Laptop & Accessory,5,Married,1,1,5,9,11,30,463
C009866,37,Mobile Phone,2,30,E wallet,Male,1,1,Others,5,Single,4,0,18,2,14,4,474
C009867,21,Mobile Phone,1,19,UPI,Female,1,2,Others,4,Single,1,0,14,6,13,27,323
C009868,15,Mobile Phone,2,7,UPI,Male,5,4,Mobile Phone,2,Single,6,0,16,5,9,30,477
C009869,17,Mobile Phone,1,13,UPI,Female,1,5,Grocery,3,Single,1,0,1,5,9,28,262
C009870,50,Computer,2,32,E wallet,Female,2,5,Others,3,Married,1,0,0,0,6,26,427
C009871,37,Computer,1,43,E wallet,Male,5,3,Laptop & Accessory,3,Divorced,1,1,18,8,12,5,52
C009872,13,Mobile Phone,2,40,Credit Card,Male,4,4,Grocery,1,Single,6,0,2,6,14,17,447
C009873,19,Mobile Phone,2,29,E wallet,Male,3,6,Grocery,5,Divorced,3,0,16,10,8,27,444
C009874,30,Computer,1,45,Credit Card,Male,1,1,Laptop & Accessory,3,Married,3,0,23,4,13,18,394
C009875,45,Mobile Phone,1,32,E wallet,Male,3,5,Grocery,3,Married,4,1,6,0,1,25,86
C009876,18,Computer,1,25,Cash on Delivery,Female,4,2,Fashion,2,Married,6,0,13,9,3,12,315
C009877,14,Mobile Phone,2,33,Credit Card,Female,4,6,Grocery,1,Married,7,0,13,10,8,5,390
C009878,36,Mobile Phone,1,29,UPI,Male,2,6,Mobile Phone,5,Single,5,0,10,1,1,20,321
C009879,36,Mobile Phone,1,34,Cash on Delivery,Male,4,2,Grocery,4,Married,5,0,15,1,10,5,87
C009880,20,Computer,2,43,E wallet,Male,4,3,Others,2,Single,1,0,21,4,3,13,337
C009881,52,Mobile Phone,3,15,E wallet,Female,1,6,Grocery,2,Single,6,0,29,5,5,5,181
C009882,19,Mobile Phone,1,23,Cash on Delivery,Female,3,5,Mobile Phone,2,Married,2,0,6,8,10,5,178
C009883,45,Mobile Phone,2,15,Debit Card,Female,1,3,Mobile Phone,3,Married,1,0,26,7,9,11,303
C009884,44,Computer,3,29,UPI,Female,1,4,Grocery,4,Married,2,0,17,6,5,20,164
C009885,7,Computer,3,5,Credit Card,Female,5,2,Fashion,1,Married,2,0,23,9,1,29,229
C009886,57,Tablet,1,36,Cash on Delivery,Female,5,2,Grocery,5,Married,6,1,22,6,15,21,356
C009887,44,Tablet,3,25,Credit Card,Female,2,3,Laptop & Accessory,1,Married,1,0,16,3,11,26,377
C009888,53,Mobile Phone,2,49,E wallet,Male,2,4,Mobile Phone,2,Single,6,0,26,1,1,13,337
C009889,4,Mobile Phone,3,17,Debit Card,Female,4,6,Grocery,4,Married,4,0,23,0,14,9,488
C009890,59,Mobile Phone,2,38,Debit Card,Female,2,1,Fashion,1,Single,2,0,11,7,9,0,485
C009891,34,Mobile Phone,3,21,Credit Card,Female,2,4,Fashion,1,Married,1,1,11,3,5,23,500
C009892,2,Computer,3,23,E wallet,Female,4,3,Fashion,2,Single,7,0,10,9,4,24,225
C009893,5,Computer,2,14,Debit Card,Male,3,6,Others,2,Married,1,0,12,10,3,29,358
C009894,55,Mobile Phone,3,46,UPI,Male,4,6,Others,1,Single,1,0,11,1,9,9,464
C009895,10,Mobile Phone,1,13,E wallet,Male,4,6,Others,1,Divorced,2,1,22,5,5,25,264
C009896,32,Computer,1,15,Cash on Delivery,Male,3,3,Laptop & Accessory,3,Married,3,0,25,2,3,27,214
C009897,42,Mobile Phone,2,42,Cash on Delivery,Female,4,4,Laptop & Accessory,4,Married,6,0,9,1,4,0,121
C009898,41,Mobile Phone,3,35,Cash on Delivery,Male,5,3,Grocery,2,Single,2,0,1,6,10,18,162
C009899,13,Mobile Phone,2,6,UPI,Female,2,2,Others,5,Married,3,0,2,3,3,15,95
C009900,39,Mobile Phone,2,28,E wallet,Male,4,3,Others,5,Married,3,0,21,4,7,18,173
C009901,5,Mobile Phone,2,46,Credit Card,Male,1,1,Laptop & Accessory,2,Married,4,0,10,5,6,7,91
C009902,58,Mobile Phone,1,9,Credit Card,Male,2,2,Fashion,4,Single,5,1,5,6,2,4,497
C009903,10,Mobile Phone,1,34,E wallet,Female,5,5,Fashion,5,Single,1,0,19,6,10,24,493
C009904,10,Tablet,2,43,UPI,Male,5,2,Mobile Phone,3,Married,1,0,23,3,6,19,353
C009905,38,Mobile Phone,3,39,E wallet,Male,4,2,Grocery,2,Married,6,0,25,7,14,0,175
C009906,27,Mobile Phone,1,21,Credit Card,Male,3,2,Grocery,5,Married,2,0,1,3,11,23,210
C009907,60,Tablet,2,35,E wallet,Female,1,6,Others,5,Married,7,0,12,3,14,24,266
C009908,51,Mobile Phone,1,6,Cash on Delivery,Female,4,4,Laptop & Accessory,2,Single,7,0,2,7,13,22,225
C009909,21,Mobile Phone,1,20,E wallet,Female,3,5,Grocery,4,Single,5,0,6,8,4,20,435
C009910,8,Computer,1,25,Debit Card,Female,5,1,Fashion,2,Single,6,0,3,5,10,30,438
C009911,1,Mobile Phone,2,34,E wallet,Female,2,2,Laptop & Accessory,1,Single,7,0,11,1,15,19,447
C009912,28,Computer,1,5,Credit Card,Male,5,4,Others,5,Single,4,0,26,10,5,13,212
C009913,49,Mobile Phone,1,18,Credit Card,Female,4,3,Others,1,Married,1,0,23,9,6,19,447
C009914,39,Mobile Phone,3,20,Credit Card,Male,3,5,Grocery,4,Married,2,0,13,7,9,30,324
C009915,14,Mobile Phone,3,13,Cash on Delivery,Female,4,6,Grocery,1,Divorced,4,1,9,9,4,15,385
C009916,21,Mobile Phone,1,12,Credit Card,Male,5,1,Mobile Phone,4,Married,5,0,8,8,15,7,422
C009917,30,Computer,2,13,Debit Card,Female,1,5,Grocery,2,Single,7,1,21,8,6,24,131
C009918,21,Mobile Phone,1,38,E wallet,Male,5,1,Grocery,3,Married,2,0,5,7,11,21,51
C009919,49,Computer,3,49,UPI,Female,4,1,Fashion,3,Single,4,1,11,1,11,4,432
C009920,9,Computer,2,37,Credit Card,Female,3,3,Fashion,2,Divorced,5,1,21,4,6,24,372
C009921,17,Mobile Phone,3,26,E wallet,Female,4,1,Laptop & Accessory,5,Married,1,0,7,1,14,30,428
C009922,5,Computer,1,34,Cash on Delivery,Male,2,3,Grocery,4,Single,5,0,10,0,9,14,61
C009923,58,Mobile Phone,2,11,E wallet,Female,2,2,Grocery,1,Married,2,1,17,3,4,9,357
C009924,57,Mobile Phone,2,22,Credit Card,Male,3,5,Others,3,Divorced,1,1,1,6,2,6,257
C009925,31,Computer,1,25,Credit Card,Male,5,1,Fashion,1,Married,3,0,30,0,9,27,451
C009926,52,Mobile Phone,1,9,Credit Card,Female,4,3,Others,1,Single,2,0,29,2,8,18,175
C009927,40,Mobile Phone,2,11,Debit Card,Male,2,2,Grocery,1,Single,3,1,9,4,4,8,468
C009928,38,Mobile Phone,2,16,E wallet,Female,1,5,Fashion,5,Married,5,0,12,9,15,8,105
C009929,43,Mobile Phone,1,21,UPI,Male,2,2,Grocery,3,Divorced,6,0,5,8,11,11,337
C009930,19,Mobile Phone,2,28,Debit Card,Female,5,4,Mobile Phone,1,Divorced,6,0,22,8,2,26,123
C009931,36,Mobile Phone,1,41,UPI,Male,3,5,Others,1,Divorced,4,1,9,9,14,13,210
C009932,50,Mobile Phone,1,48,Credit Card,Male,1,3,Fashion,3,Married,7,0,28,6,3,29,193
C009933,33,Mobile Phone,2,23,UPI,Female,4,1,Fashion,1,Married,1,0,21,6,6,25,392
C009934,13,Mobile Phone,1,49,UPI,Female,4,3,Grocery,4,Single,2,0,14,9,10,25,207
C009935,14,Mobile Phone,2,20,Debit Card,Male,3,6,Grocery,3,Married,1,0,18,2,12,6,223
C009936,56,Mobile Phone,1,29,Debit Card,Male,1,3,Laptop & Accessory,1,Single,5,1,9,6,9,2,377
C009937,33,Computer,2,31,E wallet,Female,1,3,Laptop & Accessory,5,Married,6,0,14,10,10,25,114
C009938,29,Mobile Phone,2,46,UPI,Male,1,5,Others,4,Married,5,0,26,0,12,21,402
C009939,43,Mobile Phone,3,48,Debit Card,Male,3,5,Fashion,2,Married,6,0,27,0,9,1,309
C009940,49,Mobile Phone,1,11,E wallet,Male,3,4,Grocery,5,Single,7,0,21,0,6,6,164
C009941,36,Mobile Phone,2,50,UPI,Male,4,6,Others,2,Divorced,4,0,9,8,7,12,312
C009942,58,Mobile Phone,1,46,UPI,Male,2,2,Fashion,2,Married,4,0,12,3,11,11,143
C009943,44,Tablet,2,12,Credit Card,Female,5,6,Grocery,1,Married,7,0,27,5,5,1,372
C009944,10,Computer,2,19,Debit Card,Male,4,3,Laptop & Accessory,4,Married,2,0,18,3,4,10,231
C009945,31,Computer,1,20,Cash on Delivery,Female,1,4,Fashion,1,Married,6,0,16,7,1,4,248
C009946,6,Computer,2,12,Debit Card,Male,2,4,Grocery,5,Divorced,1,0,14,1,12,24,395
C009947,57,Mobile Phone,1,40,Credit Card,Female,5,5,Others,2,Married,2,1,10,4,12,3,409
C009948,1,Mobile Phone,1,36,E wallet,Female,1,2,Others,1,Married,3,0,11,8,13,14,457
C009949,7,Computer,1,21,Debit Card,Female,3,4,Mobile Phone,5,Divorced,5,0,19,4,13,28,171
C009950,58,Mobile Phone,2,40,UPI,Male,2,1,Fashion,5,Divorced,7,0,29,10,5,17,257
C009951,27,Computer,3,26,Cash on Delivery,Male,3,4,Others,2,Single,3,0,15,1,13,25,467
C009952,21,Computer,1,36,E wallet,Female,5,5,Fashion,1,Single,3,1,14,3,6,14,367
C009953,28,Tablet,2,15,Debit Card,Male,5,3,Others,4,Married,1,0,19,1,14,22,289
C009954,16,Mobile Phone,1,49,E wallet,Female,1,5,Fashion,5,Divorced,3,1,17,1,3,13,362
C009955,56,Computer,1,10,UPI,Female,3,5,Fashion,1,Married,7,0,26,1,15,26,208
C009956,46,Mobile Phone,3,26,Cash on Delivery,Male,4,2,Fashion,4,Married,3,0,21,10,5,29,134
C009957,23,Mobile Phone,2,18,UPI,Male,4,6,Mobile Phone,2,Single,4,0,26,3,5,8,316
C009958,52,Mobile Phone,1,32,Cash on Delivery,Male,3,1,Laptop & Accessory,4,Married,2,0,12,6,9,29,79
C009959,20,Computer,1,43,E wallet,Male,5,1,Fashion,2,Single,7,1,26,2,2,18,444
C009960,38,Computer,3,16,Debit Card,Female,2,6,Laptop & Accessory,5,Single,4,0,4,4,1,23,164
C009961,54,Mobile Phone,1,31,Cash on Delivery,Female,3,2,Laptop & Accessory,3,Single,1,0,16,9,11,1,229
C009962,25,Mobile Phone,1,5,UPI,Male,1,2,Laptop & Accessory,3,Single,2,1,1,7,3,24,279
C009963,28,Mobile Phone,2,14,Cash on Delivery,Female,4,4,Others,5,Divorced,7,0,21,4,5,14,125
C009964,5,Tablet,2,37,E wallet,Male,1,6,Grocery,4,Single,2,1,29,4,8,13,155
C009965,56,Mobile Phone,2,20,E wallet,Female,2,1,Laptop & Accessory,3,Married,5,1,2,10,15,22,239
C009966,21,Mobile Phone,3,43,E wallet,Male,4,5,Fashion,2,Single,6,0,6,5,8,25,461
C009967,18,Mobile Phone,1,10,Debit Card,Male,4,6,Grocery,5,Married,5,0,16,8,13,10,251
C009968,47,Mobile Phone,2,29,E wallet,Female,4,4,Others,1,Married,3,0,14,1,15,5,320
C009969,6,Mobile Phone,1,24,Debit Card,Male,1,1,Mobile Phone,3,Single,2,0,6,0,12,19,465
C009970,57,Mobile Phone,2,40,Credit Card,Female,5,6,Laptop & Accessory,4,Single,2,0,2,5,12,10,168
C009971,29,Computer,3,27,Cash on Delivery,Female,1,3,Laptop & Accessory,5,Single,5,0,28,8,9,12,253
C009972,19,Computer,2,20,UPI,Female,5,5,Others,3,Married,3,0,5,10,1,30,426
C009973,33,Mobile Phone,2,5,Debit Card,Male,3,6,Fashion,3,Single,5,0,16,4,11,19,322
C009974,1,Tablet,3,34,Debit Card,Female,4,5,Fashion,5,Single,2,0,26,8,8,27,352
C009975,45,Mobile Phone,1,31,UPI,Female,1,4,Grocery,1,Single,1,0,0,1,12,11,170
C009976,3,Mobile Phone,2,6,Cash on Delivery,Male,2,1,Grocery,5,Single,5,0,16,4,14,7,491
C009977,42,Mobile Phone,3,25,E wallet,Male,2,2,Fashion,1,Married,7,0,21,8,8,18,398
C009978,21,Mobile Phone,2,13,Cash on Delivery,Male,5,3,Mobile Phone,5,Single,4,0,1,3,12,11,202
C009979,35,Computer,1,28,Debit Card,Female,5,5,Fashion,2,Divorced,6,0,25,2,15,16,446
C009980,41,Mobile Phone,1,45,E wallet,Female,4,2,Mobile Phone,2,Single,5,1,7,6,8,20,162
C009981,40,Mobile Phone,1,43,Credit Card,Female,5,2,Others,5,Single,7,0,14,10,13,26,406
C009982,3,Computer,1,46,UPI,Male,2,2,Mobile Phone,1,Single,2,0,24,4,2,18,61
C009983,25,Mobile Phone,2,11,Cash on Delivery,Male,1,2,Others,3,Single,7,0,14,3,11,26,94
C009984,45,Computer,1,34,E wallet,Female,1,4,Laptop & Accessory,5,Married,3,0,5,1,12,13,340
C009985,38,Computer,1,49,UPI,Male,5,6,Fashion,3,Single,7,0,10,1,12,29,391
C009986,45,Mobile Phone,2,6,Cash on Delivery,Female,5,6,Grocery,5,Single,6,1,8,8,2,8,128
C009987,55,Computer,2,16,Debit Card,Male,2,5,Laptop & Accessory,4,Married,2,0,26,6,5,1,312
C009988,20,Mobile Phone,2,17,Debit Card,Male,3,2,Grocery,1,Single,3,0,12,0,9,24,168
C009989,52,Mobile Phone,2,7,Debit Card,Male,1,2,Mobile Phone,4,Married,2,0,11,4,1,25,247
C009990,44,Mobile Phone,1,47,Credit Card,Male,5,1,Fashion,4,Single,4,0,10,5,5,11,222
C009991,45,Mobile Phone,1,44,Debit Card,Female,4,5,Fashion,1,Married,4,0,22,4,6,21,278
C009992,34,Tablet,1,47,Debit Card,Female,5,6,Fashion,5,Married,3,1,25,10,5,16,495
C009993,21,Mobile Phone,2,22,Debit Card,Female,5,3,Laptop & Accessory,1,Married,4,1,2,7,7,30,427
C009994,56,Mobile Phone,1,43,E wallet,Female,1,2,Others,1,Married,7,0,11,6,2,27,354
C009995,55,Computer,2,48,UPI,Female,5,4,Mobile Phone,2,Single,1,0,24,3,2,15,247
C009996,48,Mobile Phone,1,10,Credit Card,Male,4,6,Laptop & Accessory,2,Single,6,0,22,4,7,3,292
C009997,23,Mobile Phone,3,46,Cash on Delivery,Male,4,2,Laptop & Accessory,3,Married,7,0,20,2,5,18,291
C009998,6,Mobile Phone,2,31,Credit Card,Male,4,2,Others,1,Single,7,0,28,6,3,5,176
C009999,51,Computer,2,19,UPI,Male,2,6,Grocery,4,Married,1,0,27,8,11,30,132
C010000,53,Mobile Phone,3,19,Debit Card,Female,4,2,Grocery,4,Married,4,1,6,1,3,11,438
